test_topwear,method,option,canonical_selection,topwear_id,topwear_name,shirt_id,shirt_name,tie_id,tie_name,pants_id,pants_name,shoes_id,shoes_name,watch_id,watch_name,topwear_source_id,shirt_source_id,local_rule_estimate,original_compatibility,rationale
S01,baseline_curated,1,"{""suitId"":""S01"",""shirtId"":""DS009"",""state"":""T018"",""shoeId"":""shoe-5"",""watchId"":""watch-P02""}",suit-0,Dark chocolate brown solid; double-breasted; peak lapels,shirt-DS009,Brunello Cucinelli — sky-blue solid,T018,Dark brown / slate-blue paisley,,Matching suit trousers,shoe-5,Ecco Dress Shoes — Brown Oxford/Derby,watch-P02,Patek Philippe — Aquanaut Chocolate RG,S01,DS009,,9.062171,Sky blue lightens chocolate tailoring; the brown/slate-blue paisley links those two colors rather than adding a disconnected accent.
S01,baseline_curated,2,"{""suitId"":""S01"",""shirtId"":""DS035"",""state"":""T018"",""shoeId"":""shoe-4"",""watchId"":""watch-P02""}",suit-0,Dark chocolate brown solid; double-breasted; peak lapels,shirt-DS035,Zegna — ivory/off-white solid,T018,Dark brown / slate-blue paisley,,Matching suit trousers,shoe-4,Christian Louboutin Dress Shoes — Dark Brown Derby Lace-up,watch-P02,Patek Philippe — Aquanaut Chocolate RG,S01,DS035,,9.252368,Ivory lightens dark chocolate; brown/slate paisley bridges the tailoring and dark shoes.
S01,baseline_curated,3,"{""suitId"":""S01"",""shirtId"":""DS022"",""state"":""T028"",""shoeId"":""shoe-5"",""watchId"":""watch-R09""}",suit-0,Dark chocolate brown solid; double-breasted; peak lapels,shirt-DS022,Darker lavender; Solid,T028,Midnight-navy tonal paisley,,Matching suit trousers,shoe-5,Ecco Dress Shoes — Brown Oxford/Derby,watch-R09,Rolex — Datejust White Dial,S01,DS022,,9.006119,"Lavender with chocolate, a navy focal point and quiet brown lace-ups."
S01,baseline_heuristic,1,"{""suitId"":""S01"",""shirtId"":""DS029"",""state"":""T024"",""shoeId"":""shoe-4"",""watchId"":""watch-AP06""}",suit-0,Dark chocolate brown solid; double-breasted; peak lapels,shirt-DS029,Brooks Brothers 346 — ice-blue / silver-blue herringbone,T024,Royal blue / beige-gold paisley,,Matching suit trousers,shoe-4,Christian Louboutin Dress Shoes — Dark Brown Derby Lace-up,watch-AP06,"Audemars Piguet — RO Black Dial, Rose Gold",S01,DS029,9.116828,9.5075,Tie gives a clear focal point; jacket-shirt contrast need not be maximized.
S01,baseline_heuristic,2,"{""suitId"":""S01"",""shirtId"":""DS044"",""state"":""T031"",""shoeId"":""shoe-4"",""watchId"":""watch-AP06""}",suit-0,Dark chocolate brown solid; double-breasted; peak lapels,shirt-DS044,Emanuel Berg — white with navy micro-diamond / dot print,T031,Navy / purple-white regimental stripe,,Matching suit trousers,shoe-4,Christian Louboutin Dress Shoes — Dark Brown Derby Lace-up,watch-AP06,"Audemars Piguet — RO Black Dial, Rose Gold",S01,DS044,9.101622,9.338553,Tie gives a clear focal point; jacket-shirt contrast need not be maximized.
S01,baseline_heuristic,3,"{""suitId"":""S01"",""shirtId"":""DS013"",""state"":""T010"",""shoeId"":""shoe-49"",""watchId"":""watch-AP10""}",suit-0,Dark chocolate brown solid; double-breasted; peak lapels,shirt-DS013,"Tom James — cream, brown & light-blue tattersall",T010,Near-black / white spaced dots,,Matching suit trousers,shoe-49,"Berluti Dress Shoes — Alessandro Infini Alto Oxford, Venezia calf, brown patina, lug sole",watch-AP10,Audemars Piguet — RO Blue RG Bracelet,S01,DS013,9.09666,9.283421,Tie gives a clear focal point; jacket-shirt contrast need not be maximized.
S01,baseline_heuristic,4,"{""suitId"":""S01"",""shirtId"":""DS030"",""state"":""T029"",""shoeId"":""shoe-49"",""watchId"":""watch-AP10""}",suit-0,Dark chocolate brown solid; double-breasted; peak lapels,shirt-DS030,Brooks Brothers 346 — light silver-grey herringbone,T029,Navy / silver ornamental medallions,,Matching suit trousers,shoe-49,"Berluti Dress Shoes — Alessandro Infini Alto Oxford, Venezia calf, brown patina, lug sole",watch-AP10,Audemars Piguet — RO Blue RG Bracelet,S01,DS030,9.104772,9.373553,Tie gives a clear focal point; jacket-shirt contrast need not be maximized.
S01,baseline_heuristic,5,"{""suitId"":""S01"",""shirtId"":""DS025"",""state"":""T007"",""shoeId"":""shoe-5"",""watchId"":""watch-AP13""}",suit-0,Dark chocolate brown solid; double-breasted; peak lapels,shirt-DS025,Light pink; Solid,T007,Charcoal / pale-pink diagonal lattice,,Matching suit trousers,shoe-5,Ecco Dress Shoes — Brown Oxford/Derby,watch-AP13,Audemars Piguet — RO Blue RG Leather,S01,DS025,9.088087,9.188158,Tie gives a clear focal point; jacket-shirt contrast need not be maximized.
S01,baseline_heuristic,6,"{""suitId"":""S01"",""shirtId"":""DS020"",""state"":""T046"",""shoeId"":""shoe-5"",""watchId"":""watch-AP13""}",suit-0,Dark chocolate brown solid; double-breasted; peak lapels,shirt-DS020,Paul Fredrick — white / soft-pink stripe,T046,Pink / silver check,,Matching suit trousers,shoe-5,Ecco Dress Shoes — Brown Oxford/Derby,watch-AP13,Audemars Piguet — RO Blue RG Leather,S01,DS020,9.101294,9.334901,Tie gives a clear focal point; jacket-shirt contrast need not be maximized.
S01,baseline_heuristic,7,"{""suitId"":""S01"",""shirtId"":""DS026"",""state"":""T024"",""shoeId"":""shoe-6"",""watchId"":""watch-AP09""}",suit-0,Dark chocolate brown solid; double-breasted; peak lapels,shirt-DS026,Pink; Gingham,T024,Royal blue / beige-gold paisley,,Matching suit trousers,shoe-6,Allen Edmonds Dress Shoes — Brown Double Monk Strap,watch-AP09,Audemars Piguet — RO Dark Blue,S01,DS026,9.102244,9.35102,Tie gives a clear focal point; jacket-shirt contrast need not be maximized.
S01,baseline_heuristic,8,"{""suitId"":""S01"",""shirtId"":""DS014"",""state"":""T010"",""shoeId"":""shoe-6"",""watchId"":""watch-AP09""}",suit-0,Dark chocolate brown solid; double-breasted; peak lapels,shirt-DS014,White; Solid,T010,Near-black / white spaced dots,,Matching suit trousers,shoe-6,Allen Edmonds Dress Shoes — Brown Double Monk Strap,watch-AP09,Audemars Piguet — RO Dark Blue,S01,DS014,9.103301,9.362763,Tie gives a clear focal point; jacket-shirt contrast need not be maximized.
S01,baseline_heuristic,9,"{""suitId"":""S01"",""shirtId"":""DS018"",""state"":""NO_TIE"",""shoeId"":""shoe-11"",""watchId"":""watch-R09""}",suit-0,Dark chocolate brown solid; double-breasted; peak lapels,shirt-DS018,Mauve/rose; Prince of Wales/glen check,,No tie,,Matching suit trousers,shoe-11,"Gucci Loafers — Dark Espresso Brown/Oxblood Horsebit, Polished Leather",watch-R09,Rolex — Datejust White Dial,S01,DS018,9.053226,9.352368,Open collar has its own readable value/texture structure on the same quality scale; no missing-tie penalty.
S01,baseline_heuristic,10,"{""suitId"":""S01"",""shirtId"":""DS035"",""state"":""T034"",""shoeId"":""shoe-1"",""watchId"":""watch-R09""}",suit-0,Dark chocolate brown solid; double-breasted; peak lapels,shirt-DS035,Zegna — ivory/off-white solid,T034,Bronze / dark woven checkerboard,,Matching suit trousers,shoe-1,Christian Louboutin Dress Shoes — Black Single Monk,watch-R09,Rolex — Datejust White Dial,S01,DS035,9.062066,9.362928,Tie gives a clear focal point; jacket-shirt contrast need not be maximized.
S01,baseline_heuristic,11,"{""suitId"":""S01"",""shirtId"":""DS006"",""state"":""T033"",""shoeId"":""shoe-1"",""watchId"":""watch-R11""}",suit-0,Dark chocolate brown solid; double-breasted; peak lapels,shirt-DS006,Brunello Cucinelli — light blue solid,T033,Dark navy / blue-gold monogram,,Matching suit trousers,shoe-1,Christian Louboutin Dress Shoes — Black Single Monk,watch-R11,Rolex — Day-Date Green,S01,DS006,9.10081,9.393421,Tie gives a clear focal point; jacket-shirt contrast need not be maximized.
S01,baseline_heuristic,12,"{""suitId"":""S01"",""shirtId"":""DS010"",""state"":""T044"",""shoeId"":""shoe-2"",""watchId"":""watch-R11""}",suit-0,Dark chocolate brown solid; double-breasted; peak lapels,shirt-DS010,Paul Fredrick — light-grey houndstooth,T044,Silver-grey tonal floral-paisley,,Matching suit trousers,shoe-2,Berluti Dress Shoes — Black Double Monk,watch-R11,Rolex — Day-Date Green,S01,DS010,9.076981,9.128651,Tie gives a clear focal point; jacket-shirt contrast need not be maximized.
S01,baseline_heuristic,13,"{""suitId"":""S01"",""shirtId"":""DS044"",""state"":""T017"",""shoeId"":""shoe-2"",""watchId"":""watch-R13""}",suit-0,Dark chocolate brown solid; double-breasted; peak lapels,shirt-DS044,Emanuel Berg — white with navy micro-diamond / dot print,T017,Pale blue / white paisley,,Matching suit trousers,shoe-2,Berluti Dress Shoes — Black Double Monk,watch-R13,Rolex — Day-Date Champagne,S01,DS044,9.099114,9.374572,Tie gives a clear focal point; jacket-shirt contrast need not be maximized.
S01,baseline_heuristic,14,"{""suitId"":""S01"",""shirtId"":""DS013"",""state"":""NO_TIE"",""shoeId"":""shoe-11"",""watchId"":""watch-R13""}",suit-0,Dark chocolate brown solid; double-breasted; peak lapels,shirt-DS013,"Tom James — cream, brown & light-blue tattersall",,No tie,,Matching suit trousers,shoe-11,"Gucci Loafers — Dark Espresso Brown/Oxblood Horsebit, Polished Leather",watch-R13,Rolex — Day-Date Champagne,S01,DS013,9.092305,9.386579,Open collar has its own readable value/texture structure on the same quality scale; no missing-tie penalty.
S01,baseline_heuristic,15,"{""suitId"":""S01"",""shirtId"":""DS029"",""state"":""T006"",""shoeId"":""shoe-3"",""watchId"":""watch-R14""}",suit-0,Dark chocolate brown solid; double-breasted; peak lapels,shirt-DS029,Brooks Brothers 346 — ice-blue / silver-blue herringbone,T006,Dark ground / blue-gold floral,,Matching suit trousers,shoe-3,Ecco Dress Shoes — Black Oxford/Derby,watch-R14,Rolex — Day-Date White Roman,S01,DS029,9.106814,9.460132,Tie gives a clear focal point; jacket-shirt contrast need not be maximized.
S01,research,1,"{""suitId"":""S01"",""shirtId"":""DS006"",""state"":""T018"",""shoeId"":""shoe-4"",""watchId"":""watch-AP06""}",suit-0,Dark chocolate brown solid; double-breasted; peak lapels,shirt-DS006,Brunello Cucinelli — light blue solid,T018,Dark brown / slate-blue paisley,,Matching suit trousers,shoe-4,Christian Louboutin Dress Shoes — Dark Brown Derby Lace-up,watch-AP06,"Audemars Piguet — RO Black Dial, Rose Gold",S01,DS006,9.436301,9.162237,"The tie is deeper than the shirt, giving a readable focal point. A recorded accent links the tie to another garment."
S01,research,2,"{""suitId"":""S01"",""shirtId"":""DS017"",""state"":""T021"",""shoeId"":""shoe-4"",""watchId"":""watch-AP06""}",suit-0,Dark chocolate brown solid; double-breasted; peak lapels,shirt-DS017,Brioni — cream/stone solid,T021,Dark navy / gold medallions,,Matching suit trousers,shoe-4,Christian Louboutin Dress Shoes — Dark Brown Derby Lace-up,watch-AP06,"Audemars Piguet — RO Black Dial, Rose Gold",S01,DS017,9.35955,9.281184,"The tie is deeper than the shirt, giving a readable focal point."
S01,research,3,"{""suitId"":""S01"",""shirtId"":""DS007"",""state"":""T018"",""shoeId"":""shoe-1"",""watchId"":""watch-AP10""}",suit-0,Dark chocolate brown solid; double-breasted; peak lapels,shirt-DS007,Paul Fredrick — Light blue micro-check,T018,Dark brown / slate-blue paisley,,Matching suit trousers,shoe-1,Christian Louboutin Dress Shoes — Black Single Monk,watch-AP10,Audemars Piguet — RO Blue RG Bracelet,S01,DS007,9.418301,9.162237,"The tie is deeper than the shirt, giving a readable focal point. A recorded accent links the tie to another garment."
S01,research,4,"{""suitId"":""S01"",""shirtId"":""DS035"",""state"":""T023"",""shoeId"":""shoe-1"",""watchId"":""watch-AP10""}",suit-0,Dark chocolate brown solid; double-breasted; peak lapels,shirt-DS035,Zegna — ivory/off-white solid,T023,Burgundy / blue paisley,,Matching suit trousers,shoe-1,Christian Louboutin Dress Shoes — Black Single Monk,watch-AP10,Audemars Piguet — RO Blue RG Bracelet,S01,DS035,9.320332,9.270658,"The tie is deeper than the shirt, giving a readable focal point. Pattern scale and prominence leave a clear visual hierarchy."
S01,research,5,"{""suitId"":""S01"",""shirtId"":""DS009"",""state"":""T025"",""shoeId"":""shoe-2"",""watchId"":""watch-AP13""}",suit-0,Dark chocolate brown solid; double-breasted; peak lapels,shirt-DS009,Brunello Cucinelli — sky-blue solid,T025,Muted slate-brown / wine paisley,,Matching suit trousers,shoe-2,Berluti Dress Shoes — Black Double Monk,watch-AP13,Audemars Piguet — RO Blue RG Leather,S01,DS009,9.385916,9.004671,"The tie is deeper than the shirt, giving a readable focal point."
S01,research,6,"{""suitId"":""S01"",""shirtId"":""DS029"",""state"":""T005"",""shoeId"":""shoe-2"",""watchId"":""watch-AP13""}",suit-0,Dark chocolate brown solid; double-breasted; peak lapels,shirt-DS029,Brooks Brothers 346 — ice-blue / silver-blue herringbone,T005,Dark brown / gold medallions,,Matching suit trousers,shoe-2,Berluti Dress Shoes — Black Double Monk,watch-AP13,Audemars Piguet — RO Blue RG Leather,S01,DS029,9.359764,9.209737,"The tie is deeper than the shirt, giving a readable focal point."
S01,research,7,"{""suitId"":""S01"",""shirtId"":""DS028"",""state"":""T023"",""shoeId"":""shoe-3"",""watchId"":""watch-AP09""}",suit-0,Dark chocolate brown solid; double-breasted; peak lapels,shirt-DS028,Tom James — very pale-blue birdseye / micro-check,T023,Burgundy / blue paisley,,Matching suit trousers,shoe-3,Ecco Dress Shoes — Black Oxford/Derby,watch-AP09,Audemars Piguet — RO Dark Blue,S01,DS028,9.337166,9.250526,"The tie is deeper than the shirt, giving a readable focal point. Pattern scale and prominence leave a clear visual hierarchy. A recorded accent links the tie to another garment."
S01,research,8,"{""suitId"":""S01"",""shirtId"":""DS035"",""state"":""T021"",""shoeId"":""shoe-3"",""watchId"":""watch-AP09""}",suit-0,Dark chocolate brown solid; double-breasted; peak lapels,shirt-DS035,Zegna — ivory/off-white solid,T021,Dark navy / gold medallions,,Matching suit trousers,shoe-3,Ecco Dress Shoes — Black Oxford/Derby,watch-AP09,Audemars Piguet — RO Dark Blue,S01,DS035,9.323206,9.386184,"The tie is deeper than the shirt, giving a readable focal point."
S01,research,9,"{""suitId"":""S01"",""shirtId"":""DS029"",""state"":""T025"",""shoeId"":""shoe-11"",""watchId"":""watch-R09""}",suit-0,Dark chocolate brown solid; double-breasted; peak lapels,shirt-DS029,Brooks Brothers 346 — ice-blue / silver-blue herringbone,T025,Muted slate-brown / wine paisley,,Matching suit trousers,shoe-11,"Gucci Loafers — Dark Espresso Brown/Oxblood Horsebit, Polished Leather",watch-R09,Rolex — Datejust White Dial,S01,DS029,9.378682,9.244737,"The tie is deeper than the shirt, giving a readable focal point."
S01,research,10,"{""suitId"":""S01"",""shirtId"":""DS045"",""state"":""T004"",""shoeId"":""shoe-11"",""watchId"":""watch-R09""}",suit-0,Dark chocolate brown solid; double-breasted; peak lapels,shirt-DS045,Emanuel Berg — blue / white Bengal stripe,T004,Burnt-orange near-solid geometric,,Matching suit trousers,shoe-11,"Gucci Loafers — Dark Espresso Brown/Oxblood Horsebit, Polished Leather",watch-R09,Rolex — Datejust White Dial,S01,DS045,9.214173,9.230987,"The tie is deeper than the shirt, giving a readable focal point."
S01,research,11,"{""suitId"":""S01"",""shirtId"":""DS028"",""state"":""T002"",""shoeId"":""shoe-14"",""watchId"":""watch-R11""}",suit-0,Dark chocolate brown solid; double-breasted; peak lapels,shirt-DS028,Tom James — very pale-blue birdseye / micro-check,T002,Tobacco / blue medallion grid,,Matching suit trousers,shoe-14,"Hermes Loafers — Cognac/Chestnut Kelly Hardware, Dark Espresso Patina",watch-R11,Rolex — Day-Date Green,S01,DS028,9.344706,9.063421,"The tie is deeper than the shirt, giving a readable focal point. A recorded accent links the tie to another garment."
S01,research,12,"{""suitId"":""S01"",""shirtId"":""DS005"",""state"":""T022"",""shoeId"":""shoe-14"",""watchId"":""watch-R11""}",suit-0,Dark chocolate brown solid; double-breasted; peak lapels,shirt-DS005,Cream/off-white; Visually near-solid; subtle windowpane metadata retained,T022,Deep navy tonal honeycomb,,Matching suit trousers,shoe-14,"Hermes Loafers — Cognac/Chestnut Kelly Hardware, Dark Espresso Patina",watch-R11,Rolex — Day-Date Green,S01,DS005,9.319705,9.206053,"The tie is deeper than the shirt, giving a readable focal point. Pattern scale and prominence leave a clear visual hierarchy."
S01,research,13,"{""suitId"":""S01"",""shirtId"":""DS007"",""state"":""T005"",""shoeId"":""shoe-5"",""watchId"":""watch-R13""}",suit-0,Dark chocolate brown solid; double-breasted; peak lapels,shirt-DS007,Paul Fredrick — Light blue micro-check,T005,Dark brown / gold medallions,,Matching suit trousers,shoe-5,Ecco Dress Shoes — Brown Oxford/Derby,watch-R13,Rolex — Day-Date Champagne,S01,DS007,9.348564,9.069737,"The tie is deeper than the shirt, giving a readable focal point."
S01,research,14,"{""suitId"":""S01"",""shirtId"":""DS006"",""state"":""T039"",""shoeId"":""shoe-5"",""watchId"":""watch-R13""}",suit-0,Dark chocolate brown solid; double-breasted; peak lapels,shirt-DS006,Brunello Cucinelli — light blue solid,T039,Navy / light-blue floral,,Matching suit trousers,shoe-5,Ecco Dress Shoes — Brown Oxford/Derby,watch-R13,Rolex — Day-Date Champagne,S01,DS006,9.319923,9.393421,"The tie is deeper than the shirt, giving a readable focal point. Pattern scale and prominence leave a clear visual hierarchy. A recorded accent links the tie to another garment."
S01,research,15,"{""suitId"":""S01"",""shirtId"":""DS005"",""state"":""T029"",""shoeId"":""shoe-6"",""watchId"":""watch-R14""}",suit-0,Dark chocolate brown solid; double-breasted; peak lapels,shirt-DS005,Cream/off-white; Visually near-solid; subtle windowpane metadata retained,T029,Navy / silver ornamental medallions,,Matching suit trousers,shoe-6,Allen Edmonds Dress Shoes — Brown Double Monk Strap,watch-R14,Rolex — Day-Date White Roman,S01,DS005,9.325304,9.176053,"The tie is deeper than the shirt, giving a readable focal point."
S02,baseline_curated,1,"{""suitId"":""S02"",""shirtId"":""DS006"",""state"":""T020"",""shoeId"":""shoe-4"",""watchId"":""watch-P05""}",suit-1,Warm charcoal brown Prince of Wales / glen plaid,shirt-DS006,Brunello Cucinelli — light blue solid,T020,Navy / burgundy-tan paisley,,Matching suit trousers,shoe-4,Christian Louboutin Dress Shoes — Dark Brown Derby Lace-up,watch-P05,Patek Philippe — Nautilus 5712,S02,DS006,,8.666184,A pale blue foundation and organic tie separate the grey-brown glen pattern.
S02,baseline_curated,2,"{""suitId"":""S02"",""shirtId"":""DS017"",""state"":""T025"",""shoeId"":""shoe-11"",""watchId"":""watch-P07""}",suit-1,Warm charcoal brown Prince of Wales / glen plaid,shirt-DS017,Brioni — cream/stone solid,T025,Muted slate-brown / wine paisley,,Matching suit trousers,shoe-11,"Gucci Loafers — Dark Espresso Brown/Oxblood Horsebit, Polished Leather",watch-P07,Patek Philippe — Nautilus Black Leather,S02,DS017,,8.861316,Cream and slate/wine paisley keep warm checked tailoring coherent rather than harsh.
S02,baseline_heuristic,1,"{""suitId"":""S02"",""shirtId"":""DS030"",""state"":""T044"",""shoeId"":""shoe-1"",""watchId"":""watch-AP09""}",suit-1,Warm charcoal brown Prince of Wales / glen plaid,shirt-DS030,Brooks Brothers 346 — light silver-grey herringbone,T044,Silver-grey tonal floral-paisley,,Matching suit trousers,shoe-1,Christian Louboutin Dress Shoes — Black Single Monk,watch-AP09,Audemars Piguet — RO Dark Blue,S02,DS030,9.100713,9.392335,Tie gives a clear focal point; jacket-shirt contrast need not be maximized.
S02,baseline_heuristic,2,"{""suitId"":""S02"",""shirtId"":""DS044"",""state"":""T028"",""shoeId"":""shoe-1"",""watchId"":""watch-AP09""}",suit-1,Warm charcoal brown Prince of Wales / glen plaid,shirt-DS044,Emanuel Berg — white with navy micro-diamond / dot print,T028,Midnight-navy tonal paisley,,Matching suit trousers,shoe-1,Christian Louboutin Dress Shoes — Black Single Monk,watch-AP09,Audemars Piguet — RO Dark Blue,S02,DS044,9.0911,9.285526,Tie gives a clear focal point; jacket-shirt contrast need not be maximized.
S02,baseline_heuristic,3,"{""suitId"":""S02"",""shirtId"":""DS037"",""state"":""T010"",""shoeId"":""shoe-2"",""watchId"":""watch-R09""}",suit-1,Warm charcoal brown Prince of Wales / glen plaid,shirt-DS037,Loewe — taupe/medium-brown solid,T010,Near-black / white spaced dots,,Matching suit trousers,shoe-2,Berluti Dress Shoes — Black Double Monk,watch-R09,Rolex — Datejust White Dial,S02,DS037,9.076554,9.123914,Tie gives a clear focal point; jacket-shirt contrast need not be maximized.
S02,baseline_heuristic,4,"{""suitId"":""S02"",""shirtId"":""DS035"",""state"":""T001"",""shoeId"":""shoe-2"",""watchId"":""watch-R09""}",suit-1,Warm charcoal brown Prince of Wales / glen plaid,shirt-DS035,Zegna — ivory/off-white solid,T001,Taupe horsebit,,Matching suit trousers,shoe-2,Berluti Dress Shoes — Black Double Monk,watch-R09,Rolex — Datejust White Dial,S02,DS035,9.087163,9.241776,Tie gives a clear focal point; jacket-shirt contrast need not be maximized.
S02,baseline_heuristic,5,"{""suitId"":""S02"",""shirtId"":""DS020"",""state"":""T045"",""shoeId"":""shoe-3"",""watchId"":""watch-R11""}",suit-1,Warm charcoal brown Prince of Wales / glen plaid,shirt-DS020,Paul Fredrick — white / soft-pink stripe,T045,Pale pink / blue micro-dot,,Matching suit trousers,shoe-3,Ecco Dress Shoes — Black Oxford/Derby,watch-R11,Rolex — Day-Date Green,S02,DS020,9.084305,9.210033,Tie gives a clear focal point; jacket-shirt contrast need not be maximized.
S02,baseline_heuristic,6,"{""suitId"":""S02"",""shirtId"":""DS019"",""state"":""T028"",""shoeId"":""shoe-3"",""watchId"":""watch-R11""}",suit-1,Warm charcoal brown Prince of Wales / glen plaid,shirt-DS019,Chestnut/warm mid-brown; Solid,T028,Midnight-navy tonal paisley,,Matching suit trousers,shoe-3,Ecco Dress Shoes — Black Oxford/Derby,watch-R11,Rolex — Day-Date Green,S02,DS019,9.071046,9.062697,Tie gives a clear focal point; jacket-shirt contrast need not be maximized.
S02,baseline_heuristic,7,"{""suitId"":""S02"",""shirtId"":""DS036"",""state"":""T043"",""shoeId"":""shoe-4"",""watchId"":""watch-R13""}",suit-1,Warm charcoal brown Prince of Wales / glen plaid,shirt-DS036,Zegna — chocolate-brown solid,T043,Black / muted pale floral outline,,Matching suit trousers,shoe-4,Christian Louboutin Dress Shoes — Dark Brown Derby Lace-up,watch-R13,Rolex — Day-Date Champagne,S02,DS036,9.066001,9.035822,Tie gives a clear focal point; jacket-shirt contrast need not be maximized.
S02,baseline_heuristic,8,"{""suitId"":""S02"",""shirtId"":""DS029"",""state"":""T024"",""shoeId"":""shoe-4"",""watchId"":""watch-R13""}",suit-1,Warm charcoal brown Prince of Wales / glen plaid,shirt-DS029,Brooks Brothers 346 — ice-blue / silver-blue herringbone,T024,Royal blue / beige-gold paisley,,Matching suit trousers,shoe-4,Christian Louboutin Dress Shoes — Dark Brown Derby Lace-up,watch-R13,Rolex — Day-Date Champagne,S02,DS029,9.066189,9.037895,Tie gives a clear focal point; jacket-shirt contrast need not be maximized.
S02,baseline_heuristic,9,"{""suitId"":""S02"",""shirtId"":""DS014"",""state"":""T010"",""shoeId"":""shoe-49"",""watchId"":""watch-R14""}",suit-1,Warm charcoal brown Prince of Wales / glen plaid,shirt-DS014,White; Solid,T010,Near-black / white spaced dots,,Matching suit trousers,shoe-49,"Berluti Dress Shoes — Alessandro Infini Alto Oxford, Venezia calf, brown patina, lug sole",watch-R14,Rolex — Day-Date White Roman,S02,DS014,9.089091,9.292368,Tie gives a clear focal point; jacket-shirt contrast need not be maximized.
S02,baseline_heuristic,10,"{""suitId"":""S02"",""shirtId"":""DS016"",""state"":""NO_TIE"",""shoeId"":""shoe-13"",""watchId"":""watch-R14""}",suit-1,Warm charcoal brown Prince of Wales / glen plaid,shirt-DS016,Brioni — tan/beige,,No tie,,Matching suit trousers,shoe-13,Hermes Loafers — Black Kelly Hardware,watch-R14,Rolex — Day-Date White Roman,S02,DS016,9.041818,9.283947,Open collar has its own readable value/texture structure on the same quality scale; no missing-tie penalty.
S02,baseline_heuristic,11,"{""suitId"":""S02"",""shirtId"":""DS025"",""state"":""T030"",""shoeId"":""shoe-49"",""watchId"":""watch-AP06""}",suit-1,Warm charcoal brown Prince of Wales / glen plaid,shirt-DS025,Light pink; Solid,T030,Aubergine tonal geometric,,Matching suit trousers,shoe-49,"Berluti Dress Shoes — Alessandro Infini Alto Oxford, Venezia calf, brown patina, lug sole",watch-AP06,"Audemars Piguet — RO Black Dial, Rose Gold",S02,DS025,9.054925,9.340526,Tie gives a clear focal point; jacket-shirt contrast need not be maximized.
S02,baseline_heuristic,12,"{""suitId"":""S02"",""shirtId"":""DS017"",""state"":""T001"",""shoeId"":""shoe-5"",""watchId"":""watch-AP06""}",suit-1,Warm charcoal brown Prince of Wales / glen plaid,shirt-DS017,Brioni — cream/stone solid,T001,Taupe horsebit,,Matching suit trousers,shoe-5,Ecco Dress Shoes — Brown Oxford/Derby,watch-AP06,"Audemars Piguet — RO Black Dial, Rose Gold",S02,DS017,9.078888,9.206776,Tie gives a clear focal point; jacket-shirt contrast need not be maximized.
S02,baseline_heuristic,13,"{""suitId"":""S02"",""shirtId"":""DS008"",""state"":""T044"",""shoeId"":""shoe-5"",""watchId"":""watch-AP10""}",suit-1,Warm charcoal brown Prince of Wales / glen plaid,shirt-DS008,Brunello Cucinelli — White with thin horizontal stripe,T044,Silver-grey tonal floral-paisley,,Matching suit trousers,shoe-5,Ecco Dress Shoes — Brown Oxford/Derby,watch-AP10,Audemars Piguet — RO Blue RG Bracelet,S02,DS008,9.082274,9.244408,Tie gives a clear focal point; jacket-shirt contrast need not be maximized.
S02,baseline_heuristic,14,"{""suitId"":""S02"",""shirtId"":""DS006"",""state"":""T033"",""shoeId"":""shoe-6"",""watchId"":""watch-AP10""}",suit-1,Warm charcoal brown Prince of Wales / glen plaid,shirt-DS006,Brunello Cucinelli — light blue solid,T033,Dark navy / blue-gold monogram,,Matching suit trousers,shoe-6,Allen Edmonds Dress Shoes — Brown Double Monk Strap,watch-AP10,Audemars Piguet — RO Blue RG Bracelet,S02,DS006,9.073263,9.144276,Tie gives a clear focal point; jacket-shirt contrast need not be maximized.
S02,baseline_heuristic,15,"{""suitId"":""S02"",""shirtId"":""DS037"",""state"":""T022"",""shoeId"":""shoe-6"",""watchId"":""watch-AP13""}",suit-1,Warm charcoal brown Prince of Wales / glen plaid,shirt-DS037,Loewe — taupe/medium-brown solid,T022,Deep navy tonal honeycomb,,Matching suit trousers,shoe-6,Allen Edmonds Dress Shoes — Brown Double Monk Strap,watch-AP13,Audemars Piguet — RO Blue RG Leather,S02,DS037,9.069071,9.097697,Tie gives a clear focal point; jacket-shirt contrast need not be maximized.
S02,research,1,"{""suitId"":""S02"",""shirtId"":""DS006"",""state"":""T018"",""shoeId"":""shoe-4"",""watchId"":""watch-AP06""}",suit-1,Warm charcoal brown Prince of Wales / glen plaid,shirt-DS006,Brunello Cucinelli — light blue solid,T018,Dark brown / slate-blue paisley,,Matching suit trousers,shoe-4,Christian Louboutin Dress Shoes — Dark Brown Derby Lace-up,watch-AP06,"Audemars Piguet — RO Black Dial, Rose Gold",S02,DS006,9.36699,8.742368,"The tie is deeper than the shirt, giving a readable focal point. A recorded accent links the tie to another garment."
S02,research,2,"{""suitId"":""S02"",""shirtId"":""DS017"",""state"":""T021"",""shoeId"":""shoe-4"",""watchId"":""watch-AP06""}",suit-1,Warm charcoal brown Prince of Wales / glen plaid,shirt-DS017,Brioni — cream/stone solid,T021,Dark navy / gold medallions,,Matching suit trousers,shoe-4,Christian Louboutin Dress Shoes — Dark Brown Derby Lace-up,watch-AP06,"Audemars Piguet — RO Black Dial, Rose Gold",S02,DS017,9.342482,8.736184,"The tie is deeper than the shirt, giving a readable focal point."
S02,research,3,"{""suitId"":""S02"",""shirtId"":""DS025"",""state"":""T030"",""shoeId"":""shoe-1"",""watchId"":""watch-AP10""}",suit-1,Warm charcoal brown Prince of Wales / glen plaid,shirt-DS025,Light pink; Solid,T030,Aubergine tonal geometric,,Matching suit trousers,shoe-1,Christian Louboutin Dress Shoes — Black Single Monk,watch-AP10,Audemars Piguet — RO Blue RG Bracelet,S02,DS025,9.259481,9.340526,"The tie is deeper than the shirt, giving a readable focal point. Pattern scale and prominence leave a clear visual hierarchy."
S02,research,4,"{""suitId"":""S02"",""shirtId"":""DS035"",""state"":""T023"",""shoeId"":""shoe-1"",""watchId"":""watch-AP10""}",suit-1,Warm charcoal brown Prince of Wales / glen plaid,shirt-DS035,Zegna — ivory/off-white solid,T023,Burgundy / blue paisley,,Matching suit trousers,shoe-1,Christian Louboutin Dress Shoes — Black Single Monk,watch-AP10,Audemars Piguet — RO Blue RG Bracelet,S02,DS035,9.279911,8.995131,"The tie is deeper than the shirt, giving a readable focal point. Pattern scale and prominence leave a clear visual hierarchy."
S02,research,5,"{""suitId"":""S02"",""shirtId"":""DS007"",""state"":""T018"",""shoeId"":""shoe-2"",""watchId"":""watch-AP13""}",suit-1,Warm charcoal brown Prince of Wales / glen plaid,shirt-DS007,Paul Fredrick — Light blue micro-check,T018,Dark brown / slate-blue paisley,,Matching suit trousers,shoe-2,Berluti Dress Shoes — Black Double Monk,watch-AP13,Audemars Piguet — RO Blue RG Leather,S02,DS007,9.34899,8.742368,"The tie is deeper than the shirt, giving a readable focal point. A recorded accent links the tie to another garment."
S02,research,6,"{""suitId"":""S02"",""shirtId"":""DS005"",""state"":""T022"",""shoeId"":""shoe-2"",""watchId"":""watch-AP13""}",suit-1,Warm charcoal brown Prince of Wales / glen plaid,shirt-DS005,Cream/off-white; Visually near-solid; subtle windowpane metadata retained,T022,Deep navy tonal honeycomb,,Matching suit trousers,shoe-2,Berluti Dress Shoes — Black Double Monk,watch-AP13,Audemars Piguet — RO Blue RG Leather,S02,DS005,9.321421,9.193026,"The tie is deeper than the shirt, giving a readable focal point. Pattern scale and prominence leave a clear visual hierarchy."
S02,research,7,"{""suitId"":""S02"",""shirtId"":""DS035"",""state"":""T029"",""shoeId"":""shoe-3"",""watchId"":""watch-AP09""}",suit-1,Warm charcoal brown Prince of Wales / glen plaid,shirt-DS035,Zegna — ivory/off-white solid,T029,Navy / silver ornamental medallions,,Matching suit trousers,shoe-3,Ecco Dress Shoes — Black Oxford/Derby,watch-AP09,Audemars Piguet — RO Dark Blue,S02,DS035,9.30644,8.860526,"The tie is deeper than the shirt, giving a readable focal point."
S02,research,8,"{""suitId"":""S02"",""shirtId"":""DS009"",""state"":""T025"",""shoeId"":""shoe-3"",""watchId"":""watch-AP09""}",suit-1,Warm charcoal brown Prince of Wales / glen plaid,shirt-DS009,Brunello Cucinelli — sky-blue solid,T025,Muted slate-brown / wine paisley,,Matching suit trousers,shoe-3,Ecco Dress Shoes — Black Oxford/Derby,watch-AP09,Audemars Piguet — RO Dark Blue,S02,DS009,9.329702,8.739441,"The tie is deeper than the shirt, giving a readable focal point. A recorded accent links the tie to another garment."
S02,research,9,"{""suitId"":""S02"",""shirtId"":""DS005"",""state"":""T021"",""shoeId"":""shoe-11"",""watchId"":""watch-R09""}",suit-1,Warm charcoal brown Prince of Wales / glen plaid,shirt-DS005,Cream/off-white; Visually near-solid; subtle windowpane metadata retained,T021,Dark navy / gold medallions,,Matching suit trousers,shoe-11,"Gucci Loafers — Dark Espresso Brown/Oxblood Horsebit, Polished Leather",watch-R09,Rolex — Datejust White Dial,S02,DS005,9.317985,8.666184,"The tie is deeper than the shirt, giving a readable focal point."
S02,research,10,"{""suitId"":""S02"",""shirtId"":""DS029"",""state"":""T025"",""shoeId"":""shoe-11"",""watchId"":""watch-R09""}",suit-1,Warm charcoal brown Prince of Wales / glen plaid,shirt-DS029,Brooks Brothers 346 — ice-blue / silver-blue herringbone,T025,Muted slate-brown / wine paisley,,Matching suit trousers,shoe-11,"Gucci Loafers — Dark Espresso Brown/Oxblood Horsebit, Polished Leather",watch-R09,Rolex — Datejust White Dial,S02,DS029,9.321883,8.903816,"The tie is deeper than the shirt, giving a readable focal point. A recorded accent links the tie to another garment."
S02,research,11,"{""suitId"":""S02"",""shirtId"":""DS017"",""state"":""T022"",""shoeId"":""shoe-14"",""watchId"":""watch-R11""}",suit-1,Warm charcoal brown Prince of Wales / glen plaid,shirt-DS017,Brioni — cream/stone solid,T022,Deep navy tonal honeycomb,,Matching suit trousers,shoe-14,"Hermes Loafers — Cognac/Chestnut Kelly Hardware, Dark Espresso Patina",watch-R11,Rolex — Day-Date Green,S02,DS017,9.316569,9.228026,"The tie is deeper than the shirt, giving a readable focal point. Pattern scale and prominence leave a clear visual hierarchy."
S02,research,12,"{""suitId"":""S02"",""shirtId"":""DS028"",""state"":""T005"",""shoeId"":""shoe-14"",""watchId"":""watch-R11""}",suit-1,Warm charcoal brown Prince of Wales / glen plaid,shirt-DS028,Tom James — very pale-blue birdseye / micro-check,T005,Dark brown / gold medallions,,Matching suit trousers,shoe-14,"Hermes Loafers — Cognac/Chestnut Kelly Hardware, Dark Espresso Patina",watch-R11,Rolex — Day-Date Green,S02,DS028,9.295781,8.754868,"The tie is deeper than the shirt, giving a readable focal point. A recorded accent links the tie to another garment."
S02,research,13,"{""suitId"":""S02"",""shirtId"":""DS028"",""state"":""T023"",""shoeId"":""shoe-5"",""watchId"":""watch-R13""}",suit-1,Warm charcoal brown Prince of Wales / glen plaid,shirt-DS028,Tom James — very pale-blue birdseye / micro-check,T023,Burgundy / blue paisley,,Matching suit trousers,shoe-5,Ecco Dress Shoes — Brown Oxford/Derby,watch-R13,Rolex — Day-Date Champagne,S02,DS028,9.260312,8.920132,"The tie is deeper than the shirt, giving a readable focal point. Pattern scale and prominence leave a clear visual hierarchy. A recorded accent links the tie to another garment."
S02,research,14,"{""suitId"":""S02"",""shirtId"":""DS006"",""state"":""T033"",""shoeId"":""shoe-5"",""watchId"":""watch-R13""}",suit-1,Warm charcoal brown Prince of Wales / glen plaid,shirt-DS006,Brunello Cucinelli — light blue solid,T033,Dark navy / blue-gold monogram,,Matching suit trousers,shoe-5,Ecco Dress Shoes — Brown Oxford/Derby,watch-R13,Rolex — Day-Date Champagne,S02,DS006,9.255433,9.144276,"The tie is deeper than the shirt, giving a readable focal point. Pattern scale and prominence leave a clear visual hierarchy. A recorded accent links the tie to another garment."
S02,research,15,"{""suitId"":""S02"",""shirtId"":""DS007"",""state"":""T005"",""shoeId"":""shoe-6"",""watchId"":""watch-R14""}",suit-1,Warm charcoal brown Prince of Wales / glen plaid,shirt-DS007,Paul Fredrick — Light blue micro-check,T005,Dark brown / gold medallions,,Matching suit trousers,shoe-6,Allen Edmonds Dress Shoes — Brown Double Monk Strap,watch-R14,Rolex — Day-Date White Roman,S02,DS007,9.290529,8.649868,"The tie is deeper than the shirt, giving a readable focal point. A recorded accent links the tie to another garment."
S03,baseline_curated,1,"{""suitId"":""S03"",""shirtId"":""DS006"",""state"":""T028"",""shoeId"":""shoe-6"",""watchId"":""watch-R09""}",suit-2,Mushroom beige / warm greige solid,shirt-DS006,Brunello Cucinelli — light blue solid,T028,Midnight-navy tonal paisley,,Matching suit trousers,shoe-6,Allen Edmonds Dress Shoes — Brown Double Monk Strap,watch-R09,Rolex — Datejust White Dial,S03,DS006,,9.295921,Muted beige and light blue with a dark-navy focal point. The quieter shirt/tie keeps the warm light suit central.
S03,baseline_curated,2,"{""suitId"":""S03"",""shirtId"":""DS035"",""state"":""T022"",""shoeId"":""shoe-6"",""watchId"":""watch-P02""}",suit-2,Mushroom beige / warm greige solid,shirt-DS035,Zegna — ivory/off-white solid,T022,Deep navy tonal honeycomb,,Matching suit trousers,shoe-6,Allen Edmonds Dress Shoes — Brown Double Monk Strap,watch-P02,Patek Philippe — Aquanaut Chocolate RG,S03,DS035,,9.346053,Ivory and beige are deliberately tonal; dark navy gives the neck a defined focal point.
S03,baseline_curated,3,"{""suitId"":""S03"",""shirtId"":""DS022"",""state"":""T018"",""shoeId"":""shoe-4"",""watchId"":""watch-P05""}",suit-2,Mushroom beige / warm greige solid,shirt-DS022,Darker lavender; Solid,T018,Dark brown / slate-blue paisley,,Matching suit trousers,shoe-4,Christian Louboutin Dress Shoes — Dark Brown Derby Lace-up,watch-P05,Patek Philippe — Nautilus 5712,S03,DS022,,8.906184,Lavender and beige with a muted brown/slate tie instead of a second bright accent.
S03,baseline_heuristic,1,"{""suitId"":""S03"",""shirtId"":""DS029"",""state"":""T024"",""shoeId"":""shoe-4"",""watchId"":""watch-AP06""}",suit-2,Mushroom beige / warm greige solid,shirt-DS029,Brooks Brothers 346 — ice-blue / silver-blue herringbone,T024,Royal blue / beige-gold paisley,,Matching suit trousers,shoe-4,Christian Louboutin Dress Shoes — Dark Brown Derby Lace-up,watch-AP06,"Audemars Piguet — RO Black Dial, Rose Gold",S03,DS029,9.116828,9.5075,Tie gives a clear focal point; jacket-shirt contrast need not be maximized.
S03,baseline_heuristic,2,"{""suitId"":""S03"",""shirtId"":""DS027"",""state"":""T010"",""shoeId"":""shoe-4"",""watchId"":""watch-AP06""}",suit-2,Mushroom beige / warm greige solid,shirt-DS027,White/light ground; Bengal stripe,T010,Near-black / white spaced dots,,Matching suit trousers,shoe-4,Christian Louboutin Dress Shoes — Dark Brown Derby Lace-up,watch-AP06,"Audemars Piguet — RO Black Dial, Rose Gold",S03,DS027,9.105447,9.381053,Tie gives a clear focal point; jacket-shirt contrast need not be maximized.
S03,baseline_heuristic,3,"{""suitId"":""S03"",""shirtId"":""DS002"",""state"":""NO_TIE"",""shoeId"":""shoe-11"",""watchId"":""watch-AP10""}",suit-2,Mushroom beige / warm greige solid,shirt-DS002,DS002 - source-repaired collar/body pilot,,No tie,,Matching suit trousers,shoe-11,"Gucci Loafers — Dark Espresso Brown/Oxblood Horsebit, Polished Leather",watch-AP10,Audemars Piguet — RO Blue RG Bracelet,S03,DS002,9.092805,9.386579,Open collar has its own readable value/texture structure on the same quality scale; no missing-tie penalty.
S03,baseline_heuristic,4,"{""suitId"":""S03"",""shirtId"":""DS030"",""state"":""T029"",""shoeId"":""shoe-49"",""watchId"":""watch-AP10""}",suit-2,Mushroom beige / warm greige solid,shirt-DS030,Brooks Brothers 346 — light silver-grey herringbone,T029,Navy / silver ornamental medallions,,Matching suit trousers,shoe-49,"Berluti Dress Shoes — Alessandro Infini Alto Oxford, Venezia calf, brown patina, lug sole",watch-AP10,Audemars Piguet — RO Blue RG Bracelet,S03,DS030,9.104772,9.373553,Tie gives a clear focal point; jacket-shirt contrast need not be maximized.
S03,baseline_heuristic,5,"{""suitId"":""S03"",""shirtId"":""DS025"",""state"":""T007"",""shoeId"":""shoe-49"",""watchId"":""watch-AP13""}",suit-2,Mushroom beige / warm greige solid,shirt-DS025,Light pink; Solid,T007,Charcoal / pale-pink diagonal lattice,,Matching suit trousers,shoe-49,"Berluti Dress Shoes — Alessandro Infini Alto Oxford, Venezia calf, brown patina, lug sole",watch-AP13,Audemars Piguet — RO Blue RG Leather,S03,DS025,9.095192,9.267105,Tie gives a clear focal point; jacket-shirt contrast need not be maximized.
S03,baseline_heuristic,6,"{""suitId"":""S03"",""shirtId"":""DS044"",""state"":""T024"",""shoeId"":""shoe-5"",""watchId"":""watch-AP13""}",suit-2,Mushroom beige / warm greige solid,shirt-DS044,Emanuel Berg — white with navy micro-diamond / dot print,T024,Royal blue / beige-gold paisley,,Matching suit trousers,shoe-5,Ecco Dress Shoes — Brown Oxford/Derby,watch-AP13,Audemars Piguet — RO Blue RG Leather,S03,DS044,9.106714,9.395132,Tie gives a clear focal point; jacket-shirt contrast need not be maximized.
S03,baseline_heuristic,7,"{""suitId"":""S03"",""shirtId"":""DS035"",""state"":""T034"",""shoeId"":""shoe-5"",""watchId"":""watch-AP09""}",suit-2,Mushroom beige / warm greige solid,shirt-DS035,Zegna — ivory/off-white solid,T034,Bronze / dark woven checkerboard,,Matching suit trousers,shoe-5,Ecco Dress Shoes — Brown Oxford/Derby,watch-AP09,Audemars Piguet — RO Dark Blue,S03,DS035,9.067316,9.362928,Tie gives a clear focal point; jacket-shirt contrast need not be maximized.
S03,baseline_heuristic,8,"{""suitId"":""S03"",""shirtId"":""DS010"",""state"":""T014"",""shoeId"":""shoe-6"",""watchId"":""watch-AP09""}",suit-2,Mushroom beige / warm greige solid,shirt-DS010,Paul Fredrick — light-grey houndstooth,T014,Dark ground / silver ring dots,,Matching suit trousers,shoe-6,Allen Edmonds Dress Shoes — Brown Double Monk Strap,watch-AP09,Audemars Piguet — RO Dark Blue,S03,DS010,9.098647,9.311053,Tie gives a clear focal point; jacket-shirt contrast need not be maximized.
S03,baseline_heuristic,9,"{""suitId"":""S03"",""shirtId"":""DS006"",""state"":""T033"",""shoeId"":""shoe-6"",""watchId"":""watch-R09""}",suit-2,Mushroom beige / warm greige solid,shirt-DS006,Brunello Cucinelli — light blue solid,T033,Dark navy / blue-gold monogram,,Matching suit trousers,shoe-6,Allen Edmonds Dress Shoes — Brown Double Monk Strap,watch-R09,Rolex — Datejust White Dial,S03,DS006,9.10606,9.393421,Tie gives a clear focal point; jacket-shirt contrast need not be maximized.
S03,baseline_heuristic,10,"{""suitId"":""S03"",""shirtId"":""DS020"",""state"":""T046"",""shoeId"":""shoe-1"",""watchId"":""watch-R09""}",suit-2,Mushroom beige / warm greige solid,shirt-DS020,Paul Fredrick — white / soft-pink stripe,T046,Pink / silver check,,Matching suit trousers,shoe-1,Christian Louboutin Dress Shoes — Black Single Monk,watch-R09,Rolex — Datejust White Dial,S03,DS020,9.095544,9.334901,Tie gives a clear focal point; jacket-shirt contrast need not be maximized.
S03,baseline_heuristic,11,"{""suitId"":""S03"",""shirtId"":""DS002"",""state"":""T010"",""shoeId"":""shoe-1"",""watchId"":""watch-R11""}",suit-2,Mushroom beige / warm greige solid,shirt-DS002,DS002 - source-repaired collar/body pilot,T010,Near-black / white spaced dots,,Matching suit trousers,shoe-1,Christian Louboutin Dress Shoes — Black Single Monk,watch-R11,Rolex — Day-Date Green,S03,DS002,9.095529,9.334737,Tie gives a clear focal point; jacket-shirt contrast need not be maximized.
S03,baseline_heuristic,12,"{""suitId"":""S03"",""shirtId"":""DS044"",""state"":""T031"",""shoeId"":""shoe-2"",""watchId"":""watch-R11""}",suit-2,Mushroom beige / warm greige solid,shirt-DS044,Emanuel Berg — white with navy micro-diamond / dot print,T031,Navy / purple-white regimental stripe,,Matching suit trousers,shoe-2,Berluti Dress Shoes — Black Double Monk,watch-R11,Rolex — Day-Date Green,S03,DS044,9.095872,9.338553,Tie gives a clear focal point; jacket-shirt contrast need not be maximized.
S03,baseline_heuristic,13,"{""suitId"":""S03"",""shirtId"":""DS018"",""state"":""T006"",""shoeId"":""shoe-2"",""watchId"":""watch-R13""}",suit-2,Mushroom beige / warm greige solid,shirt-DS018,Mauve/rose; Prince of Wales/glen check,T006,Dark ground / blue-gold floral,,Matching suit trousers,shoe-2,Berluti Dress Shoes — Black Double Monk,watch-R13,Rolex — Day-Date Champagne,S03,DS018,9.052625,9.258026,Tie gives a clear focal point; jacket-shirt contrast need not be maximized.
S03,baseline_heuristic,14,"{""suitId"":""S03"",""shirtId"":""DS029"",""state"":""T006"",""shoeId"":""shoe-3"",""watchId"":""watch-R13""}",suit-2,Mushroom beige / warm greige solid,shirt-DS029,Brooks Brothers 346 — ice-blue / silver-blue herringbone,T006,Dark ground / blue-gold floral,,Matching suit trousers,shoe-3,Ecco Dress Shoes — Black Oxford/Derby,watch-R13,Rolex — Day-Date Champagne,S03,DS029,9.106814,9.460132,Tie gives a clear focal point; jacket-shirt contrast need not be maximized.
S03,baseline_heuristic,15,"{""suitId"":""S03"",""shirtId"":""DS008"",""state"":""T044"",""shoeId"":""shoe-3"",""watchId"":""watch-R14""}",suit-2,Mushroom beige / warm greige solid,shirt-DS008,Brunello Cucinelli — White with thin horizontal stripe,T044,Silver-grey tonal floral-paisley,,Matching suit trousers,shoe-3,Ecco Dress Shoes — Black Oxford/Derby,watch-R14,Rolex — Day-Date White Roman,S03,DS008,9.085475,9.223026,Tie gives a clear focal point; jacket-shirt contrast need not be maximized.
S03,research,1,"{""suitId"":""S03"",""shirtId"":""DS006"",""state"":""T033"",""shoeId"":""shoe-4"",""watchId"":""watch-AP06""}",suit-2,Mushroom beige / warm greige solid,shirt-DS006,Brunello Cucinelli — light blue solid,T033,Dark navy / blue-gold monogram,,Matching suit trousers,shoe-4,Christian Louboutin Dress Shoes — Dark Brown Derby Lace-up,watch-AP06,"Audemars Piguet — RO Black Dial, Rose Gold",S03,DS006,9.450972,9.393421,"The tie is deeper than the shirt, giving a readable focal point. Pattern scale and prominence leave a clear visual hierarchy. A recorded accent links the tie to another garment."
S03,research,2,"{""suitId"":""S03"",""shirtId"":""DS017"",""state"":""T025"",""shoeId"":""shoe-4"",""watchId"":""watch-AP06""}",suit-2,Mushroom beige / warm greige solid,shirt-DS017,Brioni — cream/stone solid,T025,Muted slate-brown / wine paisley,,Matching suit trousers,shoe-4,Christian Louboutin Dress Shoes — Dark Brown Derby Lace-up,watch-AP06,"Audemars Piguet — RO Black Dial, Rose Gold",S03,DS017,9.373464,9.147368,"The tie is deeper than the shirt, giving a readable focal point."
S03,research,3,"{""suitId"":""S03"",""shirtId"":""DS007"",""state"":""T023"",""shoeId"":""shoe-5"",""watchId"":""watch-AP10""}",suit-2,Mushroom beige / warm greige solid,shirt-DS007,Paul Fredrick — Light blue micro-check,T023,Burgundy / blue paisley,,Matching suit trousers,shoe-5,Ecco Dress Shoes — Brown Oxford/Derby,watch-AP10,Audemars Piguet — RO Blue RG Bracelet,S03,DS007,9.406895,9.145526,"The tie is deeper than the shirt, giving a readable focal point. Pattern scale and prominence leave a clear visual hierarchy. A recorded accent links the tie to another garment."
S03,research,4,"{""suitId"":""S03"",""shirtId"":""DS035"",""state"":""T021"",""shoeId"":""shoe-5"",""watchId"":""watch-AP10""}",suit-2,Mushroom beige / warm greige solid,shirt-DS035,Zegna — ivory/off-white solid,T021,Dark navy / gold medallions,,Matching suit trousers,shoe-5,Ecco Dress Shoes — Brown Oxford/Derby,watch-AP10,Audemars Piguet — RO Blue RG Bracelet,S03,DS035,9.383076,9.386184,"The tie is deeper than the shirt, giving a readable focal point."
S03,research,5,"{""suitId"":""S03"",""shirtId"":""DS009"",""state"":""T033"",""shoeId"":""shoe-6"",""watchId"":""watch-AP13""}",suit-2,Mushroom beige / warm greige solid,shirt-DS009,Brunello Cucinelli — sky-blue solid,T033,Dark navy / blue-gold monogram,,Matching suit trousers,shoe-6,Allen Edmonds Dress Shoes — Brown Double Monk Strap,watch-AP13,Audemars Piguet — RO Blue RG Leather,S03,DS009,9.449786,9.31773,"The tie is deeper than the shirt, giving a readable focal point. Pattern scale and prominence leave a clear visual hierarchy. A recorded accent links the tie to another garment."
S03,research,6,"{""suitId"":""S03"",""shirtId"":""DS007"",""state"":""T039"",""shoeId"":""shoe-6"",""watchId"":""watch-AP13""}",suit-2,Mushroom beige / warm greige solid,shirt-DS007,Paul Fredrick — Light blue micro-check,T039,Navy / light-blue floral,,Matching suit trousers,shoe-6,Allen Edmonds Dress Shoes — Brown Double Monk Strap,watch-AP13,Audemars Piguet — RO Blue RG Leather,S03,DS007,9.435155,9.358421,"The tie is deeper than the shirt, giving a readable focal point. Pattern scale and prominence leave a clear visual hierarchy. A recorded accent links the tie to another garment."
S03,research,7,"{""suitId"":""S03"",""shirtId"":""DS045"",""state"":""T004"",""shoeId"":""shoe-11"",""watchId"":""watch-AP09""}",suit-2,Mushroom beige / warm greige solid,shirt-DS045,Emanuel Berg — blue / white Bengal stripe,T004,Burnt-orange near-solid geometric,,Matching suit trousers,shoe-11,"Gucci Loafers — Dark Espresso Brown/Oxblood Horsebit, Polished Leather",watch-AP09,Audemars Piguet — RO Dark Blue,S03,DS045,9.295327,9.15204,"The tie is deeper than the shirt, giving a readable focal point."
S03,research,8,"{""suitId"":""S03"",""shirtId"":""DS029"",""state"":""T035"",""shoeId"":""shoe-11"",""watchId"":""watch-AP09""}",suit-2,Mushroom beige / warm greige solid,shirt-DS029,Brooks Brothers 346 — ice-blue / silver-blue herringbone,T035,Navy / blue monogram,,Matching suit trousers,shoe-11,"Gucci Loafers — Dark Espresso Brown/Oxblood Horsebit, Polished Leather",watch-AP09,Audemars Piguet — RO Dark Blue,S03,DS029,9.420882,9.323421,"The tie is deeper than the shirt, giving a readable focal point. Pattern scale and prominence leave a clear visual hierarchy. A recorded accent links the tie to another garment."
S03,research,9,"{""suitId"":""S03"",""shirtId"":""DS046"",""state"":""NO_TIE"",""shoeId"":""shoe-15"",""watchId"":""watch-R09""}",suit-2,Mushroom beige / warm greige solid,shirt-DS046,Stefano Ricci — navy solid,,No tie,,Matching suit trousers,shoe-15,Loro Piana Loafers — Brown Suede Penny,watch-R09,Rolex — Datejust White Dial,S03,DS046,9.280757,8.377,Open collar keeps the outfit uncluttered; no missing-tie penalty. Pattern scale and prominence leave a clear visual hierarchy.
S03,research,10,"{""suitId"":""S03"",""shirtId"":""DS028"",""state"":""T035"",""shoeId"":""shoe-14"",""watchId"":""watch-R09""}",suit-2,Mushroom beige / warm greige solid,shirt-DS028,Tom James — very pale-blue birdseye / micro-check,T035,Navy / blue monogram,,Matching suit trousers,shoe-14,"Hermes Loafers — Cognac/Chestnut Kelly Hardware, Dark Espresso Patina",watch-R09,Rolex — Datejust White Dial,S03,DS028,9.420334,9.288421,"The tie is deeper than the shirt, giving a readable focal point. Pattern scale and prominence leave a clear visual hierarchy. A recorded accent links the tie to another garment."
S03,research,11,"{""suitId"":""S03"",""shirtId"":""DS006"",""state"":""T039"",""shoeId"":""shoe-14"",""watchId"":""watch-R11""}",suit-2,Mushroom beige / warm greige solid,shirt-DS006,Brunello Cucinelli — light blue solid,T039,Navy / light-blue floral,,Matching suit trousers,shoe-14,"Hermes Loafers — Cognac/Chestnut Kelly Hardware, Dark Espresso Patina",watch-R11,Rolex — Day-Date Green,S03,DS006,9.412303,9.393421,"The tie is deeper than the shirt, giving a readable focal point. Pattern scale and prominence leave a clear visual hierarchy. A recorded accent links the tie to another garment."
S03,research,12,"{""suitId"":""S03"",""shirtId"":""DS022"",""state"":""T028"",""shoeId"":""shoe-9"",""watchId"":""watch-R11""}",suit-2,Mushroom beige / warm greige solid,shirt-DS022,Darker lavender; Solid,T028,Midnight-navy tonal paisley,,Matching suit trousers,shoe-9,Gucci Loafers — Cognac Horsebit,watch-R11,Rolex — Day-Date Green,S03,DS022,9.35007,9.006119,"The tie is deeper than the shirt, giving a readable focal point. Pattern scale and prominence leave a clear visual hierarchy."
S03,research,13,"{""suitId"":""S03"",""shirtId"":""DS025"",""state"":""T030"",""shoeId"":""shoe-9"",""watchId"":""watch-R13""}",suit-2,Mushroom beige / warm greige solid,shirt-DS025,Light pink; Solid,T030,Aubergine tonal geometric,,Matching suit trousers,shoe-9,Gucci Loafers — Cognac Horsebit,watch-R13,Rolex — Day-Date Champagne,S03,DS025,9.305888,9.143092,"The tie is deeper than the shirt, giving a readable focal point. Pattern scale and prominence leave a clear visual hierarchy."
S03,research,14,"{""suitId"":""S03"",""shirtId"":""DS009"",""state"":""T018"",""shoeId"":""shoe-15"",""watchId"":""watch-R13""}",suit-2,Mushroom beige / warm greige solid,shirt-DS009,Brunello Cucinelli — sky-blue solid,T018,Dark brown / slate-blue paisley,,Matching suit trousers,shoe-15,Loro Piana Loafers — Brown Suede Penny,watch-R13,Rolex — Day-Date Champagne,S03,DS009,9.352646,9.062171,"The tie is deeper than the shirt, giving a readable focal point. A recorded accent links the tie to another garment."
S03,research,15,"{""suitId"":""S03"",""shirtId"":""DS017"",""state"":""T028"",""shoeId"":""shoe-49"",""watchId"":""watch-R14""}",suit-2,Mushroom beige / warm greige solid,shirt-DS017,Brioni — cream/stone solid,T028,Midnight-navy tonal paisley,,Matching suit trousers,shoe-49,"Berluti Dress Shoes — Alessandro Infini Alto Oxford, Venezia calf, brown patina, lug sole",watch-R14,Rolex — Day-Date White Roman,S03,DS017,9.348131,9.276053,"The tie is deeper than the shirt, giving a readable focal point. Pattern scale and prominence leave a clear visual hierarchy."
S04,baseline_curated,1,"{""suitId"":""S04"",""shirtId"":""DS001"",""state"":""T028"",""shoeId"":""shoe-3"",""watchId"":""watch-P08""}",suit-3,Approved grey double-breasted solid appearance,shirt-DS001,White; Solid,T028,Midnight-navy tonal paisley,,Matching suit trousers,shoe-3,Ecco Dress Shoes — Black Oxford/Derby,watch-P08,Patek Philippe — Nautilus 5811,S04,DS001,,9.242303,White and navy supply a quiet centre to the grey double-breasted jacket.
S04,baseline_curated,2,"{""suitId"":""S04"",""shirtId"":""DS037"",""state"":""NO_TIE"",""shoeId"":""shoe-11"",""watchId"":""watch-P07""}",suit-3,Approved grey double-breasted solid appearance,shirt-DS037,Loewe — taupe/medium-brown solid,,No tie,,Matching suit trousers,shoe-11,"Gucci Loafers — Dark Espresso Brown/Oxblood Horsebit, Polished Leather",watch-P07,Patek Philippe — Nautilus Black Leather,S04,DS037,,8.710526,Muted taupe against grey as an intentional open-collar alternative.
S04,baseline_heuristic,1,"{""suitId"":""S04"",""shirtId"":""DS029"",""state"":""T039"",""shoeId"":""shoe-1"",""watchId"":""watch-AP09""}",suit-3,Approved grey double-breasted solid appearance,shirt-DS029,Brooks Brothers 346 — ice-blue / silver-blue herringbone,T039,Navy / light-blue floral,,Matching suit trousers,shoe-1,Christian Louboutin Dress Shoes — Black Single Monk,watch-AP09,Audemars Piguet — RO Dark Blue,S04,DS029,9.112742,9.525987,Tie gives a clear focal point; jacket-shirt contrast need not be maximized.
S04,baseline_heuristic,2,"{""suitId"":""S04"",""shirtId"":""DS027"",""state"":""T010"",""shoeId"":""shoe-1"",""watchId"":""watch-AP09""}",suit-3,Approved grey double-breasted solid appearance,shirt-DS027,White/light ground; Bengal stripe,T010,Near-black / white spaced dots,,Matching suit trousers,shoe-1,Christian Louboutin Dress Shoes — Black Single Monk,watch-AP09,Audemars Piguet — RO Dark Blue,S04,DS027,9.099697,9.381053,Tie gives a clear focal point; jacket-shirt contrast need not be maximized.
S04,baseline_heuristic,3,"{""suitId"":""S04"",""shirtId"":""DS035"",""state"":""T036"",""shoeId"":""shoe-2"",""watchId"":""watch-R09""}",suit-3,Approved grey double-breasted solid appearance,shirt-DS035,Zegna — ivory/off-white solid,T036,Purple / grey ornamental medallions,,Matching suit trousers,shoe-2,Berluti Dress Shoes — Black Double Monk,watch-R09,Rolex — Datejust White Dial,S04,DS035,9.106222,9.453553,Tie gives a clear focal point; jacket-shirt contrast need not be maximized.
S04,baseline_heuristic,4,"{""suitId"":""S04"",""shirtId"":""DS022"",""state"":""T016"",""shoeId"":""shoe-2"",""watchId"":""watch-R09""}",suit-3,Approved grey double-breasted solid appearance,shirt-DS022,Darker lavender; Solid,T016,Burgundy-red / silver diagonal stripe,,Matching suit trousers,shoe-2,Berluti Dress Shoes — Black Double Monk,watch-R09,Rolex — Datejust White Dial,S04,DS022,9.079232,9.243257,Tie gives a clear focal point; jacket-shirt contrast need not be maximized.
S04,baseline_heuristic,5,"{""suitId"":""S04"",""shirtId"":""DS013"",""state"":""T001"",""shoeId"":""shoe-3"",""watchId"":""watch-R11""}",suit-3,Approved grey double-breasted solid appearance,shirt-DS013,"Tom James — cream, brown & light-blue tattersall",T001,Taupe horsebit,,Matching suit trousers,shoe-3,Ecco Dress Shoes — Black Oxford/Derby,watch-R11,Rolex — Day-Date Green,S04,DS013,9.072875,9.083026,Tie gives a clear focal point; jacket-shirt contrast need not be maximized.
S04,baseline_heuristic,6,"{""suitId"":""S04"",""shirtId"":""DS025"",""state"":""T007"",""shoeId"":""shoe-3"",""watchId"":""watch-R11""}",suit-3,Approved grey double-breasted solid appearance,shirt-DS025,Light pink; Solid,T007,Charcoal / pale-pink diagonal lattice,,Matching suit trousers,shoe-3,Ecco Dress Shoes — Black Oxford/Derby,watch-R11,Rolex — Day-Date Green,S04,DS025,9.092708,9.303388,Tie gives a clear focal point; jacket-shirt contrast need not be maximized.
S04,baseline_heuristic,7,"{""suitId"":""S04"",""shirtId"":""DS030"",""state"":""T043"",""shoeId"":""shoe-4"",""watchId"":""watch-R13""}",suit-3,Approved grey double-breasted solid appearance,shirt-DS030,Brooks Brothers 346 — light silver-grey herringbone,T043,Black / muted pale floral outline,,Matching suit trousers,shoe-4,Christian Louboutin Dress Shoes — Dark Brown Derby Lace-up,watch-R13,Rolex — Day-Date Champagne,S04,DS030,9.10128,9.427796,Tie gives a clear focal point; jacket-shirt contrast need not be maximized.
S04,baseline_heuristic,8,"{""suitId"":""S04"",""shirtId"":""DS044"",""state"":""T020"",""shoeId"":""shoe-4"",""watchId"":""watch-R13""}",suit-3,Approved grey double-breasted solid appearance,shirt-DS044,Emanuel Berg — white with navy micro-diamond / dot print,T020,Navy / burgundy-tan paisley,,Matching suit trousers,shoe-4,Christian Louboutin Dress Shoes — Dark Brown Derby Lace-up,watch-R13,Rolex — Day-Date Champagne,S04,DS044,9.103195,9.449079,Tie gives a clear focal point; jacket-shirt contrast need not be maximized.
S04,baseline_heuristic,9,"{""suitId"":""S04"",""shirtId"":""DS037"",""state"":""T029"",""shoeId"":""shoe-49"",""watchId"":""watch-R14""}",suit-3,Approved grey double-breasted solid appearance,shirt-DS037,Loewe — taupe/medium-brown solid,T029,Navy / silver ornamental medallions,,Matching suit trousers,shoe-49,"Berluti Dress Shoes — Alessandro Infini Alto Oxford, Venezia calf, brown patina, lug sole",watch-R14,Rolex — Day-Date White Roman,S04,DS037,9.088215,9.372237,Tie gives a clear focal point; jacket-shirt contrast need not be maximized.
S04,baseline_heuristic,10,"{""suitId"":""S04"",""shirtId"":""DS021"",""state"":""T014"",""shoeId"":""shoe-49"",""watchId"":""watch-R14""}",suit-3,Approved grey double-breasted solid appearance,shirt-DS021,Very light lavender; Pinstripe,T014,Dark ground / silver ring dots,,Matching suit trousers,shoe-49,"Berluti Dress Shoes — Alessandro Infini Alto Oxford, Venezia calf, brown patina, lug sole",watch-R14,Rolex — Day-Date White Roman,S04,DS021,9.10021,9.415921,Tie gives a clear focal point; jacket-shirt contrast need not be maximized.
S04,baseline_heuristic,11,"{""suitId"":""S04"",""shirtId"":""DS010"",""state"":""T028"",""shoeId"":""shoe-5"",""watchId"":""watch-AP06""}",suit-3,Approved grey double-breasted solid appearance,shirt-DS010,Paul Fredrick — light-grey houndstooth,T028,Midnight-navy tonal paisley,,Matching suit trousers,shoe-5,Ecco Dress Shoes — Brown Oxford/Derby,watch-AP06,"Audemars Piguet — RO Black Dial, Rose Gold",S04,DS010,9.086357,9.28977,Tie gives a clear focal point; jacket-shirt contrast need not be maximized.
S04,baseline_heuristic,12,"{""suitId"":""S04"",""shirtId"":""DS029"",""state"":""T014"",""shoeId"":""shoe-5"",""watchId"":""watch-AP06""}",suit-3,Approved grey double-breasted solid appearance,shirt-DS029,Brooks Brothers 346 — ice-blue / silver-blue herringbone,T014,Dark ground / silver ring dots,,Matching suit trousers,shoe-5,Ecco Dress Shoes — Brown Oxford/Derby,watch-AP06,"Audemars Piguet — RO Black Dial, Rose Gold",S04,DS029,9.106983,9.518947,Tie gives a clear focal point; jacket-shirt contrast need not be maximized.
S04,baseline_heuristic,13,"{""suitId"":""S04"",""shirtId"":""DS008"",""state"":""NO_TIE"",""shoeId"":""shoe-13"",""watchId"":""watch-AP10""}",suit-3,Approved grey double-breasted solid appearance,shirt-DS008,Brunello Cucinelli — White with thin horizontal stripe,,No tie,,Matching suit trousers,shoe-13,Hermes Loafers — Black Kelly Hardware,watch-AP10,Audemars Piguet — RO Blue RG Bracelet,S04,DS008,9.084555,9.386579,Open collar has its own readable value/texture structure on the same quality scale; no missing-tie penalty.
S04,baseline_heuristic,14,"{""suitId"":""S04"",""shirtId"":""DS017"",""state"":""T029"",""shoeId"":""shoe-6"",""watchId"":""watch-AP10""}",suit-3,Approved grey double-breasted solid appearance,shirt-DS017,Brioni — cream/stone solid,T029,Navy / silver ornamental medallions,,Matching suit trousers,shoe-6,Allen Edmonds Dress Shoes — Brown Double Monk Strap,watch-AP10,Audemars Piguet — RO Blue RG Bracelet,S04,DS017,9.092885,9.362303,Tie gives a clear focal point; jacket-shirt contrast need not be maximized.
S04,baseline_heuristic,15,"{""suitId"":""S04"",""shirtId"":""DS020"",""state"":""T046"",""shoeId"":""shoe-6"",""watchId"":""watch-AP13""}",suit-3,Approved grey double-breasted solid appearance,shirt-DS020,Paul Fredrick — white / soft-pink stripe,T046,Pink / silver check,,Matching suit trousers,shoe-6,Allen Edmonds Dress Shoes — Brown Double Monk Strap,watch-AP13,Audemars Piguet — RO Blue RG Leather,S04,DS020,9.088506,9.313651,Tie gives a clear focal point; jacket-shirt contrast need not be maximized.
S04,research,1,"{""suitId"":""S04"",""shirtId"":""DS006"",""state"":""T023"",""shoeId"":""shoe-1"",""watchId"":""watch-AP09""}",suit-3,Approved grey double-breasted solid appearance,shirt-DS006,Brunello Cucinelli — light blue solid,T023,Burgundy / blue paisley,,Matching suit trousers,shoe-1,Christian Louboutin Dress Shoes — Black Single Monk,watch-AP09,Audemars Piguet — RO Dark Blue,S04,DS006,9.428446,9.154572,"The tie is deeper than the shirt, giving a readable focal point. Pattern scale and prominence leave a clear visual hierarchy. A recorded accent links the tie to another garment."
S04,research,2,"{""suitId"":""S04"",""shirtId"":""DS022"",""state"":""T035"",""shoeId"":""shoe-1"",""watchId"":""watch-AP09""}",suit-3,Approved grey double-breasted solid appearance,shirt-DS022,Darker lavender; Solid,T035,Navy / blue monogram,,Matching suit trousers,shoe-1,Christian Louboutin Dress Shoes — Black Single Monk,watch-AP09,Audemars Piguet — RO Dark Blue,S04,DS022,9.42468,9.209112,"The tie is deeper than the shirt, giving a readable focal point. Pattern scale and prominence leave a clear visual hierarchy."
S04,research,3,"{""suitId"":""S04"",""shirtId"":""DS025"",""state"":""T029"",""shoeId"":""shoe-2"",""watchId"":""watch-R09""}",suit-3,Approved grey double-breasted solid appearance,shirt-DS025,Light pink; Solid,T029,Navy / silver ornamental medallions,,Matching suit trousers,shoe-2,Berluti Dress Shoes — Black Double Monk,watch-R09,Rolex — Datejust White Dial,S04,DS025,9.42562,9.399112,"The tie is deeper than the shirt, giving a readable focal point. A recorded accent links the tie to another garment."
S04,research,4,"{""suitId"":""S04"",""shirtId"":""DS014"",""state"":""T039"",""shoeId"":""shoe-2"",""watchId"":""watch-R09""}",suit-3,Approved grey double-breasted solid appearance,shirt-DS014,White; Solid,T039,Navy / light-blue floral,,Matching suit trousers,shoe-2,Berluti Dress Shoes — Black Double Monk,watch-R09,Rolex — Datejust White Dial,S04,DS014,9.420319,9.422303,"The tie is deeper than the shirt, giving a readable focal point. Pattern scale and prominence leave a clear visual hierarchy."
S04,research,5,"{""suitId"":""S04"",""shirtId"":""DS035"",""state"":""T033"",""shoeId"":""shoe-3"",""watchId"":""watch-R11""}",suit-3,Approved grey double-breasted solid appearance,shirt-DS035,Zegna — ivory/off-white solid,T033,Dark navy / blue-gold monogram,,Matching suit trousers,shoe-3,Ecco Dress Shoes — Black Oxford/Derby,watch-R11,Rolex — Day-Date Green,S04,DS035,9.428071,9.492303,"The tie is deeper than the shirt, giving a readable focal point. Pattern scale and prominence leave a clear visual hierarchy."
S04,research,6,"{""suitId"":""S04"",""shirtId"":""DS028"",""state"":""T015"",""shoeId"":""shoe-3"",""watchId"":""watch-R11""}",suit-3,Approved grey double-breasted solid appearance,shirt-DS028,Tom James — very pale-blue birdseye / micro-check,T015,Navy / fine diagonal stripe,,Matching suit trousers,shoe-3,Ecco Dress Shoes — Black Oxford/Derby,watch-R11,Rolex — Day-Date Green,S04,DS028,9.408328,9.356579,"The tie is deeper than the shirt, giving a readable focal point. Pattern scale and prominence leave a clear visual hierarchy."
S04,research,7,"{""suitId"":""S04"",""shirtId"":""DS017"",""state"":""T025"",""shoeId"":""shoe-4"",""watchId"":""watch-R13""}",suit-3,Approved grey double-breasted solid appearance,shirt-DS017,Brioni — cream/stone solid,T025,Muted slate-brown / wine paisley,,Matching suit trousers,shoe-4,Christian Louboutin Dress Shoes — Dark Brown Derby Lace-up,watch-R13,Rolex — Day-Date Champagne,S04,DS017,9.358766,9.305263,"The tie is deeper than the shirt, giving a readable focal point."
S04,research,8,"{""suitId"":""S04"",""shirtId"":""DS024"",""state"":""T030"",""shoeId"":""shoe-4"",""watchId"":""watch-R13""}",suit-3,Approved grey double-breasted solid appearance,shirt-DS024,Pale pink; Solid,T030,Aubergine tonal geometric,,Matching suit trousers,shoe-4,Christian Louboutin Dress Shoes — Dark Brown Derby Lace-up,watch-R13,Rolex — Day-Date Champagne,S04,DS024,9.374714,9.190362,"The tie is deeper than the shirt, giving a readable focal point. Pattern scale and prominence leave a clear visual hierarchy."
S04,research,9,"{""suitId"":""S04"",""shirtId"":""DS036"",""state"":""NO_TIE"",""shoeId"":""shoe-13"",""watchId"":""watch-R14""}",suit-3,Approved grey double-breasted solid appearance,shirt-DS036,Zegna — chocolate-brown solid,,No tie,,Matching suit trousers,shoe-13,Hermes Loafers — Black Kelly Hardware,watch-R14,Rolex — Day-Date White Roman,S04,DS036,9.3193,8.710526,Open collar keeps the outfit uncluttered; no missing-tie penalty. Pattern scale and prominence leave a clear visual hierarchy.
S04,research,10,"{""suitId"":""S04"",""shirtId"":""DS007"",""state"":""T018"",""shoeId"":""shoe-5"",""watchId"":""watch-R14""}",suit-3,Approved grey double-breasted solid appearance,shirt-DS007,Paul Fredrick — Light blue micro-check,T018,Dark brown / slate-blue paisley,,Matching suit trousers,shoe-5,Ecco Dress Shoes — Brown Oxford/Derby,watch-R14,Rolex — Day-Date White Roman,S04,DS007,9.39185,9.189572,"The tie is deeper than the shirt, giving a readable focal point. A recorded accent links the tie to another garment."
S04,research,11,"{""suitId"":""S04"",""shirtId"":""DS005"",""state"":""T033"",""shoeId"":""shoe-5"",""watchId"":""watch-AP06""}",suit-3,Approved grey double-breasted solid appearance,shirt-DS005,Cream/off-white; Visually near-solid; subtle windowpane metadata retained,T033,Dark navy / blue-gold monogram,,Matching suit trousers,shoe-5,Ecco Dress Shoes — Brown Oxford/Derby,watch-AP06,"Audemars Piguet — RO Black Dial, Rose Gold",S04,DS005,9.39349,9.352303,"The tie is deeper than the shirt, giving a readable focal point. Pattern scale and prominence leave a clear visual hierarchy."
S04,research,12,"{""suitId"":""S04"",""shirtId"":""DS008"",""state"":""T028"",""shoeId"":""shoe-6"",""watchId"":""watch-AP06""}",suit-3,Approved grey double-breasted solid appearance,shirt-DS008,Brunello Cucinelli — White with thin horizontal stripe,T028,Midnight-navy tonal paisley,,Matching suit trousers,shoe-6,Allen Edmonds Dress Shoes — Brown Double Monk Strap,watch-AP06,"Audemars Piguet — RO Black Dial, Rose Gold",S04,DS008,9.406977,9.40046,"The tie is deeper than the shirt, giving a readable focal point. Pattern scale and prominence leave a clear visual hierarchy."
S04,research,13,"{""suitId"":""S04"",""shirtId"":""DS007"",""state"":""T023"",""shoeId"":""shoe-6"",""watchId"":""watch-AP10""}",suit-3,Approved grey double-breasted solid appearance,shirt-DS007,Paul Fredrick — Light blue micro-check,T023,Burgundy / blue paisley,,Matching suit trousers,shoe-6,Allen Edmonds Dress Shoes — Brown Double Monk Strap,watch-AP10,Audemars Piguet — RO Blue RG Bracelet,S04,DS007,9.415446,9.154572,"The tie is deeper than the shirt, giving a readable focal point. Pattern scale and prominence leave a clear visual hierarchy. A recorded accent links the tie to another garment."
S04,research,14,"{""suitId"":""S04"",""shirtId"":""DS020"",""state"":""T012"",""shoeId"":""shoe-0"",""watchId"":""watch-AP10""}",suit-3,Approved grey double-breasted solid appearance,shirt-DS020,Paul Fredrick — white / soft-pink stripe,T012,Black tonal lattice,,Matching suit trousers,shoe-0,Louis Vuitton Dress Shoes — Black Embossed Monogram Lace-up,watch-AP10,Audemars Piguet — RO Blue RG Bracelet,S04,DS020,9.31299,9.143553,"The tie is deeper than the shirt, giving a readable focal point. Pattern scale and prominence leave a clear visual hierarchy."
S04,research,15,"{""suitId"":""S04"",""shirtId"":""DS030"",""state"":""T036"",""shoeId"":""shoe-13"",""watchId"":""watch-AP13""}",suit-3,Approved grey double-breasted solid appearance,shirt-DS030,Brooks Brothers 346 — light silver-grey herringbone,T036,Purple / grey ornamental medallions,,Matching suit trousers,shoe-13,Hermes Loafers — Black Kelly Hardware,watch-AP13,Audemars Piguet — RO Blue RG Leather,S04,DS030,9.333058,9.322796,"The tie is deeper than the shirt, giving a readable focal point. A recorded accent links the tie to another garment."
S05,baseline_curated,1,"{""suitId"":""S05"",""shirtId"":""DS035"",""state"":""T023"",""shoeId"":""shoe-3"",""watchId"":""watch-R03""}",suit-4,Approved Zegna medium grey fine pale vertical pinstripe,shirt-DS035,Zegna — ivory/off-white solid,T023,Burgundy / blue paisley,,Matching suit trousers,shoe-3,Ecco Dress Shoes — Black Oxford/Derby,watch-R03,Rolex — Daytona Panda,S05,DS035,,9.153026,Ivory and burgundy paisley contrast with fine grey pinstripes without adding another stripe.
S05,baseline_curated,2,"{""suitId"":""S05"",""shirtId"":""DS006"",""state"":""T030"",""shoeId"":""shoe-2"",""watchId"":""watch-AP09""}",suit-4,Approved Zegna medium grey fine pale vertical pinstripe,shirt-DS006,Brunello Cucinelli — light blue solid,T030,Aubergine tonal geometric,,Matching suit trousers,shoe-2,Berluti Dress Shoes — Black Double Monk,watch-AP09,Audemars Piguet — RO Dark Blue,S05,DS006,,9.234836,Light blue and a quiet aubergine tie keep patterned grey tailoring readable.
S05,baseline_heuristic,1,"{""suitId"":""S05"",""shirtId"":""DS030"",""state"":""T028"",""shoeId"":""shoe-1"",""watchId"":""watch-AP09""}",suit-4,Approved Zegna medium grey fine pale vertical pinstripe,shirt-DS030,Brooks Brothers 346 — light silver-grey herringbone,T028,Midnight-navy tonal paisley,,Matching suit trousers,shoe-1,Christian Louboutin Dress Shoes — Black Single Monk,watch-AP09,Audemars Piguet — RO Dark Blue,S05,DS030,9.109144,9.48602,Tie gives a clear focal point; jacket-shirt contrast need not be maximized.
S05,baseline_heuristic,2,"{""suitId"":""S05"",""shirtId"":""DS044"",""state"":""T014"",""shoeId"":""shoe-1"",""watchId"":""watch-AP09""}",suit-4,Approved Zegna medium grey fine pale vertical pinstripe,shirt-DS044,Emanuel Berg — white with navy micro-diamond / dot print,T014,Dark ground / silver ring dots,,Matching suit trousers,shoe-1,Christian Louboutin Dress Shoes — Black Single Monk,watch-AP09,Audemars Piguet — RO Dark Blue,S05,DS044,9.092166,9.297368,Tie gives a clear focal point; jacket-shirt contrast need not be maximized.
S05,baseline_heuristic,3,"{""suitId"":""S05"",""shirtId"":""DS035"",""state"":""T036"",""shoeId"":""shoe-2"",""watchId"":""watch-R09""}",suit-4,Approved Zegna medium grey fine pale vertical pinstripe,shirt-DS035,Zegna — ivory/off-white solid,T036,Purple / grey ornamental medallions,,Matching suit trousers,shoe-2,Berluti Dress Shoes — Black Double Monk,watch-R09,Rolex — Datejust White Dial,S05,DS035,9.100213,9.386776,Tie gives a clear focal point; jacket-shirt contrast need not be maximized.
S05,baseline_heuristic,4,"{""suitId"":""S05"",""shirtId"":""DS029"",""state"":""T018"",""shoeId"":""shoe-2"",""watchId"":""watch-R09""}",suit-4,Approved Zegna medium grey fine pale vertical pinstripe,shirt-DS029,Brooks Brothers 346 — ice-blue / silver-blue herringbone,T018,Dark brown / slate-blue paisley,,Matching suit trousers,shoe-2,Berluti Dress Shoes — Black Double Monk,watch-R09,Rolex — Datejust White Dial,S05,DS029,9.096547,9.346052,Tie gives a clear focal point; jacket-shirt contrast need not be maximized.
S05,baseline_heuristic,5,"{""suitId"":""S05"",""shirtId"":""DS022"",""state"":""T016"",""shoeId"":""shoe-3"",""watchId"":""watch-R11""}",suit-4,Approved Zegna medium grey fine pale vertical pinstripe,shirt-DS022,Darker lavender; Solid,T016,Burgundy-red / silver diagonal stripe,,Matching suit trousers,shoe-3,Ecco Dress Shoes — Black Oxford/Derby,watch-R11,Rolex — Day-Date Green,S05,DS022,9.069936,9.139967,Tie gives a clear focal point; jacket-shirt contrast need not be maximized.
S05,baseline_heuristic,6,"{""suitId"":""S05"",""shirtId"":""DS037"",""state"":""T014"",""shoeId"":""shoe-3"",""watchId"":""watch-R11""}",suit-4,Approved Zegna medium grey fine pale vertical pinstripe,shirt-DS037,Loewe — taupe/medium-brown solid,T014,Dark ground / silver ring dots,,Matching suit trousers,shoe-3,Ecco Dress Shoes — Black Oxford/Derby,watch-R11,Rolex — Day-Date Green,S05,DS037,9.08359,9.291678,Tie gives a clear focal point; jacket-shirt contrast need not be maximized.
S05,baseline_heuristic,7,"{""suitId"":""S05"",""shirtId"":""DS044"",""state"":""T028"",""shoeId"":""shoe-4"",""watchId"":""watch-R13""}",suit-4,Approved Zegna medium grey fine pale vertical pinstripe,shirt-DS044,Emanuel Berg — white with navy micro-diamond / dot print,T028,Midnight-navy tonal paisley,,Matching suit trousers,shoe-4,Christian Louboutin Dress Shoes — Dark Brown Derby Lace-up,watch-R13,Rolex — Day-Date Champagne,S05,DS044,9.106363,9.484276,Tie gives a clear focal point; jacket-shirt contrast need not be maximized.
S05,baseline_heuristic,8,"{""suitId"":""S05"",""shirtId"":""DS013"",""state"":""T044"",""shoeId"":""shoe-4"",""watchId"":""watch-R13""}",suit-4,Approved Zegna medium grey fine pale vertical pinstripe,shirt-DS013,"Tom James — cream, brown & light-blue tattersall",T044,Silver-grey tonal floral-paisley,,Matching suit trousers,shoe-4,Christian Louboutin Dress Shoes — Dark Brown Derby Lace-up,watch-R13,Rolex — Day-Date Champagne,S05,DS013,9.055412,8.918158,Tie gives a clear focal point; jacket-shirt contrast need not be maximized.
S05,baseline_heuristic,9,"{""suitId"":""S05"",""shirtId"":""DS025"",""state"":""T007"",""shoeId"":""shoe-49"",""watchId"":""watch-R14""}",suit-4,Approved Zegna medium grey fine pale vertical pinstripe,shirt-DS025,Light pink; Solid,T007,Charcoal / pale-pink diagonal lattice,,Matching suit trousers,shoe-49,"Berluti Dress Shoes — Alessandro Infini Alto Oxford, Venezia calf, brown patina, lug sole",watch-R14,Rolex — Day-Date White Roman,S05,DS025,9.066931,9.046151,Tie gives a clear focal point; jacket-shirt contrast need not be maximized.
S05,baseline_heuristic,10,"{""suitId"":""S05"",""shirtId"":""DS029"",""state"":""T029"",""shoeId"":""shoe-49"",""watchId"":""watch-R14""}",suit-4,Approved Zegna medium grey fine pale vertical pinstripe,shirt-DS029,Brooks Brothers 346 — ice-blue / silver-blue herringbone,T029,Navy / silver ornamental medallions,,Matching suit trousers,shoe-49,"Berluti Dress Shoes — Alessandro Infini Alto Oxford, Venezia calf, brown patina, lug sole",watch-R14,Rolex — Day-Date White Roman,S05,DS029,9.102981,9.446711,Tie gives a clear focal point; jacket-shirt contrast need not be maximized.
S05,baseline_heuristic,11,"{""suitId"":""S05"",""shirtId"":""DS012"",""state"":""NO_TIE"",""shoeId"":""shoe-13"",""watchId"":""watch-AP06""}",suit-4,Approved Zegna medium grey fine pale vertical pinstripe,shirt-DS012,Theory — solid black,,No tie,,Matching suit trousers,shoe-13,Hermes Loafers — Black Kelly Hardware,watch-AP06,"Audemars Piguet — RO Black Dial, Rose Gold",S05,DS012,9.039318,9.283947,Open collar has its own readable value/texture structure on the same quality scale; no missing-tie penalty.
S05,baseline_heuristic,12,"{""suitId"":""S05"",""shirtId"":""DS001"",""state"":""T044"",""shoeId"":""shoe-5"",""watchId"":""watch-AP06""}",suit-4,Approved Zegna medium grey fine pale vertical pinstripe,shirt-DS001,White; Solid,T044,Silver-grey tonal floral-paisley,,Matching suit trousers,shoe-5,Ecco Dress Shoes — Brown Oxford/Derby,watch-AP06,"Audemars Piguet — RO Black Dial, Rose Gold",S05,DS001,9.0754,9.168026,Tie gives a clear focal point; jacket-shirt contrast need not be maximized.
S05,baseline_heuristic,13,"{""suitId"":""S05"",""shirtId"":""DS030"",""state"":""T006"",""shoeId"":""shoe-5"",""watchId"":""watch-AP10""}",suit-4,Approved Zegna medium grey fine pale vertical pinstripe,shirt-DS030,Brooks Brothers 346 — light silver-grey herringbone,T006,Dark ground / blue-gold floral,,Matching suit trousers,shoe-5,Ecco Dress Shoes — Brown Oxford/Derby,watch-AP10,Audemars Piguet — RO Blue RG Bracelet,S05,DS030,9.091366,9.345428,Tie gives a clear focal point; jacket-shirt contrast need not be maximized.
S05,baseline_heuristic,14,"{""suitId"":""S05"",""shirtId"":""DS031"",""state"":""T024"",""shoeId"":""shoe-6"",""watchId"":""watch-AP10""}",suit-4,Approved Zegna medium grey fine pale vertical pinstripe,shirt-DS031,Hugo Boss — lavender windowpane over micro-check,T024,Royal blue / beige-gold paisley,,Matching suit trousers,shoe-6,Allen Edmonds Dress Shoes — Brown Double Monk Strap,watch-AP10,Audemars Piguet — RO Blue RG Bracelet,S05,DS031,9.057299,8.966908,Tie gives a clear focal point; jacket-shirt contrast need not be maximized.
S05,baseline_heuristic,15,"{""suitId"":""S05"",""shirtId"":""DS025"",""state"":""T029"",""shoeId"":""shoe-6"",""watchId"":""watch-AP13""}",suit-4,Approved Zegna medium grey fine pale vertical pinstripe,shirt-DS025,Light pink; Solid,T029,Navy / silver ornamental medallions,,Matching suit trousers,shoe-6,Allen Edmonds Dress Shoes — Brown Double Monk Strap,watch-AP13,Audemars Piguet — RO Blue RG Leather,S05,DS025,9.090187,9.332335,Tie gives a clear focal point; jacket-shirt contrast need not be maximized.
S05,research,1,"{""suitId"":""S05"",""shirtId"":""DS035"",""state"":""T022"",""shoeId"":""shoe-1"",""watchId"":""watch-AP09""}",suit-4,Approved Zegna medium grey fine pale vertical pinstripe,shirt-DS035,Zegna — ivory/off-white solid,T022,Deep navy tonal honeycomb,,Matching suit trousers,shoe-1,Christian Louboutin Dress Shoes — Black Single Monk,watch-AP09,Audemars Piguet — RO Dark Blue,S05,DS035,9.389104,9.531776,"The tie is deeper than the shirt, giving a readable focal point. Pattern scale and prominence leave a clear visual hierarchy."
S05,research,2,"{""suitId"":""S05"",""shirtId"":""DS006"",""state"":""T023"",""shoeId"":""shoe-1"",""watchId"":""watch-AP09""}",suit-4,Approved Zegna medium grey fine pale vertical pinstripe,shirt-DS006,Brunello Cucinelli — light blue solid,T023,Burgundy / blue paisley,,Matching suit trousers,shoe-1,Christian Louboutin Dress Shoes — Black Single Monk,watch-AP09,Audemars Piguet — RO Dark Blue,S05,DS006,9.384832,8.897335,"The tie is deeper than the shirt, giving a readable focal point. Pattern scale and prominence leave a clear visual hierarchy. A recorded accent links the tie to another garment."
S05,research,3,"{""suitId"":""S05"",""shirtId"":""DS025"",""state"":""T036"",""shoeId"":""shoe-2"",""watchId"":""watch-R09""}",suit-4,Approved Zegna medium grey fine pale vertical pinstripe,shirt-DS025,Light pink; Solid,T036,Purple / grey ornamental medallions,,Matching suit trousers,shoe-2,Berluti Dress Shoes — Black Double Monk,watch-R09,Rolex — Datejust White Dial,S05,DS025,9.344946,9.208586,"The tie is deeper than the shirt, giving a readable focal point. A recorded accent links the tie to another garment."
S05,research,4,"{""suitId"":""S05"",""shirtId"":""DS022"",""state"":""T029"",""shoeId"":""shoe-2"",""watchId"":""watch-R09""}",suit-4,Approved Zegna medium grey fine pale vertical pinstripe,shirt-DS022,Darker lavender; Solid,T029,Navy / silver ornamental medallions,,Matching suit trousers,shoe-2,Berluti Dress Shoes — Black Double Monk,watch-R09,Rolex — Datejust White Dial,S05,DS022,9.379117,9.082336,"The tie is deeper than the shirt, giving a readable focal point. A recorded accent links the tie to another garment."
S05,research,5,"{""suitId"":""S05"",""shirtId"":""DS014"",""state"":""T020"",""shoeId"":""shoe-3"",""watchId"":""watch-R11""}",suit-4,Approved Zegna medium grey fine pale vertical pinstripe,shirt-DS014,White; Solid,T020,Navy / burgundy-tan paisley,,Matching suit trousers,shoe-3,Ecco Dress Shoes — Black Oxford/Derby,watch-R11,Rolex — Day-Date Green,S05,DS014,9.37915,9.321184,"The tie is deeper than the shirt, giving a readable focal point."
S05,research,6,"{""suitId"":""S05"",""shirtId"":""DS024"",""state"":""T029"",""shoeId"":""shoe-3"",""watchId"":""watch-R11""}",suit-4,Approved Zegna medium grey fine pale vertical pinstripe,shirt-DS024,Pale pink; Solid,T029,Navy / silver ornamental medallions,,Matching suit trousers,shoe-3,Ecco Dress Shoes — Black Oxford/Derby,watch-R11,Rolex — Day-Date Green,S05,DS024,9.384441,9.297335,"The tie is deeper than the shirt, giving a readable focal point. A recorded accent links the tie to another garment."
S05,research,7,"{""suitId"":""S05"",""shirtId"":""DS036"",""state"":""NO_TIE"",""shoeId"":""shoe-13"",""watchId"":""watch-R13""}",suit-4,Approved Zegna medium grey fine pale vertical pinstripe,shirt-DS036,Zegna — chocolate-brown solid,,No tie,,Matching suit trousers,shoe-13,Hermes Loafers — Black Kelly Hardware,watch-R13,Rolex — Day-Date Champagne,S05,DS036,9.283177,8.931579,Open collar keeps the outfit uncluttered; no missing-tie penalty. Pattern scale and prominence leave a clear visual hierarchy.
S05,research,8,"{""suitId"":""S05"",""shirtId"":""DS017"",""state"":""T025"",""shoeId"":""shoe-4"",""watchId"":""watch-R13""}",suit-4,Approved Zegna medium grey fine pale vertical pinstripe,shirt-DS017,Brioni — cream/stone solid,T025,Muted slate-brown / wine paisley,,Matching suit trousers,shoe-4,Christian Louboutin Dress Shoes — Dark Brown Derby Lace-up,watch-R13,Rolex — Day-Date Champagne,S05,DS017,9.318079,9.234868,"The tie is deeper than the shirt, giving a readable focal point."
S05,research,9,"{""suitId"":""S05"",""shirtId"":""DS007"",""state"":""T018"",""shoeId"":""shoe-4"",""watchId"":""watch-R14""}",suit-4,Approved Zegna medium grey fine pale vertical pinstripe,shirt-DS007,Paul Fredrick — Light blue micro-check,T018,Dark brown / slate-blue paisley,,Matching suit trousers,shoe-4,Christian Louboutin Dress Shoes — Dark Brown Derby Lace-up,watch-R14,Rolex — Day-Date White Roman,S05,DS007,9.351162,9.119177,"The tie is deeper than the shirt, giving a readable focal point. A recorded accent links the tie to another garment."
S05,research,10,"{""suitId"":""S05"",""shirtId"":""DS005"",""state"":""T022"",""shoeId"":""shoe-5"",""watchId"":""watch-R14""}",suit-4,Approved Zegna medium grey fine pale vertical pinstripe,shirt-DS005,Cream/off-white; Visually near-solid; subtle windowpane metadata retained,T022,Deep navy tonal honeycomb,,Matching suit trousers,shoe-5,Ecco Dress Shoes — Brown Oxford/Derby,watch-R14,Rolex — Day-Date White Roman,S05,DS005,9.357523,9.391776,"The tie is deeper than the shirt, giving a readable focal point. Pattern scale and prominence leave a clear visual hierarchy."
S05,research,11,"{""suitId"":""S05"",""shirtId"":""DS044"",""state"":""T028"",""shoeId"":""shoe-5"",""watchId"":""watch-AP06""}",suit-4,Approved Zegna medium grey fine pale vertical pinstripe,shirt-DS044,Emanuel Berg — white with navy micro-diamond / dot print,T028,Midnight-navy tonal paisley,,Matching suit trousers,shoe-5,Ecco Dress Shoes — Brown Oxford/Derby,watch-AP06,"Audemars Piguet — RO Black Dial, Rose Gold",S05,DS044,9.337567,9.484276,"The tie is deeper than the shirt, giving a readable focal point. Pattern scale and prominence leave a clear visual hierarchy. A recorded accent links the tie to another garment."
S05,research,12,"{""suitId"":""S05"",""shirtId"":""DS001"",""state"":""T028"",""shoeId"":""shoe-6"",""watchId"":""watch-AP06""}",suit-4,Approved Zegna medium grey fine pale vertical pinstripe,shirt-DS001,White; Solid,T028,Midnight-navy tonal paisley,,Matching suit trousers,shoe-6,Allen Edmonds Dress Shoes — Brown Double Monk Strap,watch-AP06,"Audemars Piguet — RO Black Dial, Rose Gold",S05,DS001,9.366708,9.356776,"The tie is deeper than the shirt, giving a readable focal point. Pattern scale and prominence leave a clear visual hierarchy."
S05,research,13,"{""suitId"":""S05"",""shirtId"":""DS024"",""state"":""T030"",""shoeId"":""shoe-6"",""watchId"":""watch-AP10""}",suit-4,Approved Zegna medium grey fine pale vertical pinstripe,shirt-DS024,Pale pink; Solid,T030,Aubergine tonal geometric,,Matching suit trousers,shoe-6,Allen Edmonds Dress Shoes — Brown Double Monk Strap,watch-AP10,Audemars Piguet — RO Blue RG Bracelet,S05,DS024,9.354802,9.304836,"The tie is deeper than the shirt, giving a readable focal point. Pattern scale and prominence leave a clear visual hierarchy."
S05,research,14,"{""suitId"":""S05"",""shirtId"":""DS007"",""state"":""T023"",""shoeId"":""shoe-0"",""watchId"":""watch-AP10""}",suit-4,Approved Zegna medium grey fine pale vertical pinstripe,shirt-DS007,Paul Fredrick — Light blue micro-check,T023,Burgundy / blue paisley,,Matching suit trousers,shoe-0,Louis Vuitton Dress Shoes — Black Embossed Monogram Lace-up,watch-AP10,Audemars Piguet — RO Blue RG Bracelet,S05,DS007,9.366432,8.897335,"The tie is deeper than the shirt, giving a readable focal point. Pattern scale and prominence leave a clear visual hierarchy. A recorded accent links the tie to another garment."
S05,research,15,"{""suitId"":""S05"",""shirtId"":""DS022"",""state"":""T035"",""shoeId"":""shoe-0"",""watchId"":""watch-AP13""}",suit-4,Approved Zegna medium grey fine pale vertical pinstripe,shirt-DS022,Darker lavender; Solid,T035,Navy / blue monogram,,Matching suit trousers,shoe-0,Louis Vuitton Dress Shoes — Black Embossed Monogram Lace-up,watch-AP13,Audemars Piguet — RO Blue RG Leather,S05,DS022,9.360854,8.836086,"The tie is deeper than the shirt, giving a readable focal point. Pattern scale and prominence leave a clear visual hierarchy."
S06,baseline_curated,1,"{""suitId"":""S06"",""shirtId"":""DS024"",""state"":""T030"",""shoeId"":""shoe-2"",""watchId"":""watch-AP09""}",suit-5,Approved grey Prince of Wales / glen check,shirt-DS024,Pale pink; Solid,T030,Aubergine tonal geometric,,Matching suit trousers,shoe-2,Berluti Dress Shoes — Black Double Monk,watch-AP09,Audemars Piguet — RO Dark Blue,S06,DS024,,9.304836,Pale pink and restrained aubergine soften the grey glen check. Keep the tie comparatively quiet beside the suit pattern.
S06,baseline_curated,2,"{""suitId"":""S06"",""shirtId"":""DS017"",""state"":""T028"",""shoeId"":""shoe-4"",""watchId"":""watch-P08""}",suit-5,Approved grey Prince of Wales / glen check,shirt-DS017,Brioni — cream/stone solid,T028,Midnight-navy tonal paisley,,Matching suit trousers,shoe-4,Christian Louboutin Dress Shoes — Dark Brown Derby Lace-up,watch-P08,Patek Philippe — Nautilus 5811,S06,DS017,,9.461776,"A cream base and navy organic tie support, rather than mirror, the glen check."
S06,baseline_curated,3,"{""suitId"":""S06"",""shirtId"":""DS022"",""state"":""T022"",""shoeId"":""shoe-3"",""watchId"":""watch-R09""}",suit-5,Approved grey Prince of Wales / glen check,shirt-DS022,Darker lavender; Solid,T022,Deep navy tonal honeycomb,,Matching suit trousers,shoe-3,Ecco Dress Shoes — Black Oxford/Derby,watch-R09,Rolex — Datejust White Dial,S06,DS022,,9.003586,Lavender with grey glen check; the navy honeycomb is tonal rather than a bright motif.
S06,baseline_heuristic,1,"{""suitId"":""S06"",""shirtId"":""DS044"",""state"":""T028"",""shoeId"":""shoe-1"",""watchId"":""watch-AP09""}",suit-5,Approved grey Prince of Wales / glen check,shirt-DS044,Emanuel Berg — white with navy micro-diamond / dot print,T028,Midnight-navy tonal paisley,,Matching suit trousers,shoe-1,Christian Louboutin Dress Shoes — Black Single Monk,watch-AP09,Audemars Piguet — RO Dark Blue,S06,DS044,9.113144,9.530461,Tie gives a clear focal point; jacket-shirt contrast need not be maximized.
S06,baseline_heuristic,2,"{""suitId"":""S06"",""shirtId"":""DS035"",""state"":""T040"",""shoeId"":""shoe-1"",""watchId"":""watch-AP09""}",suit-5,Approved grey Prince of Wales / glen check,shirt-DS035,Zegna — ivory/off-white solid,T040,Charcoal tonal geometric,,Matching suit trousers,shoe-1,Christian Louboutin Dress Shoes — Black Single Monk,watch-AP09,Audemars Piguet — RO Dark Blue,S06,DS035,9.111013,9.506776,Tie gives a clear focal point; jacket-shirt contrast need not be maximized.
S06,baseline_heuristic,3,"{""suitId"":""S06"",""shirtId"":""DS051"",""state"":""NO_TIE"",""shoeId"":""shoe-13"",""watchId"":""watch-R09""}",suit-5,Approved grey Prince of Wales / glen check,shirt-DS051,Zegna — charcoal-grey solid,,No tie,,Matching suit trousers,shoe-13,Hermes Loafers — Black Kelly Hardware,watch-R09,Rolex — Datejust White Dial,S06,DS051,9.08617,9.37675,Open collar has its own readable value/texture structure on the same quality scale; no missing-tie penalty.
S06,baseline_heuristic,4,"{""suitId"":""S06"",""shirtId"":""DS030"",""state"":""T030"",""shoeId"":""shoe-2"",""watchId"":""watch-R09""}",suit-5,Approved grey Prince of Wales / glen check,shirt-DS030,Brooks Brothers 346 — light silver-grey herringbone,T030,Aubergine tonal geometric,,Matching suit trousers,shoe-2,Berluti Dress Shoes — Black Double Monk,watch-R09,Rolex — Datejust White Dial,S06,DS030,9.090469,9.27852,Tie gives a clear focal point; jacket-shirt contrast need not be maximized.
S06,baseline_heuristic,5,"{""suitId"":""S06"",""shirtId"":""DS029"",""state"":""T039"",""shoeId"":""shoe-2"",""watchId"":""watch-R11""}",suit-5,Approved grey Prince of Wales / glen check,shirt-DS029,Brooks Brothers 346 — ice-blue / silver-blue herringbone,T039,Navy / light-blue floral,,Matching suit trousers,shoe-2,Berluti Dress Shoes — Black Double Monk,watch-R11,Rolex — Day-Date Green,S06,DS029,9.090419,9.27796,Tie gives a clear focal point; jacket-shirt contrast need not be maximized.
S06,baseline_heuristic,6,"{""suitId"":""S06"",""shirtId"":""DS020"",""state"":""T040"",""shoeId"":""shoe-3"",""watchId"":""watch-R11""}",suit-5,Approved grey Prince of Wales / glen check,shirt-DS020,Paul Fredrick — white / soft-pink stripe,T040,Charcoal tonal geometric,,Matching suit trousers,shoe-3,Ecco Dress Shoes — Black Oxford/Derby,watch-R11,Rolex — Day-Date Green,S06,DS020,9.095831,9.338092,Tie gives a clear focal point; jacket-shirt contrast need not be maximized.
S06,baseline_heuristic,7,"{""suitId"":""S06"",""shirtId"":""DS014"",""state"":""T043"",""shoeId"":""shoe-3"",""watchId"":""watch-R13""}",suit-5,Approved grey Prince of Wales / glen check,shirt-DS014,White; Solid,T043,Black / muted pale floral outline,,Matching suit trousers,shoe-3,Ecco Dress Shoes — Black Oxford/Derby,watch-R13,Rolex — Day-Date Champagne,S06,DS014,9.090306,9.276711,Tie gives a clear focal point; jacket-shirt contrast need not be maximized.
S06,baseline_heuristic,8,"{""suitId"":""S06"",""shirtId"":""DS022"",""state"":""T016"",""shoeId"":""shoe-4"",""watchId"":""watch-R13""}",suit-5,Approved grey Prince of Wales / glen check,shirt-DS022,Darker lavender; Solid,T016,Burgundy-red / silver diagonal stripe,,Matching suit trousers,shoe-4,Christian Louboutin Dress Shoes — Dark Brown Derby Lace-up,watch-R13,Rolex — Day-Date Champagne,S06,DS022,9.0396,8.832072,Tie gives a clear focal point; jacket-shirt contrast need not be maximized.
S06,baseline_heuristic,9,"{""suitId"":""S06"",""shirtId"":""DS014"",""state"":""T030"",""shoeId"":""shoe-4"",""watchId"":""watch-R14""}",suit-5,Approved grey Prince of Wales / glen check,shirt-DS014,White; Solid,T030,Aubergine tonal geometric,,Matching suit trousers,shoe-4,Christian Louboutin Dress Shoes — Dark Brown Derby Lace-up,watch-R14,Rolex — Day-Date White Roman,S06,DS014,9.097806,9.38921,Tie gives a clear focal point; jacket-shirt contrast need not be maximized.
S06,baseline_heuristic,10,"{""suitId"":""S06"",""shirtId"":""DS030"",""state"":""T010"",""shoeId"":""shoe-49"",""watchId"":""watch-R14""}",suit-5,Approved grey Prince of Wales / glen check,shirt-DS030,Brooks Brothers 346 — light silver-grey herringbone,T010,Near-black / white spaced dots,,Matching suit trousers,shoe-49,"Berluti Dress Shoes — Alessandro Infini Alto Oxford, Venezia calf, brown patina, lug sole",watch-R14,Rolex — Day-Date White Roman,S06,DS030,9.092179,9.326678,Tie gives a clear focal point; jacket-shirt contrast need not be maximized.
S06,baseline_heuristic,11,"{""suitId"":""S06"",""shirtId"":""DS044"",""state"":""NO_TIE"",""shoeId"":""shoe-13"",""watchId"":""watch-AP06""}",suit-5,Approved grey Prince of Wales / glen check,shirt-DS044,Emanuel Berg — white with navy micro-diamond / dot print,,No tie,,Matching suit trousers,shoe-13,Hermes Loafers — Black Kelly Hardware,watch-AP06,"Audemars Piguet — RO Black Dial, Rose Gold",S06,DS044,9.084555,9.386579,Open collar has its own readable value/texture structure on the same quality scale; no missing-tie penalty.
S06,baseline_heuristic,12,"{""suitId"":""S06"",""shirtId"":""DS037"",""state"":""T028"",""shoeId"":""shoe-49"",""watchId"":""watch-AP06""}",suit-5,Approved grey Prince of Wales / glen check,shirt-DS037,Loewe — taupe/medium-brown solid,T028,Midnight-navy tonal paisley,,Matching suit trousers,shoe-49,"Berluti Dress Shoes — Alessandro Infini Alto Oxford, Venezia calf, brown patina, lug sole",watch-AP06,"Audemars Piguet — RO Black Dial, Rose Gold",S06,DS037,9.052367,9.401711,Tie gives a clear focal point; jacket-shirt contrast need not be maximized.
S06,baseline_heuristic,13,"{""suitId"":""S06"",""shirtId"":""DS001"",""state"":""T015"",""shoeId"":""shoe-5"",""watchId"":""watch-AP10""}",suit-5,Approved grey Prince of Wales / glen check,shirt-DS001,White; Solid,T015,Navy / fine diagonal stripe,,Matching suit trousers,shoe-5,Ecco Dress Shoes — Brown Oxford/Derby,watch-AP10,Audemars Piguet — RO Blue RG Bracelet,S06,DS001,9.090191,9.332368,Tie gives a clear focal point; jacket-shirt contrast need not be maximized.
S06,baseline_heuristic,14,"{""suitId"":""S06"",""shirtId"":""DS025"",""state"":""T022"",""shoeId"":""shoe-5"",""watchId"":""watch-AP10""}",suit-5,Approved grey Prince of Wales / glen check,shirt-DS025,Light pink; Solid,T022,Deep navy tonal honeycomb,,Matching suit trousers,shoe-5,Ecco Dress Shoes — Brown Oxford/Derby,watch-AP10,Audemars Piguet — RO Blue RG Bracelet,S06,DS025,9.062851,9.428586,Tie gives a clear focal point; jacket-shirt contrast need not be maximized.
S06,baseline_heuristic,15,"{""suitId"":""S06"",""shirtId"":""DS001"",""state"":""T045"",""shoeId"":""shoe-6"",""watchId"":""watch-AP13""}",suit-5,Approved grey Prince of Wales / glen check,shirt-DS001,White; Solid,T045,Pale pink / blue micro-dot,,Matching suit trousers,shoe-6,Allen Edmonds Dress Shoes — Brown Double Monk Strap,watch-AP13,Audemars Piguet — RO Blue RG Leather,S06,DS001,9.077363,9.189836,Tie gives a clear focal point; jacket-shirt contrast need not be maximized.
S06,research,1,"{""suitId"":""S06"",""shirtId"":""DS025"",""state"":""T030"",""shoeId"":""shoe-1"",""watchId"":""watch-AP09""}",suit-5,Approved grey Prince of Wales / glen check,shirt-DS025,Light pink; Solid,T030,Aubergine tonal geometric,,Matching suit trousers,shoe-1,Christian Louboutin Dress Shoes — Black Single Monk,watch-AP09,Audemars Piguet — RO Dark Blue,S06,DS025,9.407935,9.339836,"The tie is deeper than the shirt, giving a readable focal point. Pattern scale and prominence leave a clear visual hierarchy."
S06,research,2,"{""suitId"":""S06"",""shirtId"":""DS006"",""state"":""T023"",""shoeId"":""shoe-1"",""watchId"":""watch-AP09""}",suit-5,Approved grey Prince of Wales / glen check,shirt-DS006,Brunello Cucinelli — light blue solid,T023,Burgundy / blue paisley,,Matching suit trousers,shoe-1,Christian Louboutin Dress Shoes — Black Single Monk,watch-AP09,Audemars Piguet — RO Dark Blue,S06,DS006,9.384832,8.897335,"The tie is deeper than the shirt, giving a readable focal point. Pattern scale and prominence leave a clear visual hierarchy. A recorded accent links the tie to another garment."
S06,research,3,"{""suitId"":""S06"",""shirtId"":""DS022"",""state"":""T029"",""shoeId"":""shoe-2"",""watchId"":""watch-R09""}",suit-5,Approved grey Prince of Wales / glen check,shirt-DS022,Darker lavender; Solid,T029,Navy / silver ornamental medallions,,Matching suit trousers,shoe-2,Berluti Dress Shoes — Black Double Monk,watch-R09,Rolex — Datejust White Dial,S06,DS022,9.368875,8.751086,"The tie is deeper than the shirt, giving a readable focal point. A recorded accent links the tie to another garment."
S06,research,4,"{""suitId"":""S06"",""shirtId"":""DS035"",""state"":""T022"",""shoeId"":""shoe-2"",""watchId"":""watch-R09""}",suit-5,Approved grey Prince of Wales / glen check,shirt-DS035,Zegna — ivory/off-white solid,T022,Deep navy tonal honeycomb,,Matching suit trousers,shoe-2,Berluti Dress Shoes — Black Double Monk,watch-R09,Rolex — Datejust White Dial,S06,DS035,9.389104,9.531776,"The tie is deeper than the shirt, giving a readable focal point. Pattern scale and prominence leave a clear visual hierarchy."
S06,research,5,"{""suitId"":""S06"",""shirtId"":""DS014"",""state"":""T039"",""shoeId"":""shoe-3"",""watchId"":""watch-R11""}",suit-5,Approved grey Prince of Wales / glen check,shirt-DS014,White; Solid,T039,Navy / light-blue floral,,Matching suit trousers,shoe-3,Ecco Dress Shoes — Black Oxford/Derby,watch-R11,Rolex — Day-Date Green,S06,DS014,9.377573,9.22046,"The tie is deeper than the shirt, giving a readable focal point. Pattern scale and prominence leave a clear visual hierarchy."
S06,research,6,"{""suitId"":""S06"",""shirtId"":""DS028"",""state"":""T015"",""shoeId"":""shoe-3"",""watchId"":""watch-R11""}",suit-5,Approved grey Prince of Wales / glen check,shirt-DS028,Tom James — very pale-blue birdseye / micro-check,T015,Navy / fine diagonal stripe,,Matching suit trousers,shoe-3,Ecco Dress Shoes — Black Oxford/Derby,watch-R11,Rolex — Day-Date Green,S06,DS028,9.36764,9.286184,"The tie is deeper than the shirt, giving a readable focal point. Pattern scale and prominence leave a clear visual hierarchy."
S06,research,7,"{""suitId"":""S06"",""shirtId"":""DS036"",""state"":""NO_TIE"",""shoeId"":""shoe-13"",""watchId"":""watch-R13""}",suit-5,Approved grey Prince of Wales / glen check,shirt-DS036,Zegna — chocolate-brown solid,,No tie,,Matching suit trousers,shoe-13,Hermes Loafers — Black Kelly Hardware,watch-R13,Rolex — Day-Date Champagne,S06,DS036,9.283177,8.931579,Open collar keeps the outfit uncluttered; no missing-tie penalty. Pattern scale and prominence leave a clear visual hierarchy.
S06,research,8,"{""suitId"":""S06"",""shirtId"":""DS024"",""state"":""T029"",""shoeId"":""shoe-4"",""watchId"":""watch-R13""}",suit-5,Approved grey Prince of Wales / glen check,shirt-DS024,Pale pink; Solid,T029,Navy / silver ornamental medallions,,Matching suit trousers,shoe-4,Christian Louboutin Dress Shoes — Dark Brown Derby Lace-up,watch-R13,Rolex — Day-Date Champagne,S06,DS024,9.364199,8.966086,"The tie is deeper than the shirt, giving a readable focal point. A recorded accent links the tie to another garment."
S06,research,9,"{""suitId"":""S06"",""shirtId"":""DS024"",""state"":""T030"",""shoeId"":""shoe-4"",""watchId"":""watch-R14""}",suit-5,Approved grey Prince of Wales / glen check,shirt-DS024,Pale pink; Solid,T030,Aubergine tonal geometric,,Matching suit trousers,shoe-4,Christian Louboutin Dress Shoes — Dark Brown Derby Lace-up,watch-R14,Rolex — Day-Date White Roman,S06,DS024,9.397387,9.304836,"The tie is deeper than the shirt, giving a readable focal point. Pattern scale and prominence leave a clear visual hierarchy."
S06,research,10,"{""suitId"":""S06"",""shirtId"":""DS017"",""state"":""T025"",""shoeId"":""shoe-5"",""watchId"":""watch-R14""}",suit-5,Approved grey Prince of Wales / glen check,shirt-DS017,Brioni — cream/stone solid,T025,Muted slate-brown / wine paisley,,Matching suit trousers,shoe-5,Ecco Dress Shoes — Brown Oxford/Derby,watch-R14,Rolex — Day-Date White Roman,S06,DS017,9.307688,8.894079,"The tie is deeper than the shirt, giving a readable focal point."
S06,research,11,"{""suitId"":""S06"",""shirtId"":""DS005"",""state"":""T022"",""shoeId"":""shoe-5"",""watchId"":""watch-AP06""}",suit-5,Approved grey Prince of Wales / glen check,shirt-DS005,Cream/off-white; Visually near-solid; subtle windowpane metadata retained,T022,Deep navy tonal honeycomb,,Matching suit trousers,shoe-5,Ecco Dress Shoes — Brown Oxford/Derby,watch-AP06,"Audemars Piguet — RO Black Dial, Rose Gold",S06,DS005,9.354523,9.391776,"The tie is deeper than the shirt, giving a readable focal point. Pattern scale and prominence leave a clear visual hierarchy."
S06,research,12,"{""suitId"":""S06"",""shirtId"":""DS044"",""state"":""T028"",""shoeId"":""shoe-6"",""watchId"":""watch-AP06""}",suit-5,Approved grey Prince of Wales / glen check,shirt-DS044,Emanuel Berg — white with navy micro-diamond / dot print,T028,Midnight-navy tonal paisley,,Matching suit trousers,shoe-6,Allen Edmonds Dress Shoes — Brown Double Monk Strap,watch-AP06,"Audemars Piguet — RO Black Dial, Rose Gold",S06,DS044,9.33829,9.530461,"The tie is deeper than the shirt, giving a readable focal point. Pattern scale and prominence leave a clear visual hierarchy. A recorded accent links the tie to another garment."
S06,research,13,"{""suitId"":""S06"",""shirtId"":""DS007"",""state"":""T018"",""shoeId"":""shoe-6"",""watchId"":""watch-AP10""}",suit-5,Approved grey Prince of Wales / glen check,shirt-DS007,Paul Fredrick — Light blue micro-check,T018,Dark brown / slate-blue paisley,,Matching suit trousers,shoe-6,Allen Edmonds Dress Shoes — Brown Double Monk Strap,watch-AP10,Audemars Piguet — RO Blue RG Bracelet,S06,DS007,9.337772,8.778388,"The tie is deeper than the shirt, giving a readable focal point. A recorded accent links the tie to another garment."
S06,research,14,"{""suitId"":""S06"",""shirtId"":""DS001"",""state"":""T028"",""shoeId"":""shoe-0"",""watchId"":""watch-AP10""}",suit-5,Approved grey Prince of Wales / glen check,shirt-DS001,White; Solid,T028,Midnight-navy tonal paisley,,Matching suit trousers,shoe-0,Louis Vuitton Dress Shoes — Black Embossed Monogram Lace-up,watch-AP10,Audemars Piguet — RO Blue RG Bracelet,S06,DS001,9.362031,9.40296,"The tie is deeper than the shirt, giving a readable focal point. Pattern scale and prominence leave a clear visual hierarchy."
S06,research,15,"{""suitId"":""S06"",""shirtId"":""DS007"",""state"":""T023"",""shoeId"":""shoe-0"",""watchId"":""watch-AP13""}",suit-5,Approved grey Prince of Wales / glen check,shirt-DS007,Paul Fredrick — Light blue micro-check,T023,Burgundy / blue paisley,,Matching suit trousers,shoe-0,Louis Vuitton Dress Shoes — Black Embossed Monogram Lace-up,watch-AP13,Audemars Piguet — RO Blue RG Leather,S06,DS007,9.366432,8.897335,"The tie is deeper than the shirt, giving a readable focal point. Pattern scale and prominence leave a clear visual hierarchy. A recorded accent links the tie to another garment."
S07,baseline_curated,1,"{""suitId"":""S07"",""shirtId"":""DS035"",""state"":""T018"",""shoeId"":""shoe-4"",""watchId"":""watch-P02""}",suit-6,"Approved medium-light cornflower / steel-blue near-solid, not S09 windowpane",shirt-DS035,Zegna — ivory/off-white solid,T018,Dark brown / slate-blue paisley,,Matching suit trousers,shoe-4,Christian Louboutin Dress Shoes — Dark Brown Derby Lace-up,watch-P02,Patek Philippe — Aquanaut Chocolate RG,S07,DS035,,9.370493,Ivory warms light blue tailoring; slate/brown paisley connects the two temperatures.
S07,baseline_heuristic,1,"{""suitId"":""S07"",""shirtId"":""DS037"",""state"":""T033"",""shoeId"":""shoe-1"",""watchId"":""watch-AP09""}",suit-6,"Approved medium-light cornflower / steel-blue near-solid, not S09 windowpane",shirt-DS037,Loewe — taupe/medium-brown solid,T033,Dark navy / blue-gold monogram,,Matching suit trousers,shoe-1,Christian Louboutin Dress Shoes — Black Single Monk,watch-AP09,Audemars Piguet — RO Dark Blue,S07,DS037,9.113805,9.537796,Tie gives a clear focal point; jacket-shirt contrast need not be maximized.
S07,baseline_heuristic,2,"{""suitId"":""S07"",""shirtId"":""DS044"",""state"":""T023"",""shoeId"":""shoe-1"",""watchId"":""watch-AP09""}",suit-6,"Approved medium-light cornflower / steel-blue near-solid, not S09 windowpane",shirt-DS044,Emanuel Berg — white with navy micro-diamond / dot print,T023,Burgundy / blue paisley,,Matching suit trousers,shoe-1,Christian Louboutin Dress Shoes — Black Single Monk,watch-AP09,Audemars Piguet — RO Dark Blue,S07,DS044,9.102927,9.416941,Tie gives a clear focal point; jacket-shirt contrast need not be maximized.
S07,baseline_heuristic,3,"{""suitId"":""S07"",""shirtId"":""DS019"",""state"":""T006"",""shoeId"":""shoe-2"",""watchId"":""watch-R09""}",suit-6,"Approved medium-light cornflower / steel-blue near-solid, not S09 windowpane",shirt-DS019,Chestnut/warm mid-brown; Solid,T006,Dark ground / blue-gold floral,,Matching suit trousers,shoe-2,Berluti Dress Shoes — Black Double Monk,watch-R09,Rolex — Datejust White Dial,S07,DS019,9.106183,9.453125,Tie gives a clear focal point; jacket-shirt contrast need not be maximized.
S07,baseline_heuristic,4,"{""suitId"":""S07"",""shirtId"":""DS035"",""state"":""T002"",""shoeId"":""shoe-2"",""watchId"":""watch-R09""}",suit-6,"Approved medium-light cornflower / steel-blue near-solid, not S09 windowpane",shirt-DS035,Zegna — ivory/off-white solid,T002,Tobacco / blue medallion grid,,Matching suit trousers,shoe-2,Berluti Dress Shoes — Black Double Monk,watch-R09,Rolex — Datejust White Dial,S07,DS035,9.088592,9.257665,Tie gives a clear focal point; jacket-shirt contrast need not be maximized.
S07,baseline_heuristic,5,"{""suitId"":""S07"",""shirtId"":""DS026"",""state"":""T027"",""shoeId"":""shoe-3"",""watchId"":""watch-R11""}",suit-6,"Approved medium-light cornflower / steel-blue near-solid, not S09 windowpane",shirt-DS026,Pink; Gingham,T027,Deep purple / pale medallions,,Matching suit trousers,shoe-3,Ecco Dress Shoes — Black Oxford/Derby,watch-R11,Rolex — Day-Date Green,S07,DS026,9.072345,9.166743,Tie gives a clear focal point; jacket-shirt contrast need not be maximized.
S07,baseline_heuristic,6,"{""suitId"":""S07"",""shirtId"":""DS003"",""state"":""T035"",""shoeId"":""shoe-3"",""watchId"":""watch-R11""}",suit-6,"Approved medium-light cornflower / steel-blue near-solid, not S09 windowpane",shirt-DS003,Tom James — white / mid-blue stripe,T035,Navy / blue monogram,,Matching suit trousers,shoe-3,Ecco Dress Shoes — Black Oxford/Derby,watch-R11,Rolex — Day-Date Green,S07,DS003,9.098682,9.36977,Tie gives a clear focal point; jacket-shirt contrast need not be maximized.
S07,baseline_heuristic,7,"{""suitId"":""S07"",""shirtId"":""DS029"",""state"":""T024"",""shoeId"":""shoe-4"",""watchId"":""watch-R13""}",suit-6,"Approved medium-light cornflower / steel-blue near-solid, not S09 windowpane",shirt-DS029,Brooks Brothers 346 — ice-blue / silver-blue herringbone,T024,Royal blue / beige-gold paisley,,Matching suit trousers,shoe-4,Christian Louboutin Dress Shoes — Dark Brown Derby Lace-up,watch-R13,Rolex — Day-Date Champagne,S07,DS029,9.075689,9.233059,Tie gives a clear focal point; jacket-shirt contrast need not be maximized.
S07,baseline_heuristic,8,"{""suitId"":""S07"",""shirtId"":""DS014"",""state"":""T010"",""shoeId"":""shoe-4"",""watchId"":""watch-R13""}",suit-6,"Approved medium-light cornflower / steel-blue near-solid, not S09 windowpane",shirt-DS014,White; Solid,T010,Near-black / white spaced dots,,Matching suit trousers,shoe-4,Christian Louboutin Dress Shoes — Dark Brown Derby Lace-up,watch-R13,Rolex — Day-Date Champagne,S07,DS014,9.093233,9.338388,Tie gives a clear focal point; jacket-shirt contrast need not be maximized.
S07,baseline_heuristic,9,"{""suitId"":""S07"",""shirtId"":""DS022"",""state"":""T023"",""shoeId"":""shoe-49"",""watchId"":""watch-R14""}",suit-6,"Approved medium-light cornflower / steel-blue near-solid, not S09 windowpane",shirt-DS022,Darker lavender; Solid,T023,Burgundy / blue paisley,,Matching suit trousers,shoe-49,"Berluti Dress Shoes — Alessandro Infini Alto Oxford, Venezia calf, brown patina, lug sole",watch-R14,Rolex — Day-Date White Roman,S07,DS022,9.081212,9.204835,Tie gives a clear focal point; jacket-shirt contrast need not be maximized.
S07,baseline_heuristic,10,"{""suitId"":""S07"",""shirtId"":""DS002"",""state"":""T018"",""shoeId"":""shoe-49"",""watchId"":""watch-R14""}",suit-6,"Approved medium-light cornflower / steel-blue near-solid, not S09 windowpane",shirt-DS002,DS002 - source-repaired collar/body pilot,T018,Dark brown / slate-blue paisley,,Matching suit trousers,shoe-49,"Berluti Dress Shoes — Alessandro Infini Alto Oxford, Venezia calf, brown patina, lug sole",watch-R14,Rolex — Day-Date White Roman,S07,DS002,9.07068,9.177401,Tie gives a clear focal point; jacket-shirt contrast need not be maximized.
S07,baseline_heuristic,11,"{""suitId"":""S07"",""shirtId"":""DS019"",""state"":""T033"",""shoeId"":""shoe-5"",""watchId"":""watch-AP06""}",suit-6,"Approved medium-light cornflower / steel-blue near-solid, not S09 windowpane",shirt-DS019,Chestnut/warm mid-brown; Solid,T033,Dark navy / blue-gold monogram,,Matching suit trousers,shoe-5,Ecco Dress Shoes — Brown Oxford/Derby,watch-AP06,"Audemars Piguet — RO Black Dial, Rose Gold",S07,DS019,9.10238,9.467796,Tie gives a clear focal point; jacket-shirt contrast need not be maximized.
S07,baseline_heuristic,12,"{""suitId"":""S07"",""shirtId"":""DS023"",""state"":""T006"",""shoeId"":""shoe-5"",""watchId"":""watch-AP06""}",suit-6,"Approved medium-light cornflower / steel-blue near-solid, not S09 windowpane",shirt-DS023,Deep burgundy/oxblood; Solid color with micro-texture,T006,Dark ground / blue-gold floral,,Matching suit trousers,shoe-5,Ecco Dress Shoes — Brown Oxford/Derby,watch-AP06,"Audemars Piguet — RO Black Dial, Rose Gold",S07,DS023,9.085533,9.280625,Tie gives a clear focal point; jacket-shirt contrast need not be maximized.
S07,baseline_heuristic,13,"{""suitId"":""S07"",""shirtId"":""DS048"",""state"":""NO_TIE"",""shoeId"":""shoe-13"",""watchId"":""watch-AP10""}",suit-6,"Approved medium-light cornflower / steel-blue near-solid, not S09 windowpane",shirt-DS048,Brand not confirmed — navy/cream bold houndstooth,,No tie,,Matching suit trousers,shoe-13,Hermes Loafers — Black Kelly Hardware,watch-AP10,Audemars Piguet — RO Blue RG Bracelet,S07,DS048,9.039318,9.283947,Open collar has its own readable value/texture structure on the same quality scale; no missing-tie penalty.
S07,baseline_heuristic,14,"{""suitId"":""S07"",""shirtId"":""DS018"",""state"":""T018"",""shoeId"":""shoe-6"",""watchId"":""watch-AP10""}",suit-6,"Approved medium-light cornflower / steel-blue near-solid, not S09 windowpane",shirt-DS018,Mauve/rose; Prince of Wales/glen check,T018,Dark brown / slate-blue paisley,,Matching suit trousers,shoe-6,Allen Edmonds Dress Shoes — Brown Double Monk Strap,watch-AP10,Audemars Piguet — RO Blue RG Bracelet,S07,DS018,9.069583,9.103388,Tie gives a clear focal point; jacket-shirt contrast need not be maximized.
S07,baseline_heuristic,15,"{""suitId"":""S07"",""shirtId"":""DS030"",""state"":""T039"",""shoeId"":""shoe-6"",""watchId"":""watch-AP13""}",suit-6,"Approved medium-light cornflower / steel-blue near-solid, not S09 windowpane",shirt-DS030,Brooks Brothers 346 — light silver-grey herringbone,T039,Navy / light-blue floral,,Matching suit trousers,shoe-6,Allen Edmonds Dress Shoes — Brown Double Monk Strap,watch-AP13,Audemars Piguet — RO Blue RG Leather,S07,DS030,9.069648,9.193717,Tie gives a clear focal point; jacket-shirt contrast need not be maximized.
S07,research,1,"{""suitId"":""S07"",""shirtId"":""DS035"",""state"":""T023"",""shoeId"":""shoe-1"",""watchId"":""watch-AP09""}",suit-6,"Approved medium-light cornflower / steel-blue near-solid, not S09 windowpane",shirt-DS035,Zegna — ivory/off-white solid,T023,Burgundy / blue paisley,,Matching suit trousers,shoe-1,Christian Louboutin Dress Shoes — Black Single Monk,watch-AP09,Audemars Piguet — RO Dark Blue,S07,DS035,9.405945,9.370493,"The tie is deeper than the shirt, giving a readable focal point. Pattern scale and prominence leave a clear visual hierarchy. A recorded accent links the tie to another garment."
S07,research,2,"{""suitId"":""S07"",""shirtId"":""DS017"",""state"":""T021"",""shoeId"":""shoe-1"",""watchId"":""watch-AP09""}",suit-6,"Approved medium-light cornflower / steel-blue near-solid, not S09 windowpane",shirt-DS017,Brioni — cream/stone solid,T021,Dark navy / gold medallions,,Matching suit trousers,shoe-1,Christian Louboutin Dress Shoes — Black Single Monk,watch-AP09,Audemars Piguet — RO Dark Blue,S07,DS017,9.398577,9.164441,"The tie is deeper than the shirt, giving a readable focal point."
S07,research,3,"{""suitId"":""S07"",""shirtId"":""DS025"",""state"":""T030"",""shoeId"":""shoe-2"",""watchId"":""watch-R09""}",suit-6,"Approved medium-light cornflower / steel-blue near-solid, not S09 windowpane",shirt-DS025,Light pink; Solid,T030,Aubergine tonal geometric,,Matching suit trousers,shoe-2,Berluti Dress Shoes — Black Double Monk,watch-R09,Rolex — Datejust White Dial,S07,DS025,9.320742,9.113585,"The tie is deeper than the shirt, giving a readable focal point. Pattern scale and prominence leave a clear visual hierarchy."
S07,research,4,"{""suitId"":""S07"",""shirtId"":""DS009"",""state"":""T018"",""shoeId"":""shoe-2"",""watchId"":""watch-R09""}",suit-6,"Approved medium-light cornflower / steel-blue near-solid, not S09 windowpane",shirt-DS009,Brunello Cucinelli — sky-blue solid,T018,Dark brown / slate-blue paisley,,Matching suit trousers,shoe-2,Berluti Dress Shoes — Black Double Monk,watch-R09,Rolex — Datejust White Dial,S07,DS009,9.342878,9.298816,"The tie is deeper than the shirt, giving a readable focal point. A recorded accent links the tie to another garment."
S07,research,5,"{""suitId"":""S07"",""shirtId"":""DS014"",""state"":""T033"",""shoeId"":""shoe-3"",""watchId"":""watch-R11""}",suit-6,"Approved medium-light cornflower / steel-blue near-solid, not S09 windowpane",shirt-DS014,White; Solid,T033,Dark navy / blue-gold monogram,,Matching suit trousers,shoe-3,Ecco Dress Shoes — Black Oxford/Derby,watch-R11,Rolex — Day-Date Green,S07,DS014,9.360644,9.391612,"The tie is deeper than the shirt, giving a readable focal point. Pattern scale and prominence leave a clear visual hierarchy. A recorded accent links the tie to another garment."
S07,research,6,"{""suitId"":""S07"",""shirtId"":""DS005"",""state"":""T023"",""shoeId"":""shoe-3"",""watchId"":""watch-R11""}",suit-6,"Approved medium-light cornflower / steel-blue near-solid, not S09 windowpane",shirt-DS005,Cream/off-white; Visually near-solid; subtle windowpane metadata retained,T023,Burgundy / blue paisley,,Matching suit trousers,shoe-3,Ecco Dress Shoes — Black Oxford/Derby,watch-R11,Rolex — Day-Date Green,S07,DS005,9.383815,9.195493,"The tie is deeper than the shirt, giving a readable focal point. Pattern scale and prominence leave a clear visual hierarchy. A recorded accent links the tie to another garment."
S07,research,7,"{""suitId"":""S07"",""shirtId"":""DS035"",""state"":""T021"",""shoeId"":""shoe-4"",""watchId"":""watch-R13""}",suit-6,"Approved medium-light cornflower / steel-blue near-solid, not S09 windowpane",shirt-DS035,Zegna — ivory/off-white solid,T021,Dark navy / gold medallions,,Matching suit trousers,shoe-4,Christian Louboutin Dress Shoes — Dark Brown Derby Lace-up,watch-R13,Rolex — Day-Date Champagne,S07,DS035,9.370832,9.269441,"The tie is deeper than the shirt, giving a readable focal point."
S07,research,8,"{""suitId"":""S07"",""shirtId"":""DS036"",""state"":""NO_TIE"",""shoeId"":""shoe-13"",""watchId"":""watch-R13""}",suit-6,"Approved medium-light cornflower / steel-blue near-solid, not S09 windowpane",shirt-DS036,Zegna — chocolate-brown solid,,No tie,,Matching suit trousers,shoe-13,Hermes Loafers — Black Kelly Hardware,watch-R13,Rolex — Day-Date Champagne,S07,DS036,9.272962,9.268158,Open collar keeps the outfit uncluttered; no missing-tie penalty. Pattern scale and prominence leave a clear visual hierarchy.
S07,research,9,"{""suitId"":""S07"",""shirtId"":""DS028"",""state"":""T015"",""shoeId"":""shoe-4"",""watchId"":""watch-R14""}",suit-6,"Approved medium-light cornflower / steel-blue near-solid, not S09 windowpane",shirt-DS028,Tom James — very pale-blue birdseye / micro-check,T015,Navy / fine diagonal stripe,,Matching suit trousers,shoe-4,Christian Louboutin Dress Shoes — Dark Brown Derby Lace-up,watch-R14,Rolex — Day-Date White Roman,S07,DS028,9.33536,9.210625,"The tie is deeper than the shirt, giving a readable focal point. Pattern scale and prominence leave a clear visual hierarchy."
S07,research,10,"{""suitId"":""S07"",""shirtId"":""DS005"",""state"":""T022"",""shoeId"":""shoe-5"",""watchId"":""watch-R14""}",suit-6,"Approved medium-light cornflower / steel-blue near-solid, not S09 windowpane",shirt-DS005,Cream/off-white; Visually near-solid; subtle windowpane metadata retained,T022,Deep navy tonal honeycomb,,Matching suit trousers,shoe-5,Ecco Dress Shoes — Brown Oxford/Derby,watch-R14,Rolex — Day-Date White Roman,S07,DS005,9.372067,9.085165,"The tie is deeper than the shirt, giving a readable focal point. Pattern scale and prominence leave a clear visual hierarchy."
S07,research,11,"{""suitId"":""S07"",""shirtId"":""DS022"",""state"":""T035"",""shoeId"":""shoe-5"",""watchId"":""watch-AP06""}",suit-6,"Approved medium-light cornflower / steel-blue near-solid, not S09 windowpane",shirt-DS022,Darker lavender; Solid,T035,Navy / blue monogram,,Matching suit trousers,shoe-5,Ecco Dress Shoes — Brown Oxford/Derby,watch-AP06,"Audemars Piguet — RO Black Dial, Rose Gold",S07,DS022,9.330907,9.039506,"The tie is deeper than the shirt, giving a readable focal point. Pattern scale and prominence leave a clear visual hierarchy. A recorded accent links the tie to another garment."
S07,research,12,"{""suitId"":""S07"",""shirtId"":""DS024"",""state"":""T029"",""shoeId"":""shoe-6"",""watchId"":""watch-AP06""}",suit-6,"Approved medium-light cornflower / steel-blue near-solid, not S09 windowpane",shirt-DS024,Pale pink; Solid,T029,Navy / silver ornamental medallions,,Matching suit trousers,shoe-6,Allen Edmonds Dress Shoes — Brown Double Monk Strap,watch-AP06,"Audemars Piguet — RO Black Dial, Rose Gold",S07,DS024,9.334534,9.141085,"The tie is deeper than the shirt, giving a readable focal point."
S07,research,13,"{""suitId"":""S07"",""shirtId"":""DS008"",""state"":""T039"",""shoeId"":""shoe-6"",""watchId"":""watch-AP10""}",suit-6,"Approved medium-light cornflower / steel-blue near-solid, not S09 windowpane",shirt-DS008,Brunello Cucinelli — White with thin horizontal stripe,T039,Navy / light-blue floral,,Matching suit trousers,shoe-6,Allen Edmonds Dress Shoes — Brown Double Monk Strap,watch-AP10,Audemars Piguet — RO Blue RG Bracelet,S07,DS008,9.346579,9.323586,"The tie is deeper than the shirt, giving a readable focal point. Pattern scale and prominence leave a clear visual hierarchy. A recorded accent links the tie to another garment."
S07,research,14,"{""suitId"":""S07"",""shirtId"":""DS017"",""state"":""T022"",""shoeId"":""shoe-0"",""watchId"":""watch-AP10""}",suit-6,"Approved medium-light cornflower / steel-blue near-solid, not S09 windowpane",shirt-DS017,Brioni — cream/stone solid,T022,Deep navy tonal honeycomb,,Matching suit trousers,shoe-0,Louis Vuitton Dress Shoes — Black Embossed Monogram Lace-up,watch-AP10,Audemars Piguet — RO Blue RG Bracelet,S07,DS017,9.364215,9.120164,"The tie is deeper than the shirt, giving a readable focal point. Pattern scale and prominence leave a clear visual hierarchy."
S07,research,15,"{""suitId"":""S07"",""shirtId"":""DS002"",""state"":""T029"",""shoeId"":""shoe-13"",""watchId"":""watch-AP13""}",suit-6,"Approved medium-light cornflower / steel-blue near-solid, not S09 windowpane",shirt-DS002,DS002 - source-repaired collar/body pilot,T029,Navy / silver ornamental medallions,,Matching suit trousers,shoe-13,Hermes Loafers — Black Kelly Hardware,watch-AP13,Audemars Piguet — RO Blue RG Leather,S07,DS002,9.325571,8.858322,"The tie is deeper than the shirt, giving a readable focal point."
S08,baseline_curated,1,"{""suitId"":""S08"",""shirtId"":""DS017"",""state"":""T021"",""shoeId"":""shoe-8"",""watchId"":""watch-R03""}",suit-7,Blue / dark-charcoal tonal plaid/check,shirt-DS017,Brioni — cream/stone solid,T021,Dark navy / gold medallions,,Matching suit trousers,shoe-8,Gucci Loafers — Black Horsebit,watch-R03,Rolex — Daytona Panda,S08,DS017,,8.969079,Cream adds warmth to charcoal-blue plaid. Navy with small gold accents links the cool tailoring and warm shirt without a bright-red contrast.
S08,baseline_curated,2,"{""suitId"":""S08"",""shirtId"":""DS024"",""state"":""T030"",""shoeId"":""shoe-2"",""watchId"":""watch-AP09""}",suit-7,Blue / dark-charcoal tonal plaid/check,shirt-DS024,Pale pink; Solid,T030,Aubergine tonal geometric,,Matching suit trousers,shoe-2,Berluti Dress Shoes — Black Double Monk,watch-AP09,Audemars Piguet — RO Dark Blue,S08,DS024,,9.302895,Pale pink and aubergine keep the blue-charcoal plaid the principal geometry.
S08,baseline_curated,3,"{""suitId"":""S08"",""shirtId"":""DS035"",""state"":""T039"",""shoeId"":""shoe-3"",""watchId"":""watch-R03""}",suit-7,Blue / dark-charcoal tonal plaid/check,shirt-DS035,Zegna — ivory/off-white solid,T039,Navy / light-blue floral,,Matching suit trousers,shoe-3,Ecco Dress Shoes — Black Oxford/Derby,watch-R03,Rolex — Daytona Panda,S08,DS035,,9.015526,Ivory and a navy organic motif provide separation from the tonal plaid.
S08,baseline_heuristic,1,"{""suitId"":""S08"",""shirtId"":""DS029"",""state"":""T044"",""shoeId"":""shoe-1"",""watchId"":""watch-AP09""}",suit-7,Blue / dark-charcoal tonal plaid/check,shirt-DS029,Brooks Brothers 346 — ice-blue / silver-blue herringbone,T044,Silver-grey tonal floral-paisley,,Matching suit trousers,shoe-1,Christian Louboutin Dress Shoes — Black Single Monk,watch-AP09,Audemars Piguet — RO Dark Blue,S08,DS029,9.104819,9.437961,Tie gives a clear focal point; jacket-shirt contrast need not be maximized.
S08,baseline_heuristic,2,"{""suitId"":""S08"",""shirtId"":""DS044"",""state"":""T028"",""shoeId"":""shoe-1"",""watchId"":""watch-AP09""}",suit-7,Blue / dark-charcoal tonal plaid/check,shirt-DS044,Emanuel Berg — white with navy micro-diamond / dot print,T028,Midnight-navy tonal paisley,,Matching suit trousers,shoe-1,Christian Louboutin Dress Shoes — Black Single Monk,watch-AP09,Audemars Piguet — RO Dark Blue,S08,DS044,9.09785,9.360526,Tie gives a clear focal point; jacket-shirt contrast need not be maximized.
S08,baseline_heuristic,3,"{""suitId"":""S08"",""shirtId"":""DS031"",""state"":""NO_TIE"",""shoeId"":""shoe-13"",""watchId"":""watch-R09""}",suit-7,Blue / dark-charcoal tonal plaid/check,shirt-DS031,Hugo Boss — lavender windowpane over micro-check,,No tie,,Matching suit trousers,shoe-13,Hermes Loafers — Black Kelly Hardware,watch-R09,Rolex — Datejust White Dial,S08,DS031,9.093213,9.455,Open collar has its own readable value/texture structure on the same quality scale; no missing-tie penalty.
S08,baseline_heuristic,4,"{""suitId"":""S08"",""shirtId"":""DS035"",""state"":""T047"",""shoeId"":""shoe-2"",""watchId"":""watch-R09""}",suit-7,Blue / dark-charcoal tonal plaid/check,shirt-DS035,Zegna — ivory/off-white solid,T047,Pistachio / blue micro-geometric,,Matching suit trousers,shoe-2,Berluti Dress Shoes — Black Double Monk,watch-R09,Rolex — Datejust White Dial,S08,DS035,9.103081,9.418651,Tie gives a clear focal point; jacket-shirt contrast need not be maximized.
S08,baseline_heuristic,5,"{""suitId"":""S08"",""shirtId"":""DS030"",""state"":""T030"",""shoeId"":""shoe-2"",""watchId"":""watch-R11""}",suit-7,Blue / dark-charcoal tonal plaid/check,shirt-DS030,Brooks Brothers 346 — light silver-grey herringbone,T030,Aubergine tonal geometric,,Matching suit trousers,shoe-2,Berluti Dress Shoes — Black Double Monk,watch-R11,Rolex — Day-Date Green,S08,DS030,9.085356,9.221711,Tie gives a clear focal point; jacket-shirt contrast need not be maximized.
S08,baseline_heuristic,6,"{""suitId"":""S08"",""shirtId"":""DS024"",""state"":""T033"",""shoeId"":""shoe-3"",""watchId"":""watch-R11""}",suit-7,Blue / dark-charcoal tonal plaid/check,shirt-DS024,Pale pink; Solid,T033,Dark navy / blue-gold monogram,,Matching suit trousers,shoe-3,Ecco Dress Shoes — Black Oxford/Derby,watch-R11,Rolex — Day-Date Green,S08,DS024,9.099076,9.374145,Tie gives a clear focal point; jacket-shirt contrast need not be maximized.
S08,baseline_heuristic,7,"{""suitId"":""S08"",""shirtId"":""DS020"",""state"":""T045"",""shoeId"":""shoe-3"",""watchId"":""watch-R13""}",suit-7,Blue / dark-charcoal tonal plaid/check,shirt-DS020,Paul Fredrick — white / soft-pink stripe,T045,Pale pink / blue micro-dot,,Matching suit trousers,shoe-3,Ecco Dress Shoes — Black Oxford/Derby,watch-R13,Rolex — Day-Date Champagne,S08,DS020,9.09308,9.307533,Tie gives a clear focal point; jacket-shirt contrast need not be maximized.
S08,baseline_heuristic,8,"{""suitId"":""S08"",""shirtId"":""DS017"",""state"":""T006"",""shoeId"":""shoe-4"",""watchId"":""watch-R13""}",suit-7,Blue / dark-charcoal tonal plaid/check,shirt-DS017,Brioni — cream/stone solid,T006,Dark ground / blue-gold floral,,Matching suit trousers,shoe-4,Christian Louboutin Dress Shoes — Dark Brown Derby Lace-up,watch-R13,Rolex — Day-Date Champagne,S08,DS017,9.079345,9.184079,Tie gives a clear focal point; jacket-shirt contrast need not be maximized.
S08,baseline_heuristic,9,"{""suitId"":""S08"",""shirtId"":""DS016"",""state"":""NO_TIE"",""shoeId"":""shoe-13"",""watchId"":""watch-R14""}",suit-7,Blue / dark-charcoal tonal plaid/check,shirt-DS016,Brioni — tan/beige,,No tie,,Matching suit trousers,shoe-13,Hermes Loafers — Black Kelly Hardware,watch-R14,Rolex — Day-Date White Roman,S08,DS016,9.060291,9.489211,Open collar has its own readable value/texture structure on the same quality scale; no missing-tie penalty.
S08,baseline_heuristic,10,"{""suitId"":""S08"",""shirtId"":""DS028"",""state"":""T028"",""shoeId"":""shoe-4"",""watchId"":""watch-R14""}",suit-7,Blue / dark-charcoal tonal plaid/check,shirt-DS028,Tom James — very pale-blue birdseye / micro-check,T028,Midnight-navy tonal paisley,,Matching suit trousers,shoe-4,Christian Louboutin Dress Shoes — Dark Brown Derby Lace-up,watch-R14,Rolex — Day-Date White Roman,S08,DS028,9.100506,9.41921,Tie gives a clear focal point; jacket-shirt contrast need not be maximized.
S08,baseline_heuristic,11,"{""suitId"":""S08"",""shirtId"":""DS044"",""state"":""T044"",""shoeId"":""shoe-49"",""watchId"":""watch-AP06""}",suit-7,Blue / dark-charcoal tonal plaid/check,shirt-DS044,Emanuel Berg — white with navy micro-diamond / dot print,T044,Silver-grey tonal floral-paisley,,Matching suit trousers,shoe-49,"Berluti Dress Shoes — Alessandro Infini Alto Oxford, Venezia calf, brown patina, lug sole",watch-AP06,"Audemars Piguet — RO Black Dial, Rose Gold",S08,DS044,9.09205,9.353026,Tie gives a clear focal point; jacket-shirt contrast need not be maximized.
S08,baseline_heuristic,12,"{""suitId"":""S08"",""shirtId"":""DS030"",""state"":""T010"",""shoeId"":""shoe-49"",""watchId"":""watch-AP06""}",suit-7,Blue / dark-charcoal tonal plaid/check,shirt-DS030,Brooks Brothers 346 — light silver-grey herringbone,T010,Near-black / white spaced dots,,Matching suit trousers,shoe-49,"Berluti Dress Shoes — Alessandro Infini Alto Oxford, Venezia calf, brown patina, lug sole",watch-AP06,"Audemars Piguet — RO Black Dial, Rose Gold",S08,DS030,9.091872,9.351052,Tie gives a clear focal point; jacket-shirt contrast need not be maximized.
S08,baseline_heuristic,13,"{""suitId"":""S08"",""shirtId"":""DS029"",""state"":""T010"",""shoeId"":""shoe-5"",""watchId"":""watch-AP10""}",suit-7,Blue / dark-charcoal tonal plaid/check,shirt-DS029,Brooks Brothers 346 — ice-blue / silver-blue herringbone,T010,Near-black / white spaced dots,,Matching suit trousers,shoe-5,Ecco Dress Shoes — Brown Oxford/Derby,watch-AP10,Audemars Piguet — RO Blue RG Bracelet,S08,DS029,9.091872,9.351052,Tie gives a clear focal point; jacket-shirt contrast need not be maximized.
S08,baseline_heuristic,14,"{""suitId"":""S08"",""shirtId"":""DS022"",""state"":""T035"",""shoeId"":""shoe-5"",""watchId"":""watch-AP10""}",suit-7,Blue / dark-charcoal tonal plaid/check,shirt-DS022,Darker lavender; Solid,T035,Navy / blue monogram,,Matching suit trousers,shoe-5,Ecco Dress Shoes — Brown Oxford/Derby,watch-AP10,Audemars Piguet — RO Blue RG Bracelet,S08,DS022,9.074459,9.157566,Tie gives a clear focal point; jacket-shirt contrast need not be maximized.
S08,baseline_heuristic,15,"{""suitId"":""S08"",""shirtId"":""DS035"",""state"":""T033"",""shoeId"":""shoe-6"",""watchId"":""watch-AP13""}",suit-7,Blue / dark-charcoal tonal plaid/check,shirt-DS035,Zegna — ivory/off-white solid,T033,Dark navy / blue-gold monogram,,Matching suit trousers,shoe-6,Allen Edmonds Dress Shoes — Brown Double Monk Strap,watch-AP13,Audemars Piguet — RO Blue RG Leather,S08,DS035,9.091488,9.346776,Tie gives a clear focal point; jacket-shirt contrast need not be maximized.
S08,research,1,"{""suitId"":""S08"",""shirtId"":""DS017"",""state"":""T021"",""shoeId"":""shoe-1"",""watchId"":""watch-AP09""}",suit-7,Blue / dark-charcoal tonal plaid/check,shirt-DS017,Brioni — cream/stone solid,T021,Dark navy / gold medallions,,Matching suit trousers,shoe-1,Christian Louboutin Dress Shoes — Black Single Monk,watch-AP09,Audemars Piguet — RO Dark Blue,S08,DS017,9.440757,8.969079,"The tie is deeper than the shirt, giving a readable focal point."
S08,research,2,"{""suitId"":""S08"",""shirtId"":""DS035"",""state"":""T023"",""shoeId"":""shoe-1"",""watchId"":""watch-AP09""}",suit-7,Blue / dark-charcoal tonal plaid/check,shirt-DS035,Zegna — ivory/off-white solid,T023,Burgundy / blue paisley,,Matching suit trousers,shoe-1,Christian Louboutin Dress Shoes — Black Single Monk,watch-AP09,Audemars Piguet — RO Dark Blue,S08,DS035,9.430558,8.942237,"The tie is deeper than the shirt, giving a readable focal point. Pattern scale and prominence leave a clear visual hierarchy. A recorded accent links the tie to another garment."
S08,research,3,"{""suitId"":""S08"",""shirtId"":""DS005"",""state"":""T022"",""shoeId"":""shoe-2"",""watchId"":""watch-R09""}",suit-7,Blue / dark-charcoal tonal plaid/check,shirt-DS005,Cream/off-white; Visually near-solid; subtle windowpane metadata retained,T022,Deep navy tonal honeycomb,,Matching suit trousers,shoe-2,Berluti Dress Shoes — Black Double Monk,watch-R09,Rolex — Datejust White Dial,S08,DS005,9.43017,9.268026,"The tie is deeper than the shirt, giving a readable focal point. Pattern scale and prominence leave a clear visual hierarchy."
S08,research,4,"{""suitId"":""S08"",""shirtId"":""DS035"",""state"":""T029"",""shoeId"":""shoe-2"",""watchId"":""watch-R09""}",suit-7,Blue / dark-charcoal tonal plaid/check,shirt-DS035,Zegna — ivory/off-white solid,T029,Navy / silver ornamental medallions,,Matching suit trousers,shoe-2,Berluti Dress Shoes — Black Double Monk,watch-R09,Rolex — Datejust White Dial,S08,DS035,9.423192,9.085526,"The tie is deeper than the shirt, giving a readable focal point."
S08,research,5,"{""suitId"":""S08"",""shirtId"":""DS017"",""state"":""T023"",""shoeId"":""shoe-3"",""watchId"":""watch-R11""}",suit-7,Blue / dark-charcoal tonal plaid/check,shirt-DS017,Brioni — cream/stone solid,T023,Burgundy / blue paisley,,Matching suit trousers,shoe-3,Ecco Dress Shoes — Black Oxford/Derby,watch-R11,Rolex — Day-Date Green,S08,DS017,9.409526,8.837237,"The tie is deeper than the shirt, giving a readable focal point. Pattern scale and prominence leave a clear visual hierarchy. A recorded accent links the tie to another garment."
S08,research,6,"{""suitId"":""S08"",""shirtId"":""DS007"",""state"":""T018"",""shoeId"":""shoe-3"",""watchId"":""watch-R11""}",suit-7,Blue / dark-charcoal tonal plaid/check,shirt-DS007,Paul Fredrick — Light blue micro-check,T018,Dark brown / slate-blue paisley,,Matching suit trousers,shoe-3,Ecco Dress Shoes — Black Oxford/Derby,watch-R11,Rolex — Day-Date Green,S08,DS007,9.337864,8.978618,"The tie is deeper than the shirt, giving a readable focal point. A recorded accent links the tie to another garment."
S08,research,7,"{""suitId"":""S08"",""shirtId"":""DS005"",""state"":""T021"",""shoeId"":""shoe-4"",""watchId"":""watch-R13""}",suit-7,Blue / dark-charcoal tonal plaid/check,shirt-DS005,Cream/off-white; Visually near-solid; subtle windowpane metadata retained,T021,Dark navy / gold medallions,,Matching suit trousers,shoe-4,Christian Louboutin Dress Shoes — Dark Brown Derby Lace-up,watch-R13,Rolex — Day-Date Champagne,S08,DS005,9.437661,8.899079,"The tie is deeper than the shirt, giving a readable focal point."
S08,research,8,"{""suitId"":""S08"",""shirtId"":""DS014"",""state"":""T029"",""shoeId"":""shoe-4"",""watchId"":""watch-R13""}",suit-7,Blue / dark-charcoal tonal plaid/check,shirt-DS014,White; Solid,T029,Navy / silver ornamental medallions,,Matching suit trousers,shoe-4,Christian Louboutin Dress Shoes — Dark Brown Derby Lace-up,watch-R13,Rolex — Day-Date Champagne,S08,DS014,9.378601,8.945526,"The tie is deeper than the shirt, giving a readable focal point."
S08,research,9,"{""suitId"":""S08"",""shirtId"":""DS002"",""state"":""T022"",""shoeId"":""shoe-0"",""watchId"":""watch-R14""}",suit-7,Blue / dark-charcoal tonal plaid/check,shirt-DS002,DS002 - source-repaired collar/body pilot,T022,Deep navy tonal honeycomb,,Matching suit trousers,shoe-0,Louis Vuitton Dress Shoes — Black Embossed Monogram Lace-up,watch-R14,Rolex — Day-Date White Roman,S08,DS002,9.356706,8.268553,"The tie is deeper than the shirt, giving a readable focal point. Pattern scale and prominence leave a clear visual hierarchy."
S08,research,10,"{""suitId"":""S08"",""shirtId"":""DS025"",""state"":""T030"",""shoeId"":""shoe-0"",""watchId"":""watch-R14""}",suit-7,Blue / dark-charcoal tonal plaid/check,shirt-DS025,Light pink; Solid,T030,Aubergine tonal geometric,,Matching suit trousers,shoe-0,Louis Vuitton Dress Shoes — Black Embossed Monogram Lace-up,watch-R14,Rolex — Day-Date White Roman,S08,DS025,9.284494,9.337895,"The tie is deeper than the shirt, giving a readable focal point. Pattern scale and prominence leave a clear visual hierarchy."
S08,research,11,"{""suitId"":""S08"",""shirtId"":""DS001"",""state"":""T016"",""shoeId"":""shoe-13"",""watchId"":""watch-AP06""}",suit-7,Blue / dark-charcoal tonal plaid/check,shirt-DS001,White; Solid,T016,Burgundy-red / silver diagonal stripe,,Matching suit trousers,shoe-13,Hermes Loafers — Black Kelly Hardware,watch-AP06,"Audemars Piguet — RO Black Dial, Rose Gold",S08,DS001,9.291218,8.7,"The tie is deeper than the shirt, giving a readable focal point."
S08,research,12,"{""suitId"":""S08"",""shirtId"":""DS001"",""state"":""T033"",""shoeId"":""shoe-13"",""watchId"":""watch-AP06""}",suit-7,Blue / dark-charcoal tonal plaid/check,shirt-DS001,White; Solid,T033,Dark navy / blue-gold monogram,,Matching suit trousers,shoe-13,Hermes Loafers — Black Kelly Hardware,watch-AP06,"Audemars Piguet — RO Black Dial, Rose Gold",S08,DS001,9.336994,9.171776,"The tie is deeper than the shirt, giving a readable focal point. Pattern scale and prominence leave a clear visual hierarchy. A recorded accent links the tie to another garment."
S08,research,13,"{""suitId"":""S08"",""shirtId"":""DS030"",""state"":""T039"",""shoeId"":""shoe-8"",""watchId"":""watch-AP10""}",suit-7,Blue / dark-charcoal tonal plaid/check,shirt-DS030,Brooks Brothers 346 — light silver-grey herringbone,T039,Navy / light-blue floral,,Matching suit trousers,shoe-8,Gucci Loafers — Black Horsebit,watch-AP10,Audemars Piguet — RO Blue RG Bracelet,S08,DS030,9.286866,9.026711,"The tie is deeper than the shirt, giving a readable focal point. Pattern scale and prominence leave a clear visual hierarchy. A recorded accent links the tie to another garment."
S08,research,14,"{""suitId"":""S08"",""shirtId"":""DS014"",""state"":""T033"",""shoeId"":""shoe-8"",""watchId"":""watch-AP10""}",suit-7,Blue / dark-charcoal tonal plaid/check,shirt-DS014,White; Solid,T033,Dark navy / blue-gold monogram,,Matching suit trousers,shoe-8,Gucci Loafers — Black Horsebit,watch-AP10,Audemars Piguet — RO Blue RG Bracelet,S08,DS014,9.338639,9.276776,"The tie is deeper than the shirt, giving a readable focal point. Pattern scale and prominence leave a clear visual hierarchy. A recorded accent links the tie to another garment."
S08,research,15,"{""suitId"":""S08"",""shirtId"":""DS044"",""state"":""T015"",""shoeId"":""shoe-11"",""watchId"":""watch-AP13""}",suit-7,Blue / dark-charcoal tonal plaid/check,shirt-DS044,Emanuel Berg — white with navy micro-diamond / dot print,T015,Navy / fine diagonal stripe,,Matching suit trousers,shoe-11,"Gucci Loafers — Dark Espresso Brown/Oxblood Horsebit, Polished Leather",watch-AP13,Audemars Piguet — RO Blue RG Leather,S08,DS044,9.282898,9.178421,"The tie is deeper than the shirt, giving a readable focal point. Pattern scale and prominence leave a clear visual hierarchy. A recorded accent links the tie to another garment."
S09,baseline_curated,1,"{""suitId"":""S09"",""shirtId"":""DS006"",""state"":""T023"",""shoeId"":""shoe-4"",""watchId"":""watch-P08""}",suit-8,Approved blue and dark-navy tonal plaid/check; checkpoint95 inside97,shirt-DS006,Brunello Cucinelli — light blue solid,T023,Burgundy / blue paisley,,Matching suit trousers,shoe-4,Christian Louboutin Dress Shoes — Dark Brown Derby Lace-up,watch-P08,Patek Philippe — Nautilus 5811,S09,DS006,,8.743487,Pale blue unifies the blue plaid; burgundy paisley supplies a different pattern shape.
S09,baseline_curated,2,"{""suitId"":""S09"",""shirtId"":""DS017"",""state"":""T028"",""shoeId"":""shoe-8"",""watchId"":""watch-P05""}",suit-8,Approved blue and dark-navy tonal plaid/check; checkpoint95 inside97,shirt-DS017,Brioni — cream/stone solid,T028,Midnight-navy tonal paisley,,Matching suit trousers,shoe-8,Gucci Loafers — Black Horsebit,watch-P05,Patek Philippe — Nautilus 5712,S09,DS017,,9.383026,Cream and a quiet navy tie make the checked blue suit the focus.
S09,baseline_heuristic,1,"{""suitId"":""S09"",""shirtId"":""DS024"",""state"":""T028"",""shoeId"":""shoe-1"",""watchId"":""watch-AP09""}",suit-8,Approved blue and dark-navy tonal plaid/check; checkpoint95 inside97,shirt-DS024,Pale pink; Solid,T028,Midnight-navy tonal paisley,,Matching suit trousers,shoe-1,Christian Louboutin Dress Shoes — Black Single Monk,watch-AP09,Audemars Piguet — RO Dark Blue,S09,DS024,9.108638,9.480395,Tie gives a clear focal point; jacket-shirt contrast need not be maximized.
S09,baseline_heuristic,2,"{""suitId"":""S09"",""shirtId"":""DS020"",""state"":""T045"",""shoeId"":""shoe-1"",""watchId"":""watch-AP09""}",suit-8,Approved blue and dark-navy tonal plaid/check; checkpoint95 inside97,shirt-DS020,Paul Fredrick — white / soft-pink stripe,T045,Pale pink / blue micro-dot,,Matching suit trousers,shoe-1,Christian Louboutin Dress Shoes — Black Single Monk,watch-AP09,Audemars Piguet — RO Dark Blue,S09,DS020,9.09308,9.307533,Tie gives a clear focal point; jacket-shirt contrast need not be maximized.
S09,baseline_heuristic,3,"{""suitId"":""S09"",""shirtId"":""DS029"",""state"":""T044"",""shoeId"":""shoe-2"",""watchId"":""watch-R09""}",suit-8,Approved blue and dark-navy tonal plaid/check; checkpoint95 inside97,shirt-DS029,Brooks Brothers 346 — ice-blue / silver-blue herringbone,T044,Silver-grey tonal floral-paisley,,Matching suit trousers,shoe-2,Berluti Dress Shoes — Black Double Monk,watch-R09,Rolex — Datejust White Dial,S09,DS029,9.102456,9.41171,Tie gives a clear focal point; jacket-shirt contrast need not be maximized.
S09,baseline_heuristic,4,"{""suitId"":""S09"",""shirtId"":""DS035"",""state"":""T047"",""shoeId"":""shoe-2"",""watchId"":""watch-R09""}",suit-8,Approved blue and dark-navy tonal plaid/check; checkpoint95 inside97,shirt-DS035,Zegna — ivory/off-white solid,T047,Pistachio / blue micro-geometric,,Matching suit trousers,shoe-2,Berluti Dress Shoes — Black Double Monk,watch-R09,Rolex — Datejust White Dial,S09,DS035,9.103081,9.418651,Tie gives a clear focal point; jacket-shirt contrast need not be maximized.
S09,baseline_heuristic,5,"{""suitId"":""S09"",""shirtId"":""DS044"",""state"":""T028"",""shoeId"":""shoe-3"",""watchId"":""watch-R11""}",suit-8,Approved blue and dark-navy tonal plaid/check; checkpoint95 inside97,shirt-DS044,Emanuel Berg — white with navy micro-diamond / dot print,T028,Midnight-navy tonal paisley,,Matching suit trousers,shoe-3,Ecco Dress Shoes — Black Oxford/Derby,watch-R11,Rolex — Day-Date Green,S09,DS044,9.1019,9.405526,Tie gives a clear focal point; jacket-shirt contrast need not be maximized.
S09,baseline_heuristic,6,"{""suitId"":""S09"",""shirtId"":""DS022"",""state"":""T006"",""shoeId"":""shoe-3"",""watchId"":""watch-R11""}",suit-8,Approved blue and dark-navy tonal plaid/check; checkpoint95 inside97,shirt-DS022,Darker lavender; Solid,T006,Dark ground / blue-gold floral,,Matching suit trousers,shoe-3,Ecco Dress Shoes — Black Oxford/Derby,watch-R11,Rolex — Day-Date Green,S09,DS022,9.067528,9.023619,Tie gives a clear focal point; jacket-shirt contrast need not be maximized.
S09,baseline_heuristic,7,"{""suitId"":""S09"",""shirtId"":""DS012"",""state"":""NO_TIE"",""shoeId"":""shoe-13"",""watchId"":""watch-R13""}",suit-8,Approved blue and dark-navy tonal plaid/check; checkpoint95 inside97,shirt-DS012,Theory — solid black,,No tie,,Matching suit trousers,shoe-13,Hermes Loafers — Black Kelly Hardware,watch-R13,Rolex — Day-Date Champagne,S09,DS012,9.041818,9.283947,Open collar has its own readable value/texture structure on the same quality scale; no missing-tie penalty.
S09,baseline_heuristic,8,"{""suitId"":""S09"",""shirtId"":""DS035"",""state"":""T022"",""shoeId"":""shoe-4"",""watchId"":""watch-R13""}",suit-8,Approved blue and dark-navy tonal plaid/check; checkpoint95 inside97,shirt-DS035,Zegna — ivory/off-white solid,T022,Deep navy tonal honeycomb,,Matching suit trousers,shoe-4,Christian Louboutin Dress Shoes — Dark Brown Derby Lace-up,watch-R13,Rolex — Day-Date Champagne,S09,DS035,9.10355,9.453026,Tie gives a clear focal point; jacket-shirt contrast need not be maximized.
S09,baseline_heuristic,9,"{""suitId"":""S09"",""shirtId"":""DS029"",""state"":""T010"",""shoeId"":""shoe-4"",""watchId"":""watch-R14""}",suit-8,Approved blue and dark-navy tonal plaid/check; checkpoint95 inside97,shirt-DS029,Brooks Brothers 346 — ice-blue / silver-blue herringbone,T010,Near-black / white spaced dots,,Matching suit trousers,shoe-4,Christian Louboutin Dress Shoes — Dark Brown Derby Lace-up,watch-R14,Rolex — Day-Date White Roman,S09,DS029,9.098991,9.402368,Tie gives a clear focal point; jacket-shirt contrast need not be maximized.
S09,baseline_heuristic,10,"{""suitId"":""S09"",""shirtId"":""DS017"",""state"":""T015"",""shoeId"":""shoe-49"",""watchId"":""watch-R14""}",suit-8,Approved blue and dark-navy tonal plaid/check; checkpoint95 inside97,shirt-DS017,Brioni — cream/stone solid,T015,Navy / fine diagonal stripe,,Matching suit trousers,shoe-49,"Berluti Dress Shoes — Alessandro Infini Alto Oxford, Venezia calf, brown patina, lug sole",watch-R14,Rolex — Day-Date White Roman,S09,DS017,9.084117,9.237105,Tie gives a clear focal point; jacket-shirt contrast need not be maximized.
S09,baseline_heuristic,11,"{""suitId"":""S09"",""shirtId"":""DS030"",""state"":""T006"",""shoeId"":""shoe-49"",""watchId"":""watch-AP06""}",suit-8,Approved blue and dark-navy tonal plaid/check; checkpoint95 inside97,shirt-DS030,Brooks Brothers 346 — light silver-grey herringbone,T006,Dark ground / blue-gold floral,,Matching suit trousers,shoe-49,"Berluti Dress Shoes — Alessandro Infini Alto Oxford, Venezia calf, brown patina, lug sole",watch-AP06,"Audemars Piguet — RO Black Dial, Rose Gold",S09,DS030,9.079995,9.219079,Tie gives a clear focal point; jacket-shirt contrast need not be maximized.
S09,baseline_heuristic,12,"{""suitId"":""S09"",""shirtId"":""DS014"",""state"":""T010"",""shoeId"":""shoe-5"",""watchId"":""watch-AP06""}",suit-8,Approved blue and dark-navy tonal plaid/check; checkpoint95 inside97,shirt-DS014,White; Solid,T010,Near-black / white spaced dots,,Matching suit trousers,shoe-5,Ecco Dress Shoes — Brown Oxford/Derby,watch-AP06,"Audemars Piguet — RO Black Dial, Rose Gold",S09,DS014,9.091209,9.343684,Tie gives a clear focal point; jacket-shirt contrast need not be maximized.
S09,baseline_heuristic,13,"{""suitId"":""S09"",""shirtId"":""DS037"",""state"":""T022"",""shoeId"":""shoe-5"",""watchId"":""watch-AP10""}",suit-8,Approved blue and dark-navy tonal plaid/check; checkpoint95 inside97,shirt-DS037,Loewe — taupe/medium-brown solid,T022,Deep navy tonal honeycomb,,Matching suit trousers,shoe-5,Ecco Dress Shoes — Brown Oxford/Derby,watch-AP10,Audemars Piguet — RO Blue RG Bracelet,S09,DS037,9.070171,9.109934,Tie gives a clear focal point; jacket-shirt contrast need not be maximized.
S09,baseline_heuristic,14,"{""suitId"":""S09"",""shirtId"":""DS007"",""state"":""NO_TIE"",""shoeId"":""shoe-13"",""watchId"":""watch-AP10""}",suit-8,Approved blue and dark-navy tonal plaid/check; checkpoint95 inside97,shirt-DS007,Paul Fredrick — Light blue micro-check,,No tie,,Matching suit trousers,shoe-13,Hermes Loafers — Black Kelly Hardware,watch-AP10,Audemars Piguet — RO Blue RG Bracelet,S09,DS007,9.084555,9.386579,Open collar has its own readable value/texture structure on the same quality scale; no missing-tie penalty.
S09,baseline_heuristic,15,"{""suitId"":""S09"",""shirtId"":""DS006"",""state"":""T033"",""shoeId"":""shoe-6"",""watchId"":""watch-AP13""}",suit-8,Approved blue and dark-navy tonal plaid/check; checkpoint95 inside97,shirt-DS006,Brunello Cucinelli — light blue solid,T033,Dark navy / blue-gold monogram,,Matching suit trousers,shoe-6,Allen Edmonds Dress Shoes — Brown Double Monk Strap,watch-AP13,Audemars Piguet — RO Blue RG Leather,S09,DS006,9.084063,9.264276,Tie gives a clear focal point; jacket-shirt contrast need not be maximized.
S09,research,1,"{""suitId"":""S09"",""shirtId"":""DS017"",""state"":""T021"",""shoeId"":""shoe-1"",""watchId"":""watch-AP09""}",suit-8,Approved blue and dark-navy tonal plaid/check; checkpoint95 inside97,shirt-DS017,Brioni — cream/stone solid,T021,Dark navy / gold medallions,,Matching suit trousers,shoe-1,Christian Louboutin Dress Shoes — Black Single Monk,watch-AP09,Audemars Piguet — RO Dark Blue,S09,DS017,9.440741,9.015263,"The tie is deeper than the shirt, giving a readable focal point. A recorded accent links the tie to another garment."
S09,research,2,"{""suitId"":""S09"",""shirtId"":""DS035"",""state"":""T023"",""shoeId"":""shoe-1"",""watchId"":""watch-AP09""}",suit-8,Approved blue and dark-navy tonal plaid/check; checkpoint95 inside97,shirt-DS035,Zegna — ivory/off-white solid,T023,Burgundy / blue paisley,,Matching suit trousers,shoe-1,Christian Louboutin Dress Shoes — Black Single Monk,watch-AP09,Audemars Piguet — RO Dark Blue,S09,DS035,9.397933,8.942237,"The tie is deeper than the shirt, giving a readable focal point. Pattern scale and prominence leave a clear visual hierarchy. A recorded accent links the tie to another garment."
S09,research,3,"{""suitId"":""S09"",""shirtId"":""DS005"",""state"":""T022"",""shoeId"":""shoe-2"",""watchId"":""watch-R09""}",suit-8,Approved blue and dark-navy tonal plaid/check; checkpoint95 inside97,shirt-DS005,Cream/off-white; Visually near-solid; subtle windowpane metadata retained,T022,Deep navy tonal honeycomb,,Matching suit trousers,shoe-2,Berluti Dress Shoes — Black Double Monk,watch-R09,Rolex — Datejust White Dial,S09,DS005,9.43519,9.313026,"The tie is deeper than the shirt, giving a readable focal point. Pattern scale and prominence leave a clear visual hierarchy. A recorded accent links the tie to another garment."
S09,research,4,"{""suitId"":""S09"",""shirtId"":""DS035"",""state"":""T029"",""shoeId"":""shoe-2"",""watchId"":""watch-R09""}",suit-8,Approved blue and dark-navy tonal plaid/check; checkpoint95 inside97,shirt-DS035,Zegna — ivory/off-white solid,T029,Navy / silver ornamental medallions,,Matching suit trousers,shoe-2,Berluti Dress Shoes — Black Double Monk,watch-R09,Rolex — Datejust White Dial,S09,DS035,9.423158,9.130526,"The tie is deeper than the shirt, giving a readable focal point. A recorded accent links the tie to another garment."
S09,research,5,"{""suitId"":""S09"",""shirtId"":""DS005"",""state"":""T021"",""shoeId"":""shoe-3"",""watchId"":""watch-R11""}",suit-8,Approved blue and dark-navy tonal plaid/check; checkpoint95 inside97,shirt-DS005,Cream/off-white; Visually near-solid; subtle windowpane metadata retained,T021,Dark navy / gold medallions,,Matching suit trousers,shoe-3,Ecco Dress Shoes — Black Oxford/Derby,watch-R11,Rolex — Day-Date Green,S09,DS005,9.439645,8.945263,"The tie is deeper than the shirt, giving a readable focal point. A recorded accent links the tie to another garment."
S09,research,6,"{""suitId"":""S09"",""shirtId"":""DS017"",""state"":""T022"",""shoeId"":""shoe-3"",""watchId"":""watch-R11""}",suit-8,Approved blue and dark-navy tonal plaid/check; checkpoint95 inside97,shirt-DS017,Brioni — cream/stone solid,T022,Deep navy tonal honeycomb,,Matching suit trousers,shoe-3,Ecco Dress Shoes — Black Oxford/Derby,watch-R11,Rolex — Day-Date Green,S09,DS017,9.435738,9.348026,"The tie is deeper than the shirt, giving a readable focal point. Pattern scale and prominence leave a clear visual hierarchy. A recorded accent links the tie to another garment."
S09,research,7,"{""suitId"":""S09"",""shirtId"":""DS014"",""state"":""T029"",""shoeId"":""shoe-4"",""watchId"":""watch-R13""}",suit-8,Approved blue and dark-navy tonal plaid/check; checkpoint95 inside97,shirt-DS014,White; Solid,T029,Navy / silver ornamental medallions,,Matching suit trousers,shoe-4,Christian Louboutin Dress Shoes — Dark Brown Derby Lace-up,watch-R13,Rolex — Day-Date Champagne,S09,DS014,9.370567,8.990526,"The tie is deeper than the shirt, giving a readable focal point. A recorded accent links the tie to another garment."
S09,research,8,"{""suitId"":""S09"",""shirtId"":""DS025"",""state"":""T030"",""shoeId"":""shoe-4"",""watchId"":""watch-R13""}",suit-8,Approved blue and dark-navy tonal plaid/check; checkpoint95 inside97,shirt-DS025,Light pink; Solid,T030,Aubergine tonal geometric,,Matching suit trousers,shoe-4,Christian Louboutin Dress Shoes — Dark Brown Derby Lace-up,watch-R13,Rolex — Day-Date Champagne,S09,DS025,9.296854,9.337895,"The tie is deeper than the shirt, giving a readable focal point. Pattern scale and prominence leave a clear visual hierarchy."
S09,research,9,"{""suitId"":""S09"",""shirtId"":""DS014"",""state"":""T023"",""shoeId"":""shoe-5"",""watchId"":""watch-R14""}",suit-8,Approved blue and dark-navy tonal plaid/check; checkpoint95 inside97,shirt-DS014,White; Solid,T023,Burgundy / blue paisley,,Matching suit trousers,shoe-5,Ecco Dress Shoes — Brown Oxford/Derby,watch-R14,Rolex — Day-Date White Roman,S09,DS014,9.33023,8.837237,"The tie is deeper than the shirt, giving a readable focal point. Pattern scale and prominence leave a clear visual hierarchy. A recorded accent links the tie to another garment."
S09,research,10,"{""suitId"":""S09"",""shirtId"":""DS007"",""state"":""T018"",""shoeId"":""shoe-5"",""watchId"":""watch-R14""}",suit-8,Approved blue and dark-navy tonal plaid/check; checkpoint95 inside97,shirt-DS007,Paul Fredrick — Light blue micro-check,T018,Dark brown / slate-blue paisley,,Matching suit trousers,shoe-5,Ecco Dress Shoes — Brown Oxford/Derby,watch-R14,Rolex — Day-Date White Roman,S09,DS007,9.273854,8.824671,"The tie is deeper than the shirt, giving a readable focal point. A recorded accent links the tie to another garment."
S09,research,11,"{""suitId"":""S09"",""shirtId"":""DS013"",""state"":""T028"",""shoeId"":""shoe-6"",""watchId"":""watch-AP06""}",suit-8,Approved blue and dark-navy tonal plaid/check; checkpoint95 inside97,shirt-DS013,"Tom James — cream, brown & light-blue tattersall",T028,Midnight-navy tonal paisley,,Matching suit trousers,shoe-6,Allen Edmonds Dress Shoes — Brown Double Monk Strap,watch-AP06,"Audemars Piguet — RO Black Dial, Rose Gold",S09,DS013,9.340183,8.840658,"The tie is deeper than the shirt, giving a readable focal point. Pattern scale and prominence leave a clear visual hierarchy. A recorded accent links the tie to another garment."
S09,research,12,"{""suitId"":""S09"",""shirtId"":""DS001"",""state"":""T033"",""shoeId"":""shoe-6"",""watchId"":""watch-AP06""}",suit-8,Approved blue and dark-navy tonal plaid/check; checkpoint95 inside97,shirt-DS001,White; Solid,T033,Dark navy / blue-gold monogram,,Matching suit trousers,shoe-6,Allen Edmonds Dress Shoes — Brown Double Monk Strap,watch-AP06,"Audemars Piguet — RO Black Dial, Rose Gold",S09,DS001,9.343128,9.190526,"The tie is deeper than the shirt, giving a readable focal point. Pattern scale and prominence leave a clear visual hierarchy. A recorded accent links the tie to another garment."
S09,research,13,"{""suitId"":""S09"",""shirtId"":""DS030"",""state"":""T015"",""shoeId"":""shoe-0"",""watchId"":""watch-AP10""}",suit-8,Approved blue and dark-navy tonal plaid/check; checkpoint95 inside97,shirt-DS030,Brooks Brothers 346 — light silver-grey herringbone,T015,Navy / fine diagonal stripe,,Matching suit trousers,shoe-0,Louis Vuitton Dress Shoes — Black Embossed Monogram Lace-up,watch-AP10,Audemars Piguet — RO Blue RG Bracelet,S09,DS030,9.289504,9.167105,"The tie is deeper than the shirt, giving a readable focal point. Pattern scale and prominence leave a clear visual hierarchy. A recorded accent links the tie to another garment."
S09,research,14,"{""suitId"":""S09"",""shirtId"":""DS004"",""state"":""T015"",""shoeId"":""shoe-0"",""watchId"":""watch-AP10""}",suit-8,Approved blue and dark-navy tonal plaid/check; checkpoint95 inside97,shirt-DS004,DS004 - source-repaired collar/body pilot,T015,Navy / fine diagonal stripe,,Matching suit trousers,shoe-0,Louis Vuitton Dress Shoes — Black Embossed Monogram Lace-up,watch-AP10,Audemars Piguet — RO Blue RG Bracelet,S09,DS004,9.319158,8.629737,"The tie is deeper than the shirt, giving a readable focal point. Pattern scale and prominence leave a clear visual hierarchy. A recorded accent links the tie to another garment."
S09,research,15,"{""suitId"":""S09"",""shirtId"":""DS008"",""state"":""T020"",""shoeId"":""shoe-13"",""watchId"":""watch-AP13""}",suit-8,Approved blue and dark-navy tonal plaid/check; checkpoint95 inside97,shirt-DS008,Brunello Cucinelli — White with thin horizontal stripe,T020,Navy / burgundy-tan paisley,,Matching suit trousers,shoe-13,Hermes Loafers — Black Kelly Hardware,watch-AP13,Audemars Piguet — RO Blue RG Leather,S09,DS008,9.310512,8.872895,"The tie is deeper than the shirt, giving a readable focal point. A recorded accent links the tie to another garment."
S10,baseline_curated,1,"{""suitId"":""S10"",""shirtId"":""DS001"",""state"":""T028"",""shoeId"":""shoe-3"",""watchId"":null}",suit-9,Owner-confirmed light grey near-solid,shirt-DS001,White; Solid,T028,Midnight-navy tonal paisley,,Matching suit trousers,shoe-3,Ecco Dress Shoes — Black Oxford/Derby,,None,S10,DS001,,9.166612,"A crisp white base and a dark, quiet tie keep the light suit sharply defined."
S10,baseline_curated,2,"{""suitId"":""S10"",""shirtId"":""DS006"",""state"":""T023"",""shoeId"":""shoe-4"",""watchId"":null}",suit-9,Owner-confirmed light grey near-solid,shirt-DS006,Brunello Cucinelli — light blue solid,T023,Burgundy / blue paisley,,Matching suit trousers,shoe-4,Christian Louboutin Dress Shoes — Dark Brown Derby Lace-up,,None,S10,DS006,,8.972993,The blue shirt picks up the blue in the burgundy paisley; dark-brown leather adds warmth.
S10,baseline_curated,3,"{""suitId"":""S10"",""shirtId"":""DS035"",""state"":""T022"",""shoeId"":""shoe-8"",""watchId"":null}",suit-9,Owner-confirmed light grey near-solid,shirt-DS035,Zegna — ivory/off-white solid,T022,Deep navy tonal honeycomb,,Matching suit trousers,shoe-8,Gucci Loafers — Black Horsebit,,None,S10,DS035,,9.225164,"The ivory shirt softens the grey, while the tonal navy tie keeps the center disciplined."
S10,baseline_curated,4,"{""suitId"":""S10"",""shirtId"":""DS024"",""state"":""T030"",""shoeId"":""shoe-2"",""watchId"":null}",suit-9,Owner-confirmed light grey near-solid,shirt-DS024,Pale pink; Solid,T030,Aubergine tonal geometric,,Matching suit trousers,shoe-2,Berluti Dress Shoes — Black Double Monk,,None,S10,DS024,,9.006217,A pale-pink shirt and deep aubergine tie make a restrained warm-toned combination.
S10,baseline_curated,5,"{""suitId"":""S10"",""shirtId"":""DS029"",""state"":""T015"",""shoeId"":""shoe-13"",""watchId"":null}",suit-9,Owner-confirmed light grey near-solid,shirt-DS029,Brooks Brothers 346 — ice-blue / silver-blue herringbone,T015,Navy / fine diagonal stripe,,Matching suit trousers,shoe-13,Hermes Loafers — Black Kelly Hardware,,None,S10,DS029,,9.105625,"Fine shirt texture sits behind a darker, clearly defined diagonal stripe."
S10,baseline_curated,6,"{""suitId"":""S10"",""shirtId"":""DS014"",""state"":""T039"",""shoeId"":""shoe-0"",""watchId"":null}",suit-9,Owner-confirmed light grey near-solid,shirt-DS014,White; Solid,T039,Navy / light-blue floral,,Matching suit trousers,shoe-0,Louis Vuitton Dress Shoes — Black Embossed Monogram Lace-up,,None,S10,DS014,,9.346612,A white shirt leaves the navy floral tie as the one visible patterned accent.
S10,baseline_curated,7,"{""suitId"":""S10"",""shirtId"":""DS017"",""state"":""T025"",""shoeId"":""shoe-11"",""watchId"":null}",suit-9,Owner-confirmed light grey near-solid,shirt-DS017,Brioni — cream/stone solid,T025,Muted slate-brown / wine paisley,,Matching suit trousers,shoe-11,"Gucci Loafers — Dark Espresso Brown/Oxblood Horsebit, Polished Leather",,None,S10,DS017,,9.164441,"Muted warm notes connect the cream shirt, paisley tie and dark espresso/oxblood loafers."
S10,baseline_curated,8,"{""suitId"":""S10"",""shirtId"":""DS009"",""state"":""T018"",""shoeId"":""shoe-5"",""watchId"":null}",suit-9,Owner-confirmed light grey near-solid,shirt-DS009,Brunello Cucinelli — sky-blue solid,T018,Dark brown / slate-blue paisley,,Matching suit trousers,shoe-5,Ecco Dress Shoes — Brown Oxford/Derby,,None,S10,DS009,,9.216513,The slate-blue detail in the brown paisley relates to the blue shirt without matching it literally.
S10,baseline_curated,9,"{""suitId"":""S10"",""shirtId"":""DS020"",""state"":""T012"",""shoeId"":""shoe-3"",""watchId"":null}",suit-9,Owner-confirmed light grey near-solid,shirt-DS020,Paul Fredrick — white / soft-pink stripe,T012,Black tonal lattice,,Matching suit trousers,shoe-3,Ecco Dress Shoes — Black Oxford/Derby,,None,S10,DS020,,9.067862,"A near-black tonal tie gives the fine pink stripe a dark, uncluttered focal point."
S10,baseline_curated,10,"{""suitId"":""S10"",""shirtId"":""DS025"",""state"":""T021"",""shoeId"":""shoe-11"",""watchId"":null}",suit-9,Owner-confirmed light grey near-solid,shirt-DS025,Light pink; Solid,T021,Dark navy / gold medallions,,Matching suit trousers,shoe-11,"Gucci Loafers — Dark Espresso Brown/Oxblood Horsebit, Polished Leather",,None,S10,DS025,,9.125493,The pale shirt supports a darker medallion tie; polished dark loafers echo its warm accents.
S10,baseline_curated,11,"{""suitId"":""S10"",""shirtId"":""DS030"",""state"":""T027"",""shoeId"":""shoe-2"",""watchId"":null}",suit-9,Owner-confirmed light grey near-solid,shirt-DS030,Brooks Brothers 346 — light silver-grey herringbone,T027,Deep purple / pale medallions,,Matching suit trousers,shoe-2,Berluti Dress Shoes — Black Double Monk,,None,S10,DS030,,9.124901,The grey herringbone stays close to the suit; purple supplies the needed contrast.
S10,baseline_curated,12,"{""suitId"":""S10"",""shirtId"":""DS045"",""state"":""T004"",""shoeId"":""shoe-6"",""watchId"":null}",suit-9,Owner-confirmed light grey near-solid,shirt-DS045,Emanuel Berg — blue / white Bengal stripe,T004,Burnt-orange near-solid geometric,,Matching suit trousers,shoe-6,Allen Edmonds Dress Shoes — Brown Double Monk Strap,,None,S10,DS045,,9.157862,A blue striped shirt and near-solid burnt-orange tie make the strongest color contrast in this set.
S10,baseline_curated,13,"{""suitId"":""S10"",""shirtId"":""DS035"",""state"":""NO_TIE"",""shoeId"":""shoe-4"",""watchId"":null}",suit-9,Owner-confirmed light grey near-solid,shirt-DS035,Zegna — ivory/off-white solid,,No tie,,Matching suit trousers,shoe-4,Christian Louboutin Dress Shoes — Dark Brown Derby Lace-up,,None,S10,DS035,,8.168421,An ivory open collar relaxes the suit; dark-brown lace-ups keep the outfit polished.
S10,baseline_curated,14,"{""suitId"":""S10"",""shirtId"":""DS032"",""state"":""NO_TIE"",""shoeId"":""shoe-13"",""watchId"":null}",suit-9,Owner-confirmed light grey near-solid,shirt-DS032,Theory — dark navy solid,,No tie,,Matching suit trousers,shoe-13,Hermes Loafers — Black Kelly Hardware,,None,S10,DS032,,9.062895,"A dark navy shirt creates a clean light-dark contrast, finished with black loafers."
S10,baseline_heuristic,1,"{""suitId"":""S10"",""shirtId"":""DS037"",""state"":""T029"",""shoeId"":""shoe-1"",""watchId"":""watch-AP09""}",suit-9,Owner-confirmed light grey near-solid,shirt-DS037,Loewe — taupe/medium-brown solid,T029,Navy / silver ornamental medallions,,Matching suit trousers,shoe-1,Christian Louboutin Dress Shoes — Black Single Monk,watch-AP09,Audemars Piguet — RO Dark Blue,S10,DS037,9.105716,9.447928,Tie gives a clear focal point; jacket-shirt contrast need not be maximized.
S10,baseline_heuristic,2,"{""suitId"":""S10"",""shirtId"":""DS044"",""state"":""T016"",""shoeId"":""shoe-1"",""watchId"":""watch-AP09""}",suit-9,Owner-confirmed light grey near-solid,shirt-DS044,Emanuel Berg — white with navy micro-diamond / dot print,T016,Burgundy-red / silver diagonal stripe,,Matching suit trousers,shoe-1,Christian Louboutin Dress Shoes — Black Single Monk,watch-AP09,Audemars Piguet — RO Dark Blue,S10,DS044,9.082239,9.187072,Tie gives a clear focal point; jacket-shirt contrast need not be maximized.
S10,baseline_heuristic,3,"{""suitId"":""S10"",""shirtId"":""DS029"",""state"":""T006"",""shoeId"":""shoe-2"",""watchId"":""watch-R09""}",suit-9,Owner-confirmed light grey near-solid,shirt-DS029,Brooks Brothers 346 — ice-blue / silver-blue herringbone,T006,Dark ground / blue-gold floral,,Matching suit trousers,shoe-2,Berluti Dress Shoes — Black Double Monk,watch-R09,Rolex — Datejust White Dial,S10,DS029,9.085294,9.310625,Tie gives a clear focal point; jacket-shirt contrast need not be maximized.
S10,baseline_heuristic,4,"{""suitId"":""S10"",""shirtId"":""DS035"",""state"":""T036"",""shoeId"":""shoe-2"",""watchId"":""watch-R09""}",suit-9,Owner-confirmed light grey near-solid,shirt-DS035,Zegna — ivory/off-white solid,T036,Purple / grey ornamental medallions,,Matching suit trousers,shoe-2,Berluti Dress Shoes — Black Double Monk,watch-R09,Rolex — Datejust White Dial,S10,DS035,9.093317,9.310164,Tie gives a clear focal point; jacket-shirt contrast need not be maximized.
S10,baseline_heuristic,5,"{""suitId"":""S10"",""shirtId"":""DS048"",""state"":""NO_TIE"",""shoeId"":""shoe-13"",""watchId"":""watch-R11""}",suit-9,Owner-confirmed light grey near-solid,shirt-DS048,Brand not confirmed — navy/cream bold houndstooth,,No tie,,Matching suit trousers,shoe-13,Hermes Loafers — Black Kelly Hardware,watch-R11,Rolex — Day-Date Green,S10,DS048,9.041818,9.283947,Open collar has its own readable value/texture structure on the same quality scale; no missing-tie penalty.
S10,baseline_heuristic,6,"{""suitId"":""S10"",""shirtId"":""DS019"",""state"":""T014"",""shoeId"":""shoe-3"",""watchId"":""watch-R11""}",suit-9,Owner-confirmed light grey near-solid,shirt-DS019,Chestnut/warm mid-brown; Solid,T014,Dark ground / silver ring dots,,Matching suit trousers,shoe-3,Ecco Dress Shoes — Black Oxford/Derby,watch-R11,Rolex — Day-Date Green,S10,DS019,9.095351,9.332763,Tie gives a clear focal point; jacket-shirt contrast need not be maximized.
S10,baseline_heuristic,7,"{""suitId"":""S10"",""shirtId"":""DS010"",""state"":""T039"",""shoeId"":""shoe-3"",""watchId"":""watch-R13""}",suit-9,Owner-confirmed light grey near-solid,shirt-DS010,Paul Fredrick — light-grey houndstooth,T039,Navy / light-blue floral,,Matching suit trousers,shoe-3,Ecco Dress Shoes — Black Oxford/Derby,watch-R13,Rolex — Day-Date Champagne,S10,DS010,9.065607,9.091875,Tie gives a clear focal point; jacket-shirt contrast need not be maximized.
S10,baseline_heuristic,8,"{""suitId"":""S10"",""shirtId"":""DS008"",""state"":""T040"",""shoeId"":""shoe-4"",""watchId"":""watch-R13""}",suit-9,Owner-confirmed light grey near-solid,shirt-DS008,Brunello Cucinelli — White with thin horizontal stripe,T040,Charcoal tonal geometric,,Matching suit trousers,shoe-4,Christian Louboutin Dress Shoes — Dark Brown Derby Lace-up,watch-R13,Rolex — Day-Date Champagne,S10,DS008,9.092007,9.32477,Tie gives a clear focal point; jacket-shirt contrast need not be maximized.
S10,baseline_heuristic,9,"{""suitId"":""S10"",""shirtId"":""DS022"",""state"":""T016"",""shoeId"":""shoe-4"",""watchId"":""watch-R14""}",suit-9,Owner-confirmed light grey near-solid,shirt-DS022,Darker lavender; Solid,T016,Burgundy-red / silver diagonal stripe,,Matching suit trousers,shoe-4,Christian Louboutin Dress Shoes — Dark Brown Derby Lace-up,watch-R14,Rolex — Day-Date White Roman,S10,DS022,9.068329,9.061678,Tie gives a clear focal point; jacket-shirt contrast need not be maximized.
S10,baseline_heuristic,10,"{""suitId"":""S10"",""shirtId"":""DS023"",""state"":""T014"",""shoeId"":""shoe-49"",""watchId"":""watch-R14""}",suit-9,Owner-confirmed light grey near-solid,shirt-DS023,Deep burgundy/oxblood; Solid color with micro-texture,T014,Dark ground / silver ring dots,,Matching suit trousers,shoe-49,"Berluti Dress Shoes — Alessandro Infini Alto Oxford, Venezia calf, brown patina, lug sole",watch-R14,Rolex — Day-Date White Roman,S10,DS023,9.084233,9.238388,Tie gives a clear focal point; jacket-shirt contrast need not be maximized.
S10,baseline_heuristic,11,"{""suitId"":""S10"",""shirtId"":""DS044"",""state"":""T020"",""shoeId"":""shoe-49"",""watchId"":""watch-AP06""}",suit-9,Owner-confirmed light grey near-solid,shirt-DS044,Emanuel Berg — white with navy micro-diamond / dot print,T020,Navy / burgundy-tan paisley,,Matching suit trousers,shoe-49,"Berluti Dress Shoes — Alessandro Infini Alto Oxford, Venezia calf, brown patina, lug sole",watch-AP06,"Audemars Piguet — RO Black Dial, Rose Gold",S10,DS044,9.093883,9.373388,Tie gives a clear focal point; jacket-shirt contrast need not be maximized.
S10,baseline_heuristic,12,"{""suitId"":""S10"",""shirtId"":""DS027"",""state"":""T010"",""shoeId"":""shoe-5"",""watchId"":""watch-AP06""}",suit-9,Owner-confirmed light grey near-solid,shirt-DS027,White/light ground; Bengal stripe,T010,Near-black / white spaced dots,,Matching suit trousers,shoe-5,Ecco Dress Shoes — Brown Oxford/Derby,watch-AP06,"Audemars Piguet — RO Black Dial, Rose Gold",S10,DS027,9.08776,9.305362,Tie gives a clear focal point; jacket-shirt contrast need not be maximized.
S10,baseline_heuristic,13,"{""suitId"":""S10"",""shirtId"":""DS013"",""state"":""T001"",""shoeId"":""shoe-5"",""watchId"":""watch-AP10""}",suit-9,Owner-confirmed light grey near-solid,shirt-DS013,"Tom James — cream, brown & light-blue tattersall",T001,Taupe horsebit,,Matching suit trousers,shoe-5,Ecco Dress Shoes — Brown Oxford/Derby,watch-AP10,Audemars Piguet — RO Blue RG Bracelet,S10,DS013,9.046781,8.939638,Tie gives a clear focal point; jacket-shirt contrast need not be maximized.
S10,baseline_heuristic,14,"{""suitId"":""S10"",""shirtId"":""DS009"",""state"":""T033"",""shoeId"":""shoe-6"",""watchId"":""watch-AP10""}",suit-9,Owner-confirmed light grey near-solid,shirt-DS009,Brunello Cucinelli — sky-blue solid,T033,Dark navy / blue-gold monogram,,Matching suit trousers,shoe-6,Allen Edmonds Dress Shoes — Brown Double Monk Strap,watch-AP10,Audemars Piguet — RO Blue RG Bracelet,S10,DS009,9.082283,9.334112,Tie gives a clear focal point; jacket-shirt contrast need not be maximized.
S10,baseline_heuristic,15,"{""suitId"":""S10"",""shirtId"":""DS008"",""state"":""T030"",""shoeId"":""shoe-6"",""watchId"":""watch-AP13""}",suit-9,Owner-confirmed light grey near-solid,shirt-DS008,Brunello Cucinelli — White with thin horizontal stripe,T030,Aubergine tonal geometric,,Matching suit trousers,shoe-6,Allen Edmonds Dress Shoes — Brown Double Monk Strap,watch-AP13,Audemars Piguet — RO Blue RG Leather,S10,DS008,9.083207,9.25477,Tie gives a clear focal point; jacket-shirt contrast need not be maximized.
S10,research,1,"{""suitId"":""S10"",""shirtId"":""DS009"",""state"":""T023"",""shoeId"":""shoe-1"",""watchId"":""watch-AP09""}",suit-9,Owner-confirmed light grey near-solid,shirt-DS009,Brunello Cucinelli — sky-blue solid,T023,Burgundy / blue paisley,,Matching suit trousers,shoe-1,Christian Louboutin Dress Shoes — Black Single Monk,watch-AP09,Audemars Piguet — RO Dark Blue,S10,DS009,9.450296,9.216513,"The tie is deeper than the shirt, giving a readable focal point. Pattern scale and prominence leave a clear visual hierarchy. A recorded accent links the tie to another garment."
S10,research,2,"{""suitId"":""S10"",""shirtId"":""DS022"",""state"":""T035"",""shoeId"":""shoe-1"",""watchId"":""watch-AP09""}",suit-9,Owner-confirmed light grey near-solid,shirt-DS022,Darker lavender; Solid,T035,Navy / blue monogram,,Matching suit trousers,shoe-1,Christian Louboutin Dress Shoes — Black Single Monk,watch-AP09,Audemars Piguet — RO Dark Blue,S10,DS022,9.441913,8.976217,"The tie is deeper than the shirt, giving a readable focal point. Pattern scale and prominence leave a clear visual hierarchy."
S10,research,3,"{""suitId"":""S10"",""shirtId"":""DS025"",""state"":""T029"",""shoeId"":""shoe-2"",""watchId"":""watch-R09""}",suit-9,Owner-confirmed light grey near-solid,shirt-DS025,Light pink; Solid,T029,Navy / silver ornamental medallions,,Matching suit trousers,shoe-2,Berluti Dress Shoes — Black Double Monk,watch-R09,Rolex — Datejust White Dial,S10,DS025,9.442853,9.166217,"The tie is deeper than the shirt, giving a readable focal point. A recorded accent links the tie to another garment."
S10,research,4,"{""suitId"":""S10"",""shirtId"":""DS014"",""state"":""T039"",""shoeId"":""shoe-2"",""watchId"":""watch-R09""}",suit-9,Owner-confirmed light grey near-solid,shirt-DS014,White; Solid,T039,Navy / light-blue floral,,Matching suit trousers,shoe-2,Berluti Dress Shoes — Black Double Monk,watch-R09,Rolex — Datejust White Dial,S10,DS014,9.440014,9.346612,"The tie is deeper than the shirt, giving a readable focal point. Pattern scale and prominence leave a clear visual hierarchy."
S10,research,5,"{""suitId"":""S10"",""shirtId"":""DS035"",""state"":""T033"",""shoeId"":""shoe-3"",""watchId"":""watch-R11""}",suit-9,Owner-confirmed light grey near-solid,shirt-DS035,Zegna — ivory/off-white solid,T033,Dark navy / blue-gold monogram,,Matching suit trousers,shoe-3,Ecco Dress Shoes — Black Oxford/Derby,watch-R11,Rolex — Day-Date Green,S10,DS035,9.445942,9.300164,"The tie is deeper than the shirt, giving a readable focal point. Pattern scale and prominence leave a clear visual hierarchy."
S10,research,6,"{""suitId"":""S10"",""shirtId"":""DS017"",""state"":""T025"",""shoeId"":""shoe-3"",""watchId"":""watch-R11""}",suit-9,Owner-confirmed light grey near-solid,shirt-DS017,Brioni — cream/stone solid,T025,Muted slate-brown / wine paisley,,Matching suit trousers,shoe-3,Ecco Dress Shoes — Black Oxford/Derby,watch-R11,Rolex — Day-Date Green,S10,DS017,9.387441,9.164441,"The tie is deeper than the shirt, giving a readable focal point."
S10,research,7,"{""suitId"":""S10"",""shirtId"":""DS036"",""state"":""NO_TIE"",""shoeId"":""shoe-13"",""watchId"":""watch-R13""}",suit-9,Owner-confirmed light grey near-solid,shirt-DS036,Zegna — chocolate-brown solid,,No tie,,Matching suit trousers,shoe-13,Hermes Loafers — Black Kelly Hardware,watch-R13,Rolex — Day-Date Champagne,S10,DS036,9.345698,9.062895,Open collar keeps the outfit uncluttered; no missing-tie penalty. Pattern scale and prominence leave a clear visual hierarchy.
S10,research,8,"{""suitId"":""S10"",""shirtId"":""DS028"",""state"":""T015"",""shoeId"":""shoe-4"",""watchId"":""watch-R13""}",suit-9,Owner-confirmed light grey near-solid,shirt-DS028,Tom James — very pale-blue birdseye / micro-check,T015,Navy / fine diagonal stripe,,Matching suit trousers,shoe-4,Christian Louboutin Dress Shoes — Dark Brown Derby Lace-up,watch-R13,Rolex — Day-Date Champagne,S10,DS028,9.416199,9.164441,"The tie is deeper than the shirt, giving a readable focal point. Pattern scale and prominence leave a clear visual hierarchy."
S10,research,9,"{""suitId"":""S10"",""shirtId"":""DS024"",""state"":""T030"",""shoeId"":""shoe-4"",""watchId"":""watch-R14""}",suit-9,Owner-confirmed light grey near-solid,shirt-DS024,Pale pink; Solid,T030,Aubergine tonal geometric,,Matching suit trousers,shoe-4,Christian Louboutin Dress Shoes — Dark Brown Derby Lace-up,watch-R14,Rolex — Day-Date White Roman,S10,DS024,9.392711,9.006217,"The tie is deeper than the shirt, giving a readable focal point. Pattern scale and prominence leave a clear visual hierarchy."
S10,research,10,"{""suitId"":""S10"",""shirtId"":""DS006"",""state"":""T018"",""shoeId"":""shoe-5"",""watchId"":""watch-R14""}",suit-9,Owner-confirmed light grey near-solid,shirt-DS006,Brunello Cucinelli — light blue solid,T018,Dark brown / slate-blue paisley,,Matching suit trousers,shoe-5,Ecco Dress Shoes — Brown Oxford/Derby,watch-R14,Rolex — Day-Date White Roman,S10,DS006,9.409886,9.007993,"The tie is deeper than the shirt, giving a readable focal point. A recorded accent links the tie to another garment."
S10,research,11,"{""suitId"":""S10"",""shirtId"":""DS005"",""state"":""T033"",""shoeId"":""shoe-5"",""watchId"":""watch-AP06""}",suit-9,Owner-confirmed light grey near-solid,shirt-DS005,Cream/off-white; Visually near-solid; subtle windowpane metadata retained,T033,Dark navy / blue-gold monogram,,Matching suit trousers,shoe-5,Ecco Dress Shoes — Brown Oxford/Derby,watch-AP06,"Audemars Piguet — RO Black Dial, Rose Gold",S10,DS005,9.411361,9.160165,"The tie is deeper than the shirt, giving a readable focal point. Pattern scale and prominence leave a clear visual hierarchy."
S10,research,12,"{""suitId"":""S10"",""shirtId"":""DS045"",""state"":""T004"",""shoeId"":""shoe-6"",""watchId"":""watch-AP06""}",suit-9,Owner-confirmed light grey near-solid,shirt-DS045,Emanuel Berg — blue / white Bengal stripe,T004,Burnt-orange near-solid geometric,,Matching suit trousers,shoe-6,Allen Edmonds Dress Shoes — Brown Double Monk Strap,watch-AP06,"Audemars Piguet — RO Black Dial, Rose Gold",S10,DS045,9.346542,9.157862,"The tie is deeper than the shirt, giving a readable focal point."
S10,research,13,"{""suitId"":""S10"",""shirtId"":""DS008"",""state"":""T028"",""shoeId"":""shoe-6"",""watchId"":""watch-AP10""}",suit-9,Owner-confirmed light grey near-solid,shirt-DS008,Brunello Cucinelli — White with thin horizontal stripe,T028,Midnight-navy tonal paisley,,Matching suit trousers,shoe-6,Allen Edmonds Dress Shoes — Brown Double Monk Strap,watch-AP10,Audemars Piguet — RO Blue RG Bracelet,S10,DS008,9.426672,9.32477,"The tie is deeper than the shirt, giving a readable focal point. Pattern scale and prominence leave a clear visual hierarchy."
S10,research,14,"{""suitId"":""S10"",""shirtId"":""DS007"",""state"":""T023"",""shoeId"":""shoe-0"",""watchId"":""watch-AP10""}",suit-9,Owner-confirmed light grey near-solid,shirt-DS007,Paul Fredrick — Light blue micro-check,T023,Burgundy / blue paisley,,Matching suit trousers,shoe-0,Louis Vuitton Dress Shoes — Black Embossed Monogram Lace-up,watch-AP10,Audemars Piguet — RO Blue RG Bracelet,S10,DS007,9.428082,8.972993,"The tie is deeper than the shirt, giving a readable focal point. Pattern scale and prominence leave a clear visual hierarchy. A recorded accent links the tie to another garment."
S10,research,15,"{""suitId"":""S10"",""shirtId"":""DS030"",""state"":""T036"",""shoeId"":""shoe-13"",""watchId"":""watch-AP13""}",suit-9,Owner-confirmed light grey near-solid,shirt-DS030,Brooks Brothers 346 — light silver-grey herringbone,T036,Purple / grey ornamental medallions,,Matching suit trousers,shoe-13,Hermes Loafers — Black Kelly Hardware,watch-AP13,Audemars Piguet — RO Blue RG Leather,S10,DS030,9.351054,9.138651,"The tie is deeper than the shirt, giving a readable focal point. A recorded accent links the tie to another garment."
S11,baseline_curated,1,"{""suitId"":""S11"",""shirtId"":""DS036"",""state"":""NO_TIE"",""shoeId"":""shoe-11"",""watchId"":""watch-P07""}",suit-10,Cool light grey textured near-solid,shirt-DS036,Zegna — chocolate-brown solid,,No tie,,Matching suit trousers,shoe-11,"Gucci Loafers — Dark Espresso Brown/Oxblood Horsebit, Polished Leather",watch-P07,Patek Philippe — Nautilus Black Leather,S11,DS036,,9.062895,"A deliberate dark-shirt alternative: chocolate with light textured grey, open at the neck. Espresso/oxblood shoes keep the lower half coherent."
S11,baseline_curated,2,"{""suitId"":""S11"",""shirtId"":""DS035"",""state"":""T039"",""shoeId"":""shoe-3"",""watchId"":""watch-R09""}",suit-10,Cool light grey textured near-solid,shirt-DS035,Zegna — ivory/off-white solid,T039,Navy / light-blue floral,,Matching suit trousers,shoe-3,Ecco Dress Shoes — Black Oxford/Derby,watch-R09,Rolex — Datejust White Dial,S11,DS035,,9.300164,Ivory and navy floral with textured light grey; dark footwear keeps the lower half quiet.
S11,baseline_curated,3,"{""suitId"":""S11"",""shirtId"":""DS022"",""state"":""T022"",""shoeId"":""shoe-2"",""watchId"":""watch-P05""}",suit-10,Cool light grey textured near-solid,shirt-DS022,Darker lavender; Solid,T022,Deep navy tonal honeycomb,,Matching suit trousers,shoe-2,Berluti Dress Shoes — Black Double Monk,watch-P05,Patek Philippe — Nautilus 5712,S11,DS022,,8.656217,"Lavender, navy and light textured grey, with restrained black monks."
S11,baseline_heuristic,1,"{""suitId"":""S11"",""shirtId"":""DS037"",""state"":""T029"",""shoeId"":""shoe-1"",""watchId"":""watch-AP09""}",suit-10,Cool light grey textured near-solid,shirt-DS037,Loewe — taupe/medium-brown solid,T029,Navy / silver ornamental medallions,,Matching suit trousers,shoe-1,Christian Louboutin Dress Shoes — Black Single Monk,watch-AP09,Audemars Piguet — RO Dark Blue,S11,DS037,9.105716,9.447928,Tie gives a clear focal point; jacket-shirt contrast need not be maximized.
S11,baseline_heuristic,2,"{""suitId"":""S11"",""shirtId"":""DS044"",""state"":""T016"",""shoeId"":""shoe-1"",""watchId"":""watch-AP09""}",suit-10,Cool light grey textured near-solid,shirt-DS044,Emanuel Berg — white with navy micro-diamond / dot print,T016,Burgundy-red / silver diagonal stripe,,Matching suit trousers,shoe-1,Christian Louboutin Dress Shoes — Black Single Monk,watch-AP09,Audemars Piguet — RO Dark Blue,S11,DS044,9.082239,9.187072,Tie gives a clear focal point; jacket-shirt contrast need not be maximized.
S11,baseline_heuristic,3,"{""suitId"":""S11"",""shirtId"":""DS029"",""state"":""T006"",""shoeId"":""shoe-2"",""watchId"":""watch-R09""}",suit-10,Cool light grey textured near-solid,shirt-DS029,Brooks Brothers 346 — ice-blue / silver-blue herringbone,T006,Dark ground / blue-gold floral,,Matching suit trousers,shoe-2,Berluti Dress Shoes — Black Double Monk,watch-R09,Rolex — Datejust White Dial,S11,DS029,9.085294,9.310625,Tie gives a clear focal point; jacket-shirt contrast need not be maximized.
S11,baseline_heuristic,4,"{""suitId"":""S11"",""shirtId"":""DS035"",""state"":""T036"",""shoeId"":""shoe-2"",""watchId"":""watch-R09""}",suit-10,Cool light grey textured near-solid,shirt-DS035,Zegna — ivory/off-white solid,T036,Purple / grey ornamental medallions,,Matching suit trousers,shoe-2,Berluti Dress Shoes — Black Double Monk,watch-R09,Rolex — Datejust White Dial,S11,DS035,9.093317,9.310164,Tie gives a clear focal point; jacket-shirt contrast need not be maximized.
S11,baseline_heuristic,5,"{""suitId"":""S11"",""shirtId"":""DS048"",""state"":""NO_TIE"",""shoeId"":""shoe-13"",""watchId"":""watch-R11""}",suit-10,Cool light grey textured near-solid,shirt-DS048,Brand not confirmed — navy/cream bold houndstooth,,No tie,,Matching suit trousers,shoe-13,Hermes Loafers — Black Kelly Hardware,watch-R11,Rolex — Day-Date Green,S11,DS048,9.041818,9.283947,Open collar has its own readable value/texture structure on the same quality scale; no missing-tie penalty.
S11,baseline_heuristic,6,"{""suitId"":""S11"",""shirtId"":""DS019"",""state"":""T014"",""shoeId"":""shoe-3"",""watchId"":""watch-R11""}",suit-10,Cool light grey textured near-solid,shirt-DS019,Chestnut/warm mid-brown; Solid,T014,Dark ground / silver ring dots,,Matching suit trousers,shoe-3,Ecco Dress Shoes — Black Oxford/Derby,watch-R11,Rolex — Day-Date Green,S11,DS019,9.095351,9.332763,Tie gives a clear focal point; jacket-shirt contrast need not be maximized.
S11,baseline_heuristic,7,"{""suitId"":""S11"",""shirtId"":""DS010"",""state"":""T039"",""shoeId"":""shoe-3"",""watchId"":""watch-R13""}",suit-10,Cool light grey textured near-solid,shirt-DS010,Paul Fredrick — light-grey houndstooth,T039,Navy / light-blue floral,,Matching suit trousers,shoe-3,Ecco Dress Shoes — Black Oxford/Derby,watch-R13,Rolex — Day-Date Champagne,S11,DS010,9.065607,9.091875,Tie gives a clear focal point; jacket-shirt contrast need not be maximized.
S11,baseline_heuristic,8,"{""suitId"":""S11"",""shirtId"":""DS008"",""state"":""T040"",""shoeId"":""shoe-4"",""watchId"":""watch-R13""}",suit-10,Cool light grey textured near-solid,shirt-DS008,Brunello Cucinelli — White with thin horizontal stripe,T040,Charcoal tonal geometric,,Matching suit trousers,shoe-4,Christian Louboutin Dress Shoes — Dark Brown Derby Lace-up,watch-R13,Rolex — Day-Date Champagne,S11,DS008,9.092007,9.32477,Tie gives a clear focal point; jacket-shirt contrast need not be maximized.
S11,baseline_heuristic,9,"{""suitId"":""S11"",""shirtId"":""DS022"",""state"":""T016"",""shoeId"":""shoe-4"",""watchId"":""watch-R14""}",suit-10,Cool light grey textured near-solid,shirt-DS022,Darker lavender; Solid,T016,Burgundy-red / silver diagonal stripe,,Matching suit trousers,shoe-4,Christian Louboutin Dress Shoes — Dark Brown Derby Lace-up,watch-R14,Rolex — Day-Date White Roman,S11,DS022,9.068329,9.061678,Tie gives a clear focal point; jacket-shirt contrast need not be maximized.
S11,baseline_heuristic,10,"{""suitId"":""S11"",""shirtId"":""DS023"",""state"":""T014"",""shoeId"":""shoe-49"",""watchId"":""watch-R14""}",suit-10,Cool light grey textured near-solid,shirt-DS023,Deep burgundy/oxblood; Solid color with micro-texture,T014,Dark ground / silver ring dots,,Matching suit trousers,shoe-49,"Berluti Dress Shoes — Alessandro Infini Alto Oxford, Venezia calf, brown patina, lug sole",watch-R14,Rolex — Day-Date White Roman,S11,DS023,9.084233,9.238388,Tie gives a clear focal point; jacket-shirt contrast need not be maximized.
S11,baseline_heuristic,11,"{""suitId"":""S11"",""shirtId"":""DS044"",""state"":""T020"",""shoeId"":""shoe-49"",""watchId"":""watch-AP06""}",suit-10,Cool light grey textured near-solid,shirt-DS044,Emanuel Berg — white with navy micro-diamond / dot print,T020,Navy / burgundy-tan paisley,,Matching suit trousers,shoe-49,"Berluti Dress Shoes — Alessandro Infini Alto Oxford, Venezia calf, brown patina, lug sole",watch-AP06,"Audemars Piguet — RO Black Dial, Rose Gold",S11,DS044,9.093883,9.373388,Tie gives a clear focal point; jacket-shirt contrast need not be maximized.
S11,baseline_heuristic,12,"{""suitId"":""S11"",""shirtId"":""DS027"",""state"":""T010"",""shoeId"":""shoe-5"",""watchId"":""watch-AP06""}",suit-10,Cool light grey textured near-solid,shirt-DS027,White/light ground; Bengal stripe,T010,Near-black / white spaced dots,,Matching suit trousers,shoe-5,Ecco Dress Shoes — Brown Oxford/Derby,watch-AP06,"Audemars Piguet — RO Black Dial, Rose Gold",S11,DS027,9.08776,9.305362,Tie gives a clear focal point; jacket-shirt contrast need not be maximized.
S11,baseline_heuristic,13,"{""suitId"":""S11"",""shirtId"":""DS013"",""state"":""T001"",""shoeId"":""shoe-5"",""watchId"":""watch-AP10""}",suit-10,Cool light grey textured near-solid,shirt-DS013,"Tom James — cream, brown & light-blue tattersall",T001,Taupe horsebit,,Matching suit trousers,shoe-5,Ecco Dress Shoes — Brown Oxford/Derby,watch-AP10,Audemars Piguet — RO Blue RG Bracelet,S11,DS013,9.046781,8.939638,Tie gives a clear focal point; jacket-shirt contrast need not be maximized.
S11,baseline_heuristic,14,"{""suitId"":""S11"",""shirtId"":""DS009"",""state"":""T033"",""shoeId"":""shoe-6"",""watchId"":""watch-AP10""}",suit-10,Cool light grey textured near-solid,shirt-DS009,Brunello Cucinelli — sky-blue solid,T033,Dark navy / blue-gold monogram,,Matching suit trousers,shoe-6,Allen Edmonds Dress Shoes — Brown Double Monk Strap,watch-AP10,Audemars Piguet — RO Blue RG Bracelet,S11,DS009,9.082283,9.334112,Tie gives a clear focal point; jacket-shirt contrast need not be maximized.
S11,baseline_heuristic,15,"{""suitId"":""S11"",""shirtId"":""DS008"",""state"":""T030"",""shoeId"":""shoe-6"",""watchId"":""watch-AP13""}",suit-10,Cool light grey textured near-solid,shirt-DS008,Brunello Cucinelli — White with thin horizontal stripe,T030,Aubergine tonal geometric,,Matching suit trousers,shoe-6,Allen Edmonds Dress Shoes — Brown Double Monk Strap,watch-AP13,Audemars Piguet — RO Blue RG Leather,S11,DS008,9.083207,9.25477,Tie gives a clear focal point; jacket-shirt contrast need not be maximized.
S11,research,1,"{""suitId"":""S11"",""shirtId"":""DS009"",""state"":""T023"",""shoeId"":""shoe-1"",""watchId"":""watch-AP09""}",suit-10,Cool light grey textured near-solid,shirt-DS009,Brunello Cucinelli — sky-blue solid,T023,Burgundy / blue paisley,,Matching suit trousers,shoe-1,Christian Louboutin Dress Shoes — Black Single Monk,watch-AP09,Audemars Piguet — RO Dark Blue,S11,DS009,9.450296,9.216513,"The tie is deeper than the shirt, giving a readable focal point. Pattern scale and prominence leave a clear visual hierarchy. A recorded accent links the tie to another garment."
S11,research,2,"{""suitId"":""S11"",""shirtId"":""DS022"",""state"":""T035"",""shoeId"":""shoe-1"",""watchId"":""watch-AP09""}",suit-10,Cool light grey textured near-solid,shirt-DS022,Darker lavender; Solid,T035,Navy / blue monogram,,Matching suit trousers,shoe-1,Christian Louboutin Dress Shoes — Black Single Monk,watch-AP09,Audemars Piguet — RO Dark Blue,S11,DS022,9.441913,8.976217,"The tie is deeper than the shirt, giving a readable focal point. Pattern scale and prominence leave a clear visual hierarchy."
S11,research,3,"{""suitId"":""S11"",""shirtId"":""DS025"",""state"":""T029"",""shoeId"":""shoe-2"",""watchId"":""watch-R09""}",suit-10,Cool light grey textured near-solid,shirt-DS025,Light pink; Solid,T029,Navy / silver ornamental medallions,,Matching suit trousers,shoe-2,Berluti Dress Shoes — Black Double Monk,watch-R09,Rolex — Datejust White Dial,S11,DS025,9.442853,9.166217,"The tie is deeper than the shirt, giving a readable focal point. A recorded accent links the tie to another garment."
S11,research,4,"{""suitId"":""S11"",""shirtId"":""DS014"",""state"":""T039"",""shoeId"":""shoe-2"",""watchId"":""watch-R09""}",suit-10,Cool light grey textured near-solid,shirt-DS014,White; Solid,T039,Navy / light-blue floral,,Matching suit trousers,shoe-2,Berluti Dress Shoes — Black Double Monk,watch-R09,Rolex — Datejust White Dial,S11,DS014,9.440014,9.346612,"The tie is deeper than the shirt, giving a readable focal point. Pattern scale and prominence leave a clear visual hierarchy."
S11,research,5,"{""suitId"":""S11"",""shirtId"":""DS035"",""state"":""T033"",""shoeId"":""shoe-3"",""watchId"":""watch-R11""}",suit-10,Cool light grey textured near-solid,shirt-DS035,Zegna — ivory/off-white solid,T033,Dark navy / blue-gold monogram,,Matching suit trousers,shoe-3,Ecco Dress Shoes — Black Oxford/Derby,watch-R11,Rolex — Day-Date Green,S11,DS035,9.445942,9.300164,"The tie is deeper than the shirt, giving a readable focal point. Pattern scale and prominence leave a clear visual hierarchy."
S11,research,6,"{""suitId"":""S11"",""shirtId"":""DS017"",""state"":""T025"",""shoeId"":""shoe-3"",""watchId"":""watch-R11""}",suit-10,Cool light grey textured near-solid,shirt-DS017,Brioni — cream/stone solid,T025,Muted slate-brown / wine paisley,,Matching suit trousers,shoe-3,Ecco Dress Shoes — Black Oxford/Derby,watch-R11,Rolex — Day-Date Green,S11,DS017,9.387441,9.164441,"The tie is deeper than the shirt, giving a readable focal point."
S11,research,7,"{""suitId"":""S11"",""shirtId"":""DS036"",""state"":""NO_TIE"",""shoeId"":""shoe-13"",""watchId"":""watch-R13""}",suit-10,Cool light grey textured near-solid,shirt-DS036,Zegna — chocolate-brown solid,,No tie,,Matching suit trousers,shoe-13,Hermes Loafers — Black Kelly Hardware,watch-R13,Rolex — Day-Date Champagne,S11,DS036,9.345698,9.062895,Open collar keeps the outfit uncluttered; no missing-tie penalty. Pattern scale and prominence leave a clear visual hierarchy.
S11,research,8,"{""suitId"":""S11"",""shirtId"":""DS028"",""state"":""T015"",""shoeId"":""shoe-4"",""watchId"":""watch-R13""}",suit-10,Cool light grey textured near-solid,shirt-DS028,Tom James — very pale-blue birdseye / micro-check,T015,Navy / fine diagonal stripe,,Matching suit trousers,shoe-4,Christian Louboutin Dress Shoes — Dark Brown Derby Lace-up,watch-R13,Rolex — Day-Date Champagne,S11,DS028,9.416199,9.164441,"The tie is deeper than the shirt, giving a readable focal point. Pattern scale and prominence leave a clear visual hierarchy."
S11,research,9,"{""suitId"":""S11"",""shirtId"":""DS024"",""state"":""T030"",""shoeId"":""shoe-4"",""watchId"":""watch-R14""}",suit-10,Cool light grey textured near-solid,shirt-DS024,Pale pink; Solid,T030,Aubergine tonal geometric,,Matching suit trousers,shoe-4,Christian Louboutin Dress Shoes — Dark Brown Derby Lace-up,watch-R14,Rolex — Day-Date White Roman,S11,DS024,9.392711,9.006217,"The tie is deeper than the shirt, giving a readable focal point. Pattern scale and prominence leave a clear visual hierarchy."
S11,research,10,"{""suitId"":""S11"",""shirtId"":""DS006"",""state"":""T018"",""shoeId"":""shoe-5"",""watchId"":""watch-R14""}",suit-10,Cool light grey textured near-solid,shirt-DS006,Brunello Cucinelli — light blue solid,T018,Dark brown / slate-blue paisley,,Matching suit trousers,shoe-5,Ecco Dress Shoes — Brown Oxford/Derby,watch-R14,Rolex — Day-Date White Roman,S11,DS006,9.409886,9.007993,"The tie is deeper than the shirt, giving a readable focal point. A recorded accent links the tie to another garment."
S11,research,11,"{""suitId"":""S11"",""shirtId"":""DS005"",""state"":""T033"",""shoeId"":""shoe-5"",""watchId"":""watch-AP06""}",suit-10,Cool light grey textured near-solid,shirt-DS005,Cream/off-white; Visually near-solid; subtle windowpane metadata retained,T033,Dark navy / blue-gold monogram,,Matching suit trousers,shoe-5,Ecco Dress Shoes — Brown Oxford/Derby,watch-AP06,"Audemars Piguet — RO Black Dial, Rose Gold",S11,DS005,9.411361,9.160165,"The tie is deeper than the shirt, giving a readable focal point. Pattern scale and prominence leave a clear visual hierarchy."
S11,research,12,"{""suitId"":""S11"",""shirtId"":""DS045"",""state"":""T004"",""shoeId"":""shoe-6"",""watchId"":""watch-AP06""}",suit-10,Cool light grey textured near-solid,shirt-DS045,Emanuel Berg — blue / white Bengal stripe,T004,Burnt-orange near-solid geometric,,Matching suit trousers,shoe-6,Allen Edmonds Dress Shoes — Brown Double Monk Strap,watch-AP06,"Audemars Piguet — RO Black Dial, Rose Gold",S11,DS045,9.346542,9.157862,"The tie is deeper than the shirt, giving a readable focal point."
S11,research,13,"{""suitId"":""S11"",""shirtId"":""DS008"",""state"":""T028"",""shoeId"":""shoe-6"",""watchId"":""watch-AP10""}",suit-10,Cool light grey textured near-solid,shirt-DS008,Brunello Cucinelli — White with thin horizontal stripe,T028,Midnight-navy tonal paisley,,Matching suit trousers,shoe-6,Allen Edmonds Dress Shoes — Brown Double Monk Strap,watch-AP10,Audemars Piguet — RO Blue RG Bracelet,S11,DS008,9.426672,9.32477,"The tie is deeper than the shirt, giving a readable focal point. Pattern scale and prominence leave a clear visual hierarchy."
S11,research,14,"{""suitId"":""S11"",""shirtId"":""DS007"",""state"":""T023"",""shoeId"":""shoe-0"",""watchId"":""watch-AP10""}",suit-10,Cool light grey textured near-solid,shirt-DS007,Paul Fredrick — Light blue micro-check,T023,Burgundy / blue paisley,,Matching suit trousers,shoe-0,Louis Vuitton Dress Shoes — Black Embossed Monogram Lace-up,watch-AP10,Audemars Piguet — RO Blue RG Bracelet,S11,DS007,9.428082,8.972993,"The tie is deeper than the shirt, giving a readable focal point. Pattern scale and prominence leave a clear visual hierarchy. A recorded accent links the tie to another garment."
S11,research,15,"{""suitId"":""S11"",""shirtId"":""DS030"",""state"":""T036"",""shoeId"":""shoe-13"",""watchId"":""watch-AP13""}",suit-10,Cool light grey textured near-solid,shirt-DS030,Brooks Brothers 346 — light silver-grey herringbone,T036,Purple / grey ornamental medallions,,Matching suit trousers,shoe-13,Hermes Loafers — Black Kelly Hardware,watch-AP13,Audemars Piguet — RO Blue RG Leather,S11,DS030,9.351054,9.138651,"The tie is deeper than the shirt, giving a readable focal point. A recorded accent links the tie to another garment."
S12,baseline_curated,1,"{""suitId"":""S12"",""shirtId"":""DS001"",""state"":""T020"",""shoeId"":""shoe-3"",""watchId"":""watch-R03""}",suit-11,Very dark navy with light-grey windowpane,shirt-DS001,White; Solid,T020,Navy / burgundy-tan paisley,,Matching suit trousers,shoe-3,Ecco Dress Shoes — Black Oxford/Derby,watch-R03,Rolex — Daytona Panda,S12,DS001,,8.710131,A white foundation and organic navy/burgundy tie avoid repeating the jacket windowpane.
S12,baseline_curated,2,"{""suitId"":""S12"",""shirtId"":""DS017"",""state"":""T030"",""shoeId"":""shoe-4"",""watchId"":""watch-P07""}",suit-11,Very dark navy with light-grey windowpane,shirt-DS017,Brioni — cream/stone solid,T030,Aubergine tonal geometric,,Matching suit trousers,shoe-4,Christian Louboutin Dress Shoes — Dark Brown Derby Lace-up,watch-P07,Patek Philippe — Nautilus Black Leather,S12,DS017,,9.395526,Cream and low-key aubergine let the navy windowpane lead.
S12,baseline_heuristic,1,"{""suitId"":""S12"",""shirtId"":""DS029"",""state"":""T044"",""shoeId"":""shoe-1"",""watchId"":""watch-AP09""}",suit-11,Very dark navy with light-grey windowpane,shirt-DS029,Brooks Brothers 346 — ice-blue / silver-blue herringbone,T044,Silver-grey tonal floral-paisley,,Matching suit trousers,shoe-1,Christian Louboutin Dress Shoes — Black Single Monk,watch-AP09,Audemars Piguet — RO Dark Blue,S12,DS029,9.106738,9.459276,Tie gives a clear focal point; jacket-shirt contrast need not be maximized.
S12,baseline_heuristic,2,"{""suitId"":""S12"",""shirtId"":""DS044"",""state"":""T028"",""shoeId"":""shoe-1"",""watchId"":""watch-AP09""}",suit-11,Very dark navy with light-grey windowpane,shirt-DS044,Emanuel Berg — white with navy micro-diamond / dot print,T028,Midnight-navy tonal paisley,,Matching suit trousers,shoe-1,Christian Louboutin Dress Shoes — Black Single Monk,watch-AP09,Audemars Piguet — RO Dark Blue,S12,DS044,9.100319,9.387961,Tie gives a clear focal point; jacket-shirt contrast need not be maximized.
S12,baseline_heuristic,3,"{""suitId"":""S12"",""shirtId"":""DS030"",""state"":""T030"",""shoeId"":""shoe-2"",""watchId"":""watch-R09""}",suit-11,Very dark navy with light-grey windowpane,shirt-DS030,Brooks Brothers 346 — light silver-grey herringbone,T030,Aubergine tonal geometric,,Matching suit trousers,shoe-2,Berluti Dress Shoes — Black Double Monk,watch-R09,Rolex — Datejust White Dial,S12,DS030,9.098856,9.371711,Tie gives a clear focal point; jacket-shirt contrast need not be maximized.
S12,baseline_heuristic,4,"{""suitId"":""S12"",""shirtId"":""DS016"",""state"":""NO_TIE"",""shoeId"":""shoe-13"",""watchId"":""watch-R09""}",suit-11,Very dark navy with light-grey windowpane,shirt-DS016,Brioni — tan/beige,,No tie,,Matching suit trousers,shoe-13,Hermes Loafers — Black Kelly Hardware,watch-R09,Rolex — Datejust White Dial,S12,DS016,9.060291,9.489211,Open collar has its own readable value/texture structure on the same quality scale; no missing-tie penalty.
S12,baseline_heuristic,5,"{""suitId"":""S12"",""shirtId"":""DS020"",""state"":""T045"",""shoeId"":""shoe-2"",""watchId"":""watch-R11""}",suit-11,Very dark navy with light-grey windowpane,shirt-DS020,Paul Fredrick — white / soft-pink stripe,T045,Pale pink / blue micro-dot,,Matching suit trousers,shoe-2,Berluti Dress Shoes — Black Double Monk,watch-R11,Rolex — Day-Date Green,S12,DS020,9.08903,9.262533,Tie gives a clear focal point; jacket-shirt contrast need not be maximized.
S12,baseline_heuristic,6,"{""suitId"":""S12"",""shirtId"":""DS025"",""state"":""T041"",""shoeId"":""shoe-3"",""watchId"":""watch-R11""}",suit-11,Very dark navy with light-grey windowpane,shirt-DS025,Light pink; Solid,T041,Silver / navy monogram,,Matching suit trousers,shoe-3,Ecco Dress Shoes — Black Oxford/Derby,watch-R11,Rolex — Day-Date Green,S12,DS025,9.096432,9.34477,Tie gives a clear focal point; jacket-shirt contrast need not be maximized.
S12,baseline_heuristic,7,"{""suitId"":""S12"",""shirtId"":""DS035"",""state"":""T044"",""shoeId"":""shoe-3"",""watchId"":""watch-R13""}",suit-11,Very dark navy with light-grey windowpane,shirt-DS035,Zegna — ivory/off-white solid,T044,Silver-grey tonal floral-paisley,,Matching suit trousers,shoe-3,Ecco Dress Shoes — Black Oxford/Derby,watch-R13,Rolex — Day-Date Champagne,S12,DS035,9.104713,9.436776,Tie gives a clear focal point; jacket-shirt contrast need not be maximized.
S12,baseline_heuristic,8,"{""suitId"":""S12"",""shirtId"":""DS022"",""state"":""T032"",""shoeId"":""shoe-4"",""watchId"":""watch-R13""}",suit-11,Very dark navy with light-grey windowpane,shirt-DS022,Darker lavender; Solid,T032,Purple / navy-white diagonal stripe,,Matching suit trousers,shoe-4,Christian Louboutin Dress Shoes — Dark Brown Derby Lace-up,watch-R13,Rolex — Day-Date Champagne,S12,DS022,9.066946,9.046316,Tie gives a clear focal point; jacket-shirt contrast need not be maximized.
S12,baseline_heuristic,9,"{""suitId"":""S12"",""shirtId"":""DS030"",""state"":""T013"",""shoeId"":""shoe-4"",""watchId"":""watch-R14""}",suit-11,Very dark navy with light-grey windowpane,shirt-DS030,Brooks Brothers 346 — light silver-grey herringbone,T013,Vivid red / small pale motifs,,Matching suit trousers,shoe-4,Christian Louboutin Dress Shoes — Dark Brown Derby Lace-up,watch-R14,Rolex — Day-Date White Roman,S12,DS030,9.091329,9.317237,Tie gives a clear focal point; jacket-shirt contrast need not be maximized.
S12,baseline_heuristic,10,"{""suitId"":""S12"",""shirtId"":""DS044"",""state"":""NO_TIE"",""shoeId"":""shoe-13"",""watchId"":""watch-R14""}",suit-11,Very dark navy with light-grey windowpane,shirt-DS044,Emanuel Berg — white with navy micro-diamond / dot print,,No tie,,Matching suit trousers,shoe-13,Hermes Loafers — Black Kelly Hardware,watch-R14,Rolex — Day-Date White Roman,S12,DS044,9.087055,9.386579,Open collar has its own readable value/texture structure on the same quality scale; no missing-tie penalty.
S12,baseline_heuristic,11,"{""suitId"":""S12"",""shirtId"":""DS037"",""state"":""T028"",""shoeId"":""shoe-49"",""watchId"":""watch-AP06""}",suit-11,Very dark navy with light-grey windowpane,shirt-DS037,Loewe — taupe/medium-brown solid,T028,Midnight-navy tonal paisley,,Matching suit trousers,shoe-49,"Berluti Dress Shoes — Alessandro Infini Alto Oxford, Venezia calf, brown patina, lug sole",watch-AP06,"Audemars Piguet — RO Black Dial, Rose Gold",S12,DS037,9.054232,9.332829,Tie gives a clear focal point; jacket-shirt contrast need not be maximized.
S12,baseline_heuristic,12,"{""suitId"":""S12"",""shirtId"":""DS019"",""state"":""T040"",""shoeId"":""shoe-49"",""watchId"":""watch-AP06""}",suit-11,Very dark navy with light-grey windowpane,shirt-DS019,Chestnut/warm mid-brown; Solid,T040,Charcoal tonal geometric,,Matching suit trousers,shoe-49,"Berluti Dress Shoes — Alessandro Infini Alto Oxford, Venezia calf, brown patina, lug sole",watch-AP06,"Audemars Piguet — RO Black Dial, Rose Gold",S12,DS019,9.037807,9.150329,Tie gives a clear focal point; jacket-shirt contrast need not be maximized.
S12,baseline_heuristic,13,"{""suitId"":""S12"",""shirtId"":""DS006"",""state"":""T033"",""shoeId"":""shoe-5"",""watchId"":""watch-AP10""}",suit-11,Very dark navy with light-grey windowpane,shirt-DS006,Brunello Cucinelli — light blue solid,T033,Dark navy / blue-gold monogram,,Matching suit trousers,shoe-5,Ecco Dress Shoes — Brown Oxford/Derby,watch-AP10,Audemars Piguet — RO Blue RG Bracelet,S12,DS006,9.080013,9.219276,Tie gives a clear focal point; jacket-shirt contrast need not be maximized.
S12,baseline_heuristic,14,"{""suitId"":""S12"",""shirtId"":""DS017"",""state"":""T041"",""shoeId"":""shoe-5"",""watchId"":""watch-AP10""}",suit-11,Very dark navy with light-grey windowpane,shirt-DS017,Brioni — cream/stone solid,T041,Silver / navy monogram,,Matching suit trousers,shoe-5,Ecco Dress Shoes — Brown Oxford/Derby,watch-AP10,Audemars Piguet — RO Blue RG Bracelet,S12,DS017,9.079113,9.209276,Tie gives a clear focal point; jacket-shirt contrast need not be maximized.
S12,baseline_heuristic,15,"{""suitId"":""S12"",""shirtId"":""DS014"",""state"":""T010"",""shoeId"":""shoe-6"",""watchId"":""watch-AP13""}",suit-11,Very dark navy with light-grey windowpane,shirt-DS014,White; Solid,T010,Near-black / white spaced dots,,Matching suit trousers,shoe-6,Allen Edmonds Dress Shoes — Brown Double Monk Strap,watch-AP13,Audemars Piguet — RO Blue RG Leather,S12,DS014,9.07238,9.134473,Tie gives a clear focal point; jacket-shirt contrast need not be maximized.
S12,research,1,"{""suitId"":""S12"",""shirtId"":""DS030"",""state"":""T039"",""shoeId"":""shoe-1"",""watchId"":""watch-AP09""}",suit-11,Very dark navy with light-grey windowpane,shirt-DS030,Brooks Brothers 346 — light silver-grey herringbone,T039,Navy / light-blue floral,,Matching suit trousers,shoe-1,Christian Louboutin Dress Shoes — Black Single Monk,watch-AP09,Audemars Piguet — RO Dark Blue,S12,DS030,9.346691,9.131711,"The tie is deeper than the shirt, giving a readable focal point. Pattern scale and prominence leave a clear visual hierarchy."
S12,research,2,"{""suitId"":""S12"",""shirtId"":""DS014"",""state"":""T025"",""shoeId"":""shoe-1"",""watchId"":""watch-AP09""}",suit-11,Very dark navy with light-grey windowpane,shirt-DS014,White; Solid,T025,Muted slate-brown / wine paisley,,Matching suit trousers,shoe-1,Christian Louboutin Dress Shoes — Black Single Monk,watch-AP09,Audemars Piguet — RO Dark Blue,S12,DS014,9.332224,8.913947,"The tie is deeper than the shirt, giving a readable focal point."
S12,research,3,"{""suitId"":""S12"",""shirtId"":""DS025"",""state"":""T030"",""shoeId"":""shoe-2"",""watchId"":""watch-R09""}",suit-11,Very dark navy with light-grey windowpane,shirt-DS025,Light pink; Solid,T030,Aubergine tonal geometric,,Matching suit trousers,shoe-2,Berluti Dress Shoes — Black Double Monk,watch-R09,Rolex — Datejust White Dial,S12,DS025,9.287453,9.487895,"The tie is deeper than the shirt, giving a readable focal point. Pattern scale and prominence leave a clear visual hierarchy."
S12,research,4,"{""suitId"":""S12"",""shirtId"":""DS017"",""state"":""T021"",""shoeId"":""shoe-2"",""watchId"":""watch-R09""}",suit-11,Very dark navy with light-grey windowpane,shirt-DS017,Brioni — cream/stone solid,T021,Dark navy / gold medallions,,Matching suit trousers,shoe-2,Berluti Dress Shoes — Black Double Monk,watch-R09,Rolex — Datejust White Dial,S12,DS017,9.327152,8.815131,"The tie is deeper than the shirt, giving a readable focal point."
S12,research,5,"{""suitId"":""S12"",""shirtId"":""DS035"",""state"":""T028"",""shoeId"":""shoe-3"",""watchId"":""watch-R11""}",suit-11,Very dark navy with light-grey windowpane,shirt-DS035,Zegna — ivory/off-white solid,T028,Midnight-navy tonal paisley,,Matching suit trousers,shoe-3,Ecco Dress Shoes — Black Oxford/Derby,watch-R11,Rolex — Day-Date Green,S12,DS035,9.327341,9.408026,"The tie is deeper than the shirt, giving a readable focal point. Pattern scale and prominence leave a clear visual hierarchy."
S12,research,6,"{""suitId"":""S12"",""shirtId"":""DS008"",""state"":""T039"",""shoeId"":""shoe-3"",""watchId"":""watch-R11""}",suit-11,Very dark navy with light-grey windowpane,shirt-DS008,Brunello Cucinelli — White with thin horizontal stripe,T039,Navy / light-blue floral,,Matching suit trousers,shoe-3,Ecco Dress Shoes — Black Oxford/Derby,watch-R11,Rolex — Day-Date Green,S12,DS008,9.324398,8.908158,"The tie is deeper than the shirt, giving a readable focal point. Pattern scale and prominence leave a clear visual hierarchy."
S12,research,7,"{""suitId"":""S12"",""shirtId"":""DS009"",""state"":""T023"",""shoeId"":""shoe-4"",""watchId"":""watch-R13""}",suit-11,Very dark navy with light-grey windowpane,shirt-DS009,Brunello Cucinelli — sky-blue solid,T023,Burgundy / blue paisley,,Matching suit trousers,shoe-4,Christian Louboutin Dress Shoes — Dark Brown Derby Lace-up,watch-R13,Rolex — Day-Date Champagne,S12,DS009,9.264331,9.03852,"The tie is deeper than the shirt, giving a readable focal point. Pattern scale and prominence leave a clear visual hierarchy. A recorded accent links the tie to another garment."
S12,research,8,"{""suitId"":""S12"",""shirtId"":""DS005"",""state"":""T028"",""shoeId"":""shoe-4"",""watchId"":""watch-R13""}",suit-11,Very dark navy with light-grey windowpane,shirt-DS005,Cream/off-white; Visually near-solid; subtle windowpane metadata retained,T028,Midnight-navy tonal paisley,,Matching suit trousers,shoe-4,Christian Louboutin Dress Shoes — Dark Brown Derby Lace-up,watch-R13,Rolex — Day-Date Champagne,S12,DS005,9.326878,9.268026,"The tie is deeper than the shirt, giving a readable focal point. Pattern scale and prominence leave a clear visual hierarchy."
S12,research,9,"{""suitId"":""S12"",""shirtId"":""DS001"",""state"":""T025"",""shoeId"":""shoe-13"",""watchId"":""watch-R14""}",suit-11,Very dark navy with light-grey windowpane,shirt-DS001,White; Solid,T025,Muted slate-brown / wine paisley,,Matching suit trousers,shoe-13,Hermes Loafers — Black Kelly Hardware,watch-R14,Rolex — Day-Date White Roman,S12,DS001,9.307231,8.773947,"The tie is deeper than the shirt, giving a readable focal point."
S12,research,10,"{""suitId"":""S12"",""shirtId"":""DS017"",""state"":""T022"",""shoeId"":""shoe-0"",""watchId"":""watch-R14""}",suit-11,Very dark navy with light-grey windowpane,shirt-DS017,Brioni — cream/stone solid,T022,Deep navy tonal honeycomb,,Matching suit trousers,shoe-0,Louis Vuitton Dress Shoes — Black Embossed Monogram Lace-up,watch-R14,Rolex — Day-Date White Roman,S12,DS017,9.309178,9.303026,"The tie is deeper than the shirt, giving a readable focal point. Pattern scale and prominence leave a clear visual hierarchy."
S12,research,11,"{""suitId"":""S12"",""shirtId"":""DS035"",""state"":""T023"",""shoeId"":""shoe-0"",""watchId"":""watch-AP06""}",suit-11,Very dark navy with light-grey windowpane,shirt-DS035,Zegna — ivory/off-white solid,T023,Burgundy / blue paisley,,Matching suit trousers,shoe-0,Louis Vuitton Dress Shoes — Black Embossed Monogram Lace-up,watch-AP06,"Audemars Piguet — RO Black Dial, Rose Gold",S12,DS035,9.259318,9.207895,"The tie is deeper than the shirt, giving a readable focal point. Pattern scale and prominence leave a clear visual hierarchy."
S12,research,12,"{""suitId"":""S12"",""shirtId"":""DS005"",""state"":""T021"",""shoeId"":""shoe-13"",""watchId"":""watch-AP06""}",suit-11,Very dark navy with light-grey windowpane,shirt-DS005,Cream/off-white; Visually near-solid; subtle windowpane metadata retained,T021,Dark navy / gold medallions,,Matching suit trousers,shoe-13,Hermes Loafers — Black Kelly Hardware,watch-AP06,"Audemars Piguet — RO Black Dial, Rose Gold",S12,DS005,9.300256,8.745131,"The tie is deeper than the shirt, giving a readable focal point."
S12,research,13,"{""suitId"":""S12"",""shirtId"":""DS006"",""state"":""T018"",""shoeId"":""shoe-8"",""watchId"":""watch-AP10""}",suit-11,Very dark navy with light-grey windowpane,shirt-DS006,Brunello Cucinelli — light blue solid,T018,Dark brown / slate-blue paisley,,Matching suit trousers,shoe-8,Gucci Loafers — Black Horsebit,watch-AP10,Audemars Piguet — RO Blue RG Bracelet,S12,DS006,9.251544,8.908947,"The tie is deeper than the shirt, giving a readable focal point. A recorded accent links the tie to another garment."
S12,research,14,"{""suitId"":""S12"",""shirtId"":""DS036"",""state"":""NO_TIE"",""shoeId"":""shoe-8"",""watchId"":""watch-AP10""}",suit-11,Very dark navy with light-grey windowpane,shirt-DS036,Zegna — chocolate-brown solid,,No tie,,Matching suit trousers,shoe-8,Gucci Loafers — Black Horsebit,watch-AP10,Audemars Piguet — RO Blue RG Bracelet,S12,DS036,9.16829,9.136842,Open collar keeps the outfit uncluttered; no missing-tie penalty. Pattern scale and prominence leave a clear visual hierarchy.
S12,research,15,"{""suitId"":""S12"",""shirtId"":""DS030"",""state"":""T020"",""shoeId"":""shoe-11"",""watchId"":""watch-AP13""}",suit-11,Very dark navy with light-grey windowpane,shirt-DS030,Brooks Brothers 346 — light silver-grey herringbone,T020,Navy / burgundy-tan paisley,,Matching suit trousers,shoe-11,"Gucci Loafers — Dark Espresso Brown/Oxblood Horsebit, Polished Leather",watch-AP13,Audemars Piguet — RO Blue RG Leather,S12,DS030,9.311246,8.966316,"The tie is deeper than the shirt, giving a readable focal point."
S13,baseline_curated,1,"{""suitId"":""S13"",""shirtId"":""DS035"",""state"":""T023"",""shoeId"":""shoe-4"",""watchId"":""watch-P08""}",suit-12,Medium-dark slate-blue textured near-solid,shirt-DS035,Zegna — ivory/off-white solid,T023,Burgundy / blue paisley,,Matching suit trousers,shoe-4,Christian Louboutin Dress Shoes — Dark Brown Derby Lace-up,watch-P08,Patek Philippe — Nautilus 5811,S13,DS035,,9.353421,Ivory separates slate-blue tailoring from the burgundy tie. Dark-brown shoes keep the warm accent controlled.
S13,baseline_curated,2,"{""suitId"":""S13"",""shirtId"":""DS037"",""state"":""NO_TIE"",""shoeId"":""shoe-15"",""watchId"":""watch-P02""}",suit-12,Medium-dark slate-blue textured near-solid,shirt-DS037,Loewe — taupe/medium-brown solid,,No tie,,Matching suit trousers,shoe-15,Loro Piana Loafers — Brown Suede Penny,watch-P02,Patek Philippe — Aquanaut Chocolate RG,S13,DS037,,7.831579,"Taupe under slate-blue texture, open at the neck, with softer brown footwear."
S13,baseline_heuristic,1,"{""suitId"":""S13"",""shirtId"":""DS029"",""state"":""T006"",""shoeId"":""shoe-1"",""watchId"":""watch-AP09""}",suit-12,Medium-dark slate-blue textured near-solid,shirt-DS029,Brooks Brothers 346 — ice-blue / silver-blue herringbone,T006,Dark ground / blue-gold floral,,Matching suit trousers,shoe-1,Christian Louboutin Dress Shoes — Black Single Monk,watch-AP09,Audemars Piguet — RO Dark Blue,S13,DS029,9.11344,9.53375,Tie gives a clear focal point; jacket-shirt contrast need not be maximized.
S13,baseline_heuristic,2,"{""suitId"":""S13"",""shirtId"":""DS026"",""state"":""NO_TIE"",""shoeId"":""shoe-13"",""watchId"":""watch-AP09""}",suit-12,Medium-dark slate-blue textured near-solid,shirt-DS026,Pink; Gingham,,No tie,,Matching suit trousers,shoe-13,Hermes Loafers — Black Kelly Hardware,watch-AP09,Audemars Piguet — RO Dark Blue,S13,DS026,9.105528,9.591842,Open collar has its own readable value/texture structure on the same quality scale; no missing-tie penalty.
S13,baseline_heuristic,3,"{""suitId"":""S13"",""shirtId"":""DS020"",""state"":""T037"",""shoeId"":""shoe-1"",""watchId"":""watch-R09""}",suit-12,Medium-dark slate-blue textured near-solid,shirt-DS020,Paul Fredrick — white / soft-pink stripe,T037,Dusty rose / blue medallions,,Matching suit trousers,shoe-1,Christian Louboutin Dress Shoes — Black Single Monk,watch-R09,Rolex — Datejust White Dial,S13,DS020,9.102744,9.414901,Tie gives a clear focal point; jacket-shirt contrast need not be maximized.
S13,baseline_heuristic,4,"{""suitId"":""S13"",""shirtId"":""DS022"",""state"":""T035"",""shoeId"":""shoe-2"",""watchId"":""watch-R09""}",suit-12,Medium-dark slate-blue textured near-solid,shirt-DS022,Darker lavender; Solid,T035,Navy / blue monogram,,Matching suit trousers,shoe-2,Berluti Dress Shoes — Black Double Monk,watch-R09,Rolex — Datejust White Dial,S13,DS022,9.085593,9.224342,Tie gives a clear focal point; jacket-shirt contrast need not be maximized.
S13,baseline_heuristic,5,"{""suitId"":""S13"",""shirtId"":""DS035"",""state"":""T009"",""shoeId"":""shoe-2"",""watchId"":""watch-R11""}",suit-12,Medium-dark slate-blue textured near-solid,shirt-DS035,Zegna — ivory/off-white solid,T009,Gold / blue medallion mosaic,,Matching suit trousers,shoe-2,Berluti Dress Shoes — Black Double Monk,watch-R11,Rolex — Day-Date Green,S13,DS035,9.093004,9.306678,Tie gives a clear focal point; jacket-shirt contrast need not be maximized.
S13,baseline_heuristic,6,"{""suitId"":""S13"",""shirtId"":""DS010"",""state"":""T039"",""shoeId"":""shoe-3"",""watchId"":""watch-R11""}",suit-12,Medium-dark slate-blue textured near-solid,shirt-DS010,Paul Fredrick — light-grey houndstooth,T039,Navy / light-blue floral,,Matching suit trousers,shoe-3,Ecco Dress Shoes — Black Oxford/Derby,watch-R11,Rolex — Day-Date Green,S13,DS010,9.0902,9.275526,Tie gives a clear focal point; jacket-shirt contrast need not be maximized.
S13,baseline_heuristic,7,"{""suitId"":""S13"",""shirtId"":""DS031"",""state"":""T010"",""shoeId"":""shoe-3"",""watchId"":""watch-R13""}",suit-12,Medium-dark slate-blue textured near-solid,shirt-DS031,Hugo Boss — lavender windowpane over micro-check,T010,Near-black / white spaced dots,,Matching suit trousers,shoe-3,Ecco Dress Shoes — Black Oxford/Derby,watch-R13,Rolex — Day-Date Champagne,S13,DS031,9.100147,9.386053,Tie gives a clear focal point; jacket-shirt contrast need not be maximized.
S13,baseline_heuristic,8,"{""suitId"":""S13"",""shirtId"":""DS018"",""state"":""T023"",""shoeId"":""shoe-4"",""watchId"":""watch-R13""}",suit-12,Medium-dark slate-blue textured near-solid,shirt-DS018,Mauve/rose; Prince of Wales/glen check,T023,Burgundy / blue paisley,,Matching suit trousers,shoe-4,Christian Louboutin Dress Shoes — Dark Brown Derby Lace-up,watch-R13,Rolex — Day-Date Champagne,S13,DS018,9.083501,9.230263,Tie gives a clear focal point; jacket-shirt contrast need not be maximized.
S13,baseline_heuristic,9,"{""suitId"":""S13"",""shirtId"":""DS017"",""state"":""T002"",""shoeId"":""shoe-4"",""watchId"":""watch-R14""}",suit-12,Medium-dark slate-blue textured near-solid,shirt-DS017,Brioni — cream/stone solid,T002,Tobacco / blue medallion grid,,Matching suit trousers,shoe-4,Christian Louboutin Dress Shoes — Dark Brown Derby Lace-up,watch-R14,Rolex — Day-Date White Roman,S13,DS017,9.079072,9.181053,Tie gives a clear focal point; jacket-shirt contrast need not be maximized.
S13,baseline_heuristic,10,"{""suitId"":""S13"",""shirtId"":""DS024"",""state"":""T039"",""shoeId"":""shoe-49"",""watchId"":""watch-R14""}",suit-12,Medium-dark slate-blue textured near-solid,shirt-DS024,Pale pink; Solid,T039,Navy / light-blue floral,,Matching suit trousers,shoe-49,"Berluti Dress Shoes — Alessandro Infini Alto Oxford, Venezia calf, brown patina, lug sole",watch-R14,Rolex — Day-Date White Roman,S13,DS024,9.10246,9.440921,Tie gives a clear focal point; jacket-shirt contrast need not be maximized.
S13,baseline_heuristic,11,"{""suitId"":""S13"",""shirtId"":""DS044"",""state"":""T006"",""shoeId"":""shoe-49"",""watchId"":""watch-AP06""}",suit-12,Medium-dark slate-blue textured near-solid,shirt-DS044,Emanuel Berg — white with navy micro-diamond / dot print,T006,Dark ground / blue-gold floral,,Matching suit trousers,shoe-49,"Berluti Dress Shoes — Alessandro Infini Alto Oxford, Venezia calf, brown patina, lug sole",watch-AP06,"Audemars Piguet — RO Black Dial, Rose Gold",S13,DS044,9.093696,9.371316,Tie gives a clear focal point; jacket-shirt contrast need not be maximized.
S13,baseline_heuristic,12,"{""suitId"":""S13"",""shirtId"":""DS030"",""state"":""T014"",""shoeId"":""shoe-5"",""watchId"":""watch-AP06""}",suit-12,Medium-dark slate-blue textured near-solid,shirt-DS030,Brooks Brothers 346 — light silver-grey herringbone,T014,Dark ground / silver ring dots,,Matching suit trousers,shoe-5,Ecco Dress Shoes — Brown Oxford/Derby,watch-AP06,"Audemars Piguet — RO Black Dial, Rose Gold",S13,DS030,9.100695,9.449079,Tie gives a clear focal point; jacket-shirt contrast need not be maximized.
S13,baseline_heuristic,13,"{""suitId"":""S13"",""shirtId"":""DS013"",""state"":""T043"",""shoeId"":""shoe-5"",""watchId"":""watch-AP10""}",suit-12,Medium-dark slate-blue textured near-solid,shirt-DS013,"Tom James — cream, brown & light-blue tattersall",T043,Black / muted pale floral outline,,Matching suit trousers,shoe-5,Ecco Dress Shoes — Brown Oxford/Derby,watch-AP10,Audemars Piguet — RO Blue RG Bracelet,S13,DS013,9.093169,9.36546,Tie gives a clear focal point; jacket-shirt contrast need not be maximized.
S13,baseline_heuristic,14,"{""suitId"":""S13"",""shirtId"":""DS014"",""state"":""T033"",""shoeId"":""shoe-6"",""watchId"":""watch-AP10""}",suit-12,Medium-dark slate-blue textured near-solid,shirt-DS014,White; Solid,T033,Dark navy / blue-gold monogram,,Matching suit trousers,shoe-6,Allen Edmonds Dress Shoes — Brown Double Monk Strap,watch-AP10,Audemars Piguet — RO Blue RG Bracelet,S13,DS014,9.091197,9.343553,Tie gives a clear focal point; jacket-shirt contrast need not be maximized.
S13,baseline_heuristic,15,"{""suitId"":""S13"",""shirtId"":""DS035"",""state"":""T038"",""shoeId"":""shoe-6"",""watchId"":""watch-AP13""}",suit-12,Medium-dark slate-blue textured near-solid,shirt-DS035,Zegna — ivory/off-white solid,T038,Fuchsia / pale-blue floral,,Matching suit trousers,shoe-6,Allen Edmonds Dress Shoes — Brown Double Monk Strap,watch-AP13,Audemars Piguet — RO Blue RG Leather,S13,DS035,9.101491,9.457928,Tie gives a clear focal point; jacket-shirt contrast need not be maximized.
S13,research,1,"{""suitId"":""S13"",""shirtId"":""DS035"",""state"":""T023"",""shoeId"":""shoe-1"",""watchId"":""watch-AP09""}",suit-12,Medium-dark slate-blue textured near-solid,shirt-DS035,Zegna — ivory/off-white solid,T023,Burgundy / blue paisley,,Matching suit trousers,shoe-1,Christian Louboutin Dress Shoes — Black Single Monk,watch-AP09,Audemars Piguet — RO Dark Blue,S13,DS035,9.443958,9.353421,"The tie is deeper than the shirt, giving a readable focal point. Pattern scale and prominence leave a clear visual hierarchy. A recorded accent links the tie to another garment."
S13,research,2,"{""suitId"":""S13"",""shirtId"":""DS017"",""state"":""T021"",""shoeId"":""shoe-1"",""watchId"":""watch-AP09""}",suit-12,Medium-dark slate-blue textured near-solid,shirt-DS017,Brioni — cream/stone solid,T021,Dark navy / gold medallions,,Matching suit trousers,shoe-1,Christian Louboutin Dress Shoes — Black Single Monk,watch-AP09,Audemars Piguet — RO Dark Blue,S13,DS017,9.437826,9.226316,"The tie is deeper than the shirt, giving a readable focal point."
S13,research,3,"{""suitId"":""S13"",""shirtId"":""DS005"",""state"":""T023"",""shoeId"":""shoe-2"",""watchId"":""watch-R09""}",suit-12,Medium-dark slate-blue textured near-solid,shirt-DS005,Cream/off-white; Visually near-solid; subtle windowpane metadata retained,T023,Burgundy / blue paisley,,Matching suit trousers,shoe-2,Berluti Dress Shoes — Black Double Monk,watch-R09,Rolex — Datejust White Dial,S13,DS005,9.421828,9.178421,"The tie is deeper than the shirt, giving a readable focal point. Pattern scale and prominence leave a clear visual hierarchy. A recorded accent links the tie to another garment."
S13,research,4,"{""suitId"":""S13"",""shirtId"":""DS035"",""state"":""T029"",""shoeId"":""shoe-2"",""watchId"":""watch-R09""}",suit-12,Medium-dark slate-blue textured near-solid,shirt-DS035,Zegna — ivory/off-white solid,T029,Navy / silver ornamental medallions,,Matching suit trousers,shoe-2,Berluti Dress Shoes — Black Double Monk,watch-R09,Rolex — Datejust White Dial,S13,DS035,9.420116,9.333553,"The tie is deeper than the shirt, giving a readable focal point."
S13,research,5,"{""suitId"":""S13"",""shirtId"":""DS005"",""state"":""T022"",""shoeId"":""shoe-3"",""watchId"":""watch-R11""}",suit-12,Medium-dark slate-blue textured near-solid,shirt-DS005,Cream/off-white; Visually near-solid; subtle windowpane metadata retained,T022,Deep navy tonal honeycomb,,Matching suit trousers,shoe-3,Ecco Dress Shoes — Black Oxford/Derby,watch-R11,Rolex — Day-Date Green,S13,DS005,9.421418,9.153553,"The tie is deeper than the shirt, giving a readable focal point. Pattern scale and prominence leave a clear visual hierarchy."
S13,research,6,"{""suitId"":""S13"",""shirtId"":""DS007"",""state"":""T018"",""shoeId"":""shoe-3"",""watchId"":""watch-R11""}",suit-12,Medium-dark slate-blue textured near-solid,shirt-DS007,Paul Fredrick — Light blue micro-check,T018,Dark brown / slate-blue paisley,,Matching suit trousers,shoe-3,Ecco Dress Shoes — Black Oxford/Derby,watch-R11,Rolex — Day-Date Green,S13,DS007,9.334932,9.235855,"The tie is deeper than the shirt, giving a readable focal point. A recorded accent links the tie to another garment."
S13,research,7,"{""suitId"":""S13"",""shirtId"":""DS014"",""state"":""T029"",""shoeId"":""shoe-4"",""watchId"":""watch-R13""}",suit-12,Medium-dark slate-blue textured near-solid,shirt-DS014,White; Solid,T029,Navy / silver ornamental medallions,,Matching suit trousers,shoe-4,Christian Louboutin Dress Shoes — Dark Brown Derby Lace-up,watch-R13,Rolex — Day-Date Champagne,S13,DS014,9.367525,9.193553,"The tie is deeper than the shirt, giving a readable focal point."
S13,research,8,"{""suitId"":""S13"",""shirtId"":""DS017"",""state"":""T022"",""shoeId"":""shoe-4"",""watchId"":""watch-R13""}",suit-12,Medium-dark slate-blue textured near-solid,shirt-DS017,Brioni — cream/stone solid,T022,Deep navy tonal honeycomb,,Matching suit trousers,shoe-4,Christian Louboutin Dress Shoes — Dark Brown Derby Lace-up,watch-R13,Rolex — Day-Date Champagne,S13,DS017,9.411966,9.188553,"The tie is deeper than the shirt, giving a readable focal point. Pattern scale and prominence leave a clear visual hierarchy."
S13,research,9,"{""suitId"":""S13"",""shirtId"":""DS002"",""state"":""T021"",""shoeId"":""shoe-5"",""watchId"":""watch-R14""}",suit-12,Medium-dark slate-blue textured near-solid,shirt-DS002,DS002 - source-repaired collar/body pilot,T021,Dark navy / gold medallions,,Matching suit trousers,shoe-5,Ecco Dress Shoes — Brown Oxford/Derby,watch-R14,Rolex — Day-Date White Roman,S13,DS002,9.381235,8.959474,"The tie is deeper than the shirt, giving a readable focal point."
S13,research,10,"{""suitId"":""S13"",""shirtId"":""DS001"",""state"":""T016"",""shoeId"":""shoe-5"",""watchId"":""watch-R14""}",suit-12,Medium-dark slate-blue textured near-solid,shirt-DS001,White; Solid,T016,Burgundy-red / silver diagonal stripe,,Matching suit trousers,shoe-5,Ecco Dress Shoes — Brown Oxford/Derby,watch-R14,Rolex — Day-Date White Roman,S13,DS001,9.318007,8.957237,"The tie is deeper than the shirt, giving a readable focal point."
S13,research,11,"{""suitId"":""S13"",""shirtId"":""DS013"",""state"":""T039"",""shoeId"":""shoe-6"",""watchId"":""watch-AP06""}",suit-12,Medium-dark slate-blue textured near-solid,shirt-DS013,"Tom James — cream, brown & light-blue tattersall",T039,Navy / light-blue floral,,Matching suit trousers,shoe-6,Allen Edmonds Dress Shoes — Brown Double Monk Strap,watch-AP06,"Audemars Piguet — RO Black Dial, Rose Gold",S13,DS013,9.351047,9.21171,"The tie is deeper than the shirt, giving a readable focal point. Pattern scale and prominence leave a clear visual hierarchy. A recorded accent links the tie to another garment."
S13,research,12,"{""suitId"":""S13"",""shirtId"":""DS025"",""state"":""T030"",""shoeId"":""shoe-6"",""watchId"":""watch-AP06""}",suit-12,Medium-dark slate-blue textured near-solid,shirt-DS025,Light pink; Solid,T030,Aubergine tonal geometric,,Matching suit trousers,shoe-6,Allen Edmonds Dress Shoes — Brown Double Monk Strap,watch-AP06,"Audemars Piguet — RO Black Dial, Rose Gold",S13,DS025,9.271182,9.223421,"The tie is deeper than the shirt, giving a readable focal point. Pattern scale and prominence leave a clear visual hierarchy."
S13,research,13,"{""suitId"":""S13"",""shirtId"":""DS001"",""state"":""T033"",""shoeId"":""shoe-0"",""watchId"":""watch-AP10""}",suit-12,Medium-dark slate-blue textured near-solid,shirt-DS001,White; Solid,T033,Dark navy / blue-gold monogram,,Matching suit trousers,shoe-0,Louis Vuitton Dress Shoes — Black Embossed Monogram Lace-up,watch-AP10,Audemars Piguet — RO Blue RG Bracelet,S13,DS001,9.33848,9.238553,"The tie is deeper than the shirt, giving a readable focal point. Pattern scale and prominence leave a clear visual hierarchy. A recorded accent links the tie to another garment."
S13,research,14,"{""suitId"":""S13"",""shirtId"":""DS002"",""state"":""T035"",""shoeId"":""shoe-0"",""watchId"":""watch-AP10""}",suit-12,Medium-dark slate-blue textured near-solid,shirt-DS002,DS002 - source-repaired collar/body pilot,T035,Navy / blue monogram,,Matching suit trousers,shoe-0,Louis Vuitton Dress Shoes — Black Embossed Monogram Lace-up,watch-AP10,Audemars Piguet — RO Blue RG Bracelet,S13,DS002,9.353242,9.071711,"The tie is deeper than the shirt, giving a readable focal point. Pattern scale and prominence leave a clear visual hierarchy. A recorded accent links the tie to another garment."
S13,research,15,"{""suitId"":""S13"",""shirtId"":""DS030"",""state"":""T039"",""shoeId"":""shoe-13"",""watchId"":""watch-AP13""}",suit-12,Medium-dark slate-blue textured near-solid,shirt-DS030,Brooks Brothers 346 — light silver-grey herringbone,T039,Navy / light-blue floral,,Matching suit trousers,shoe-13,Hermes Loafers — Black Kelly Hardware,watch-AP13,Audemars Piguet — RO Blue RG Leather,S13,DS030,9.285416,9.378553,"The tie is deeper than the shirt, giving a readable focal point. Pattern scale and prominence leave a clear visual hierarchy. A recorded accent links the tie to another garment."
S14,baseline_curated,1,"{""suitId"":""S14"",""shirtId"":""DS035"",""state"":""T025"",""shoeId"":""shoe-11"",""watchId"":""watch-P08""}",suit-13,Dark charcoal / slate-blue Prince of Wales / glen plaid,shirt-DS035,Zegna — ivory/off-white solid,T025,Muted slate-brown / wine paisley,,Matching suit trousers,shoe-11,"Gucci Loafers — Dark Espresso Brown/Oxblood Horsebit, Polished Leather",watch-P08,Patek Philippe — Nautilus 5811,S14,DS035,,8.896052,Ivory and wine/slate paisley separate themselves from a dark glen pattern.
S14,baseline_curated,2,"{""suitId"":""S14"",""shirtId"":""DS024"",""state"":""T028"",""shoeId"":""shoe-3"",""watchId"":""watch-R09""}",suit-13,Dark charcoal / slate-blue Prince of Wales / glen plaid,shirt-DS024,Pale pink; Solid,T028,Midnight-navy tonal paisley,,Matching suit trousers,shoe-3,Ecco Dress Shoes — Black Oxford/Derby,watch-R09,Rolex — Datejust White Dial,S14,DS024,,9.435395,"Pale pink softens the dark plaid, with a quiet navy focal point."
S14,baseline_heuristic,1,"{""suitId"":""S14"",""shirtId"":""DS028"",""state"":""T028"",""shoeId"":""shoe-1"",""watchId"":""watch-AP09""}",suit-13,Dark charcoal / slate-blue Prince of Wales / glen plaid,shirt-DS028,Tom James — very pale-blue birdseye / micro-check,T028,Midnight-navy tonal paisley,,Matching suit trousers,shoe-1,Christian Louboutin Dress Shoes — Black Single Monk,watch-AP09,Audemars Piguet — RO Dark Blue,S14,DS028,9.104819,9.43796,Tie gives a clear focal point; jacket-shirt contrast need not be maximized.
S14,baseline_heuristic,2,"{""suitId"":""S14"",""shirtId"":""DS044"",""state"":""T044"",""shoeId"":""shoe-1"",""watchId"":""watch-AP09""}",suit-13,Dark charcoal / slate-blue Prince of Wales / glen plaid,shirt-DS044,Emanuel Berg — white with navy micro-diamond / dot print,T044,Silver-grey tonal floral-paisley,,Matching suit trousers,shoe-1,Christian Louboutin Dress Shoes — Black Single Monk,watch-AP09,Audemars Piguet — RO Dark Blue,S14,DS044,9.097175,9.353026,Tie gives a clear focal point; jacket-shirt contrast need not be maximized.
S14,baseline_heuristic,3,"{""suitId"":""S14"",""shirtId"":""DS035"",""state"":""T047"",""shoeId"":""shoe-2"",""watchId"":""watch-R09""}",suit-13,Dark charcoal / slate-blue Prince of Wales / glen plaid,shirt-DS035,Zegna — ivory/off-white solid,T047,Pistachio / blue micro-geometric,,Matching suit trousers,shoe-2,Berluti Dress Shoes — Black Double Monk,watch-R09,Rolex — Datejust White Dial,S14,DS035,9.103081,9.418651,Tie gives a clear focal point; jacket-shirt contrast need not be maximized.
S14,baseline_heuristic,4,"{""suitId"":""S14"",""shirtId"":""DS030"",""state"":""T043"",""shoeId"":""shoe-2"",""watchId"":""watch-R09""}",suit-13,Dark charcoal / slate-blue Prince of Wales / glen plaid,shirt-DS030,Brooks Brothers 346 — light silver-grey herringbone,T043,Black / muted pale floral outline,,Matching suit trousers,shoe-2,Berluti Dress Shoes — Black Double Monk,watch-R09,Rolex — Datejust White Dial,S14,DS030,9.089069,9.262961,Tie gives a clear focal point; jacket-shirt contrast need not be maximized.
S14,baseline_heuristic,5,"{""suitId"":""S14"",""shirtId"":""DS016"",""state"":""NO_TIE"",""shoeId"":""shoe-13"",""watchId"":""watch-R11""}",suit-13,Dark charcoal / slate-blue Prince of Wales / glen plaid,shirt-DS016,Brioni — tan/beige,,No tie,,Matching suit trousers,shoe-13,Hermes Loafers — Black Kelly Hardware,watch-R11,Rolex — Day-Date Green,S14,DS016,9.060291,9.489211,Open collar has its own readable value/texture structure on the same quality scale; no missing-tie penalty.
S14,baseline_heuristic,6,"{""suitId"":""S14"",""shirtId"":""DS020"",""state"":""T045"",""shoeId"":""shoe-3"",""watchId"":""watch-R11""}",suit-13,Dark charcoal / slate-blue Prince of Wales / glen plaid,shirt-DS020,Paul Fredrick — white / soft-pink stripe,T045,Pale pink / blue micro-dot,,Matching suit trousers,shoe-3,Ecco Dress Shoes — Black Oxford/Derby,watch-R11,Rolex — Day-Date Green,S14,DS020,9.09308,9.307533,Tie gives a clear focal point; jacket-shirt contrast need not be maximized.
S14,baseline_heuristic,7,"{""suitId"":""S14"",""shirtId"":""DS025"",""state"":""T044"",""shoeId"":""shoe-3"",""watchId"":""watch-R13""}",suit-13,Dark charcoal / slate-blue Prince of Wales / glen plaid,shirt-DS025,Light pink; Solid,T044,Silver-grey tonal floral-paisley,,Matching suit trousers,shoe-3,Ecco Dress Shoes — Black Oxford/Derby,watch-R13,Rolex — Day-Date Champagne,S14,DS025,9.099919,9.38352,Tie gives a clear focal point; jacket-shirt contrast need not be maximized.
S14,baseline_heuristic,8,"{""suitId"":""S14"",""shirtId"":""DS022"",""state"":""T023"",""shoeId"":""shoe-4"",""watchId"":""watch-R13""}",suit-13,Dark charcoal / slate-blue Prince of Wales / glen plaid,shirt-DS022,Darker lavender; Solid,T023,Burgundy / blue paisley,,Matching suit trousers,shoe-4,Christian Louboutin Dress Shoes — Dark Brown Derby Lace-up,watch-R13,Rolex — Day-Date Champagne,S14,DS022,9.067005,9.046974,Tie gives a clear focal point; jacket-shirt contrast need not be maximized.
S14,baseline_heuristic,9,"{""suitId"":""S14"",""shirtId"":""DS030"",""state"":""T028"",""shoeId"":""shoe-4"",""watchId"":""watch-R14""}",suit-13,Dark charcoal / slate-blue Prince of Wales / glen plaid,shirt-DS030,Brooks Brothers 346 — light silver-grey herringbone,T028,Midnight-navy tonal paisley,,Matching suit trousers,shoe-4,Christian Louboutin Dress Shoes — Dark Brown Derby Lace-up,watch-R14,Rolex — Day-Date White Roman,S14,DS030,9.100506,9.41921,Tie gives a clear focal point; jacket-shirt contrast need not be maximized.
S14,baseline_heuristic,10,"{""suitId"":""S14"",""shirtId"":""DS029"",""state"":""T010"",""shoeId"":""shoe-49"",""watchId"":""watch-R14""}",suit-13,Dark charcoal / slate-blue Prince of Wales / glen plaid,shirt-DS029,Brooks Brothers 346 — ice-blue / silver-blue herringbone,T010,Near-black / white spaced dots,,Matching suit trousers,shoe-49,"Berluti Dress Shoes — Alessandro Infini Alto Oxford, Venezia calf, brown patina, lug sole",watch-R14,Rolex — Day-Date White Roman,S14,DS029,9.09606,9.369803,Tie gives a clear focal point; jacket-shirt contrast need not be maximized.
S14,baseline_heuristic,11,"{""suitId"":""S14"",""shirtId"":""DS024"",""state"":""T033"",""shoeId"":""shoe-49"",""watchId"":""watch-AP06""}",suit-13,Dark charcoal / slate-blue Prince of Wales / glen plaid,shirt-DS024,Pale pink; Solid,T033,Dark navy / blue-gold monogram,,Matching suit trousers,shoe-49,"Berluti Dress Shoes — Alessandro Infini Alto Oxford, Venezia calf, brown patina, lug sole",watch-AP06,"Audemars Piguet — RO Black Dial, Rose Gold",S14,DS024,9.093951,9.374145,Tie gives a clear focal point; jacket-shirt contrast need not be maximized.
S14,baseline_heuristic,12,"{""suitId"":""S14"",""shirtId"":""DS035"",""state"":""T033"",""shoeId"":""shoe-5"",""watchId"":""watch-AP06""}",suit-13,Dark charcoal / slate-blue Prince of Wales / glen plaid,shirt-DS035,Zegna — ivory/off-white solid,T033,Dark navy / blue-gold monogram,,Matching suit trousers,shoe-5,Ecco Dress Shoes — Brown Oxford/Derby,watch-AP06,"Audemars Piguet — RO Black Dial, Rose Gold",S14,DS035,9.091488,9.346776,Tie gives a clear focal point; jacket-shirt contrast need not be maximized.
S14,baseline_heuristic,13,"{""suitId"":""S14"",""shirtId"":""DS017"",""state"":""T041"",""shoeId"":""shoe-5"",""watchId"":""watch-AP10""}",suit-13,Dark charcoal / slate-blue Prince of Wales / glen plaid,shirt-DS017,Brioni — cream/stone solid,T041,Silver / navy monogram,,Matching suit trousers,shoe-5,Ecco Dress Shoes — Brown Oxford/Derby,watch-AP10,Audemars Piguet — RO Blue RG Bracelet,S14,DS017,9.073038,9.141776,Tie gives a clear focal point; jacket-shirt contrast need not be maximized.
S14,baseline_heuristic,14,"{""suitId"":""S14"",""shirtId"":""DS014"",""state"":""T010"",""shoeId"":""shoe-6"",""watchId"":""watch-AP10""}",suit-13,Dark charcoal / slate-blue Prince of Wales / glen plaid,shirt-DS014,White; Solid,T010,Near-black / white spaced dots,,Matching suit trousers,shoe-6,Allen Edmonds Dress Shoes — Brown Double Monk Strap,watch-AP10,Audemars Piguet — RO Blue RG Bracelet,S14,DS014,9.086591,9.292368,Tie gives a clear focal point; jacket-shirt contrast need not be maximized.
S14,baseline_heuristic,15,"{""suitId"":""S14"",""shirtId"":""DS006"",""state"":""NO_TIE"",""shoeId"":""shoe-13"",""watchId"":""watch-AP13""}",suit-13,Dark charcoal / slate-blue Prince of Wales / glen plaid,shirt-DS006,Brunello Cucinelli — light blue solid,,No tie,,Matching suit trousers,shoe-13,Hermes Loafers — Black Kelly Hardware,watch-AP13,Audemars Piguet — RO Blue RG Leather,S14,DS006,9.084555,9.386579,Open collar has its own readable value/texture structure on the same quality scale; no missing-tie penalty.
S14,research,1,"{""suitId"":""S14"",""shirtId"":""DS017"",""state"":""T021"",""shoeId"":""shoe-1"",""watchId"":""watch-AP09""}",suit-13,Dark charcoal / slate-blue Prince of Wales / glen plaid,shirt-DS017,Brioni — cream/stone solid,T021,Dark navy / gold medallions,,Matching suit trousers,shoe-1,Christian Louboutin Dress Shoes — Black Single Monk,watch-AP09,Audemars Piguet — RO Dark Blue,S14,DS017,9.433292,8.815131,"The tie is deeper than the shirt, giving a readable focal point."
S14,research,2,"{""suitId"":""S14"",""shirtId"":""DS035"",""state"":""T023"",""shoeId"":""shoe-1"",""watchId"":""watch-AP09""}",suit-13,Dark charcoal / slate-blue Prince of Wales / glen plaid,shirt-DS035,Zegna — ivory/off-white solid,T023,Burgundy / blue paisley,,Matching suit trousers,shoe-1,Christian Louboutin Dress Shoes — Black Single Monk,watch-AP09,Audemars Piguet — RO Dark Blue,S14,DS035,9.393384,9.096184,"The tie is deeper than the shirt, giving a readable focal point. Pattern scale and prominence leave a clear visual hierarchy. A recorded accent links the tie to another garment."
S14,research,3,"{""suitId"":""S14"",""shirtId"":""DS005"",""state"":""T022"",""shoeId"":""shoe-2"",""watchId"":""watch-R09""}",suit-13,Dark charcoal / slate-blue Prince of Wales / glen plaid,shirt-DS005,Cream/off-white; Visually near-solid; subtle windowpane metadata retained,T022,Deep navy tonal honeycomb,,Matching suit trousers,shoe-2,Berluti Dress Shoes — Black Double Monk,watch-R09,Rolex — Datejust White Dial,S14,DS005,9.43017,9.268026,"The tie is deeper than the shirt, giving a readable focal point. Pattern scale and prominence leave a clear visual hierarchy."
S14,research,4,"{""suitId"":""S14"",""shirtId"":""DS035"",""state"":""T029"",""shoeId"":""shoe-2"",""watchId"":""watch-R09""}",suit-13,Dark charcoal / slate-blue Prince of Wales / glen plaid,shirt-DS035,Zegna — ivory/off-white solid,T029,Navy / silver ornamental medallions,,Matching suit trousers,shoe-2,Berluti Dress Shoes — Black Double Monk,watch-R09,Rolex — Datejust White Dial,S14,DS035,9.415789,8.935526,"The tie is deeper than the shirt, giving a readable focal point."
S14,research,5,"{""suitId"":""S14"",""shirtId"":""DS017"",""state"":""T022"",""shoeId"":""shoe-3"",""watchId"":""watch-R11""}",suit-13,Dark charcoal / slate-blue Prince of Wales / glen plaid,shirt-DS017,Brioni — cream/stone solid,T022,Deep navy tonal honeycomb,,Matching suit trousers,shoe-3,Ecco Dress Shoes — Black Oxford/Derby,watch-R11,Rolex — Day-Date Green,S14,DS017,9.430718,9.303026,"The tie is deeper than the shirt, giving a readable focal point. Pattern scale and prominence leave a clear visual hierarchy."
S14,research,6,"{""suitId"":""S14"",""shirtId"":""DS005"",""state"":""T021"",""shoeId"":""shoe-3"",""watchId"":""watch-R11""}",suit-13,Dark charcoal / slate-blue Prince of Wales / glen plaid,shirt-DS005,Cream/off-white; Visually near-solid; subtle windowpane metadata retained,T021,Dark navy / gold medallions,,Matching suit trousers,shoe-3,Ecco Dress Shoes — Black Oxford/Derby,watch-R11,Rolex — Day-Date Green,S14,DS005,9.432196,8.745131,"The tie is deeper than the shirt, giving a readable focal point."
S14,research,7,"{""suitId"":""S14"",""shirtId"":""DS014"",""state"":""T039"",""shoeId"":""shoe-4"",""watchId"":""watch-R13""}",suit-13,Dark charcoal / slate-blue Prince of Wales / glen plaid,shirt-DS014,White; Solid,T039,Navy / light-blue floral,,Matching suit trousers,shoe-4,Christian Louboutin Dress Shoes — Dark Brown Derby Lace-up,watch-R13,Rolex — Day-Date Champagne,S14,DS014,9.349812,9.095526,"The tie is deeper than the shirt, giving a readable focal point. Pattern scale and prominence leave a clear visual hierarchy. A recorded accent links the tie to another garment."
S14,research,8,"{""suitId"":""S14"",""shirtId"":""DS025"",""state"":""T030"",""shoeId"":""shoe-4"",""watchId"":""watch-R13""}",suit-13,Dark charcoal / slate-blue Prince of Wales / glen plaid,shirt-DS025,Light pink; Solid,T030,Aubergine tonal geometric,,Matching suit trousers,shoe-4,Christian Louboutin Dress Shoes — Dark Brown Derby Lace-up,watch-R13,Rolex — Day-Date Champagne,S14,DS025,9.297894,9.337895,"The tie is deeper than the shirt, giving a readable focal point. Pattern scale and prominence leave a clear visual hierarchy."
S14,research,9,"{""suitId"":""S14"",""shirtId"":""DS008"",""state"":""T023"",""shoeId"":""shoe-0"",""watchId"":""watch-R14""}",suit-13,Dark charcoal / slate-blue Prince of Wales / glen plaid,shirt-DS008,Brunello Cucinelli — White with thin horizontal stripe,T023,Burgundy / blue paisley,,Matching suit trousers,shoe-0,Louis Vuitton Dress Shoes — Black Embossed Monogram Lace-up,watch-R14,Rolex — Day-Date White Roman,S14,DS008,9.318051,8.848816,"The tie is deeper than the shirt, giving a readable focal point. Pattern scale and prominence leave a clear visual hierarchy. A recorded accent links the tie to another garment."
S14,research,10,"{""suitId"":""S14"",""shirtId"":""DS030"",""state"":""T029"",""shoeId"":""shoe-13"",""watchId"":""watch-R14""}",suit-13,Dark charcoal / slate-blue Prince of Wales / glen plaid,shirt-DS030,Brooks Brothers 346 — light silver-grey herringbone,T029,Navy / silver ornamental medallions,,Matching suit trousers,shoe-13,Hermes Loafers — Black Kelly Hardware,watch-R14,Rolex — Day-Date White Roman,S14,DS030,9.326324,8.969211,"The tie is deeper than the shirt, giving a readable focal point. A recorded accent links the tie to another garment."
S14,research,11,"{""suitId"":""S14"",""shirtId"":""DS001"",""state"":""T033"",""shoeId"":""shoe-0"",""watchId"":""watch-AP06""}",suit-13,Dark charcoal / slate-blue Prince of Wales / glen plaid,shirt-DS001,White; Solid,T033,Dark navy / blue-gold monogram,,Matching suit trousers,shoe-0,Louis Vuitton Dress Shoes — Black Embossed Monogram Lace-up,watch-AP06,"Audemars Piguet — RO Black Dial, Rose Gold",S14,DS001,9.344394,9.171776,"The tie is deeper than the shirt, giving a readable focal point. Pattern scale and prominence leave a clear visual hierarchy. A recorded accent links the tie to another garment."
S14,research,12,"{""suitId"":""S14"",""shirtId"":""DS006"",""state"":""T018"",""shoeId"":""shoe-13"",""watchId"":""watch-AP06""}",suit-13,Dark charcoal / slate-blue Prince of Wales / glen plaid,shirt-DS006,Brunello Cucinelli — light blue solid,T018,Dark brown / slate-blue paisley,,Matching suit trousers,shoe-13,Hermes Loafers — Black Kelly Hardware,watch-AP06,"Audemars Piguet — RO Black Dial, Rose Gold",S14,DS006,9.265014,8.824671,"The tie is deeper than the shirt, giving a readable focal point. A recorded accent links the tie to another garment."
S14,research,13,"{""suitId"":""S14"",""shirtId"":""DS013"",""state"":""T028"",""shoeId"":""shoe-8"",""watchId"":""watch-AP10""}",suit-13,Dark charcoal / slate-blue Prince of Wales / glen plaid,shirt-DS013,"Tom James — cream, brown & light-blue tattersall",T028,Midnight-navy tonal paisley,,Matching suit trousers,shoe-8,Gucci Loafers — Black Horsebit,watch-AP10,Audemars Piguet — RO Blue RG Bracelet,S14,DS013,9.319787,8.631184,"The tie is deeper than the shirt, giving a readable focal point. Pattern scale and prominence leave a clear visual hierarchy."
S14,research,14,"{""suitId"":""S14"",""shirtId"":""DS014"",""state"":""T033"",""shoeId"":""shoe-8"",""watchId"":""watch-AP10""}",suit-13,Dark charcoal / slate-blue Prince of Wales / glen plaid,shirt-DS014,White; Solid,T033,Dark navy / blue-gold monogram,,Matching suit trousers,shoe-8,Gucci Loafers — Black Horsebit,watch-AP10,Audemars Piguet — RO Blue RG Bracelet,S14,DS014,9.338639,9.276776,"The tie is deeper than the shirt, giving a readable focal point. Pattern scale and prominence leave a clear visual hierarchy. A recorded accent links the tie to another garment."
S14,research,15,"{""suitId"":""S14"",""shirtId"":""DS004"",""state"":""T035"",""shoeId"":""shoe-11"",""watchId"":""watch-AP13""}",suit-13,Dark charcoal / slate-blue Prince of Wales / glen plaid,shirt-DS004,DS004 - source-repaired collar/body pilot,T035,Navy / blue monogram,,Matching suit trousers,shoe-11,"Gucci Loafers — Dark Espresso Brown/Oxblood Horsebit, Polished Leather",watch-AP13,Audemars Piguet — RO Blue RG Leather,S14,DS004,9.331512,8.949408,"The tie is deeper than the shirt, giving a readable focal point. Pattern scale and prominence leave a clear visual hierarchy. A recorded accent links the tie to another garment."
S15,baseline_curated,1,"{""suitId"":""S15"",""shirtId"":""DS030"",""state"":""T020"",""shoeId"":""shoe-13"",""watchId"":""watch-R02""}",suit-14,Dark navy with fine burgundy-red pinstripes,shirt-DS030,Brooks Brothers 346 — light silver-grey herringbone,T020,Navy / burgundy-tan paisley,,Matching suit trousers,shoe-13,Hermes Loafers — Black Kelly Hardware,watch-R02,Rolex — GMT-Master II Batman (Jubilee),S15,DS030,,9.181973,Silver-grey under navy/burgundy pinstripes; the paisley repeats the burgundy in a different geometry. Black shoes avoid an extra warm focal point.
S15,baseline_curated,2,"{""suitId"":""S15"",""shirtId"":""DS035"",""state"":""T023"",""shoeId"":""shoe-3"",""watchId"":""watch-R02""}",suit-14,Dark navy with fine burgundy-red pinstripes,shirt-DS035,Zegna — ivory/off-white solid,T023,Burgundy / blue paisley,,Matching suit trousers,shoe-3,Ecco Dress Shoes — Black Oxford/Derby,watch-R02,Rolex — GMT-Master II Batman (Jubilee),S15,DS035,,9.175132,"Burgundy in the tie echoes the suit pinstripe, but the organic pattern changes its geometry."
S15,baseline_curated,3,"{""suitId"":""S15"",""shirtId"":""DS006"",""state"":""T030"",""shoeId"":""shoe-2"",""watchId"":""watch-AP09""}",suit-14,Dark navy with fine burgundy-red pinstripes,shirt-DS006,Brunello Cucinelli — light blue solid,T030,Aubergine tonal geometric,,Matching suit trousers,shoe-2,Berluti Dress Shoes — Black Double Monk,watch-AP09,Audemars Piguet — RO Dark Blue,S15,DS006,,9.253026,"Blue, aubergine and restrained black footwear support the subtle burgundy stripe."
S15,baseline_heuristic,1,"{""suitId"":""S15"",""shirtId"":""DS044"",""state"":""T044"",""shoeId"":""shoe-1"",""watchId"":""watch-AP09""}",suit-14,Dark navy with fine burgundy-red pinstripes,shirt-DS044,Emanuel Berg — white with navy micro-diamond / dot print,T044,Silver-grey tonal floral-paisley,,Matching suit trousers,shoe-1,Christian Louboutin Dress Shoes — Black Single Monk,watch-AP09,Audemars Piguet — RO Dark Blue,S15,DS044,9.101669,9.40296,Tie gives a clear focal point; jacket-shirt contrast need not be maximized.
S15,baseline_heuristic,2,"{""suitId"":""S15"",""shirtId"":""DS022"",""state"":""T016"",""shoeId"":""shoe-1"",""watchId"":""watch-AP09""}",suit-14,Dark navy with fine burgundy-red pinstripes,shirt-DS022,Darker lavender; Solid,T016,Burgundy-red / silver diagonal stripe,,Matching suit trousers,shoe-1,Christian Louboutin Dress Shoes — Black Single Monk,watch-AP09,Audemars Piguet — RO Dark Blue,S15,DS022,9.084291,9.209868,Tie gives a clear focal point; jacket-shirt contrast need not be maximized.
S15,baseline_heuristic,3,"{""suitId"":""S15"",""shirtId"":""DS029"",""state"":""T024"",""shoeId"":""shoe-2"",""watchId"":""watch-R09""}",suit-14,Dark navy with fine burgundy-red pinstripes,shirt-DS029,Brooks Brothers 346 — ice-blue / silver-blue herringbone,T024,Royal blue / beige-gold paisley,,Matching suit trousers,shoe-2,Berluti Dress Shoes — Black Double Monk,watch-R09,Rolex — Datejust White Dial,S15,DS029,9.099484,9.378684,Tie gives a clear focal point; jacket-shirt contrast need not be maximized.
S15,baseline_heuristic,4,"{""suitId"":""S15"",""shirtId"":""DS030"",""state"":""T014"",""shoeId"":""shoe-2"",""watchId"":""watch-R09""}",suit-14,Dark navy with fine burgundy-red pinstripes,shirt-DS030,Brooks Brothers 346 — light silver-grey herringbone,T014,Dark ground / silver ring dots,,Matching suit trousers,shoe-2,Berluti Dress Shoes — Black Double Monk,watch-R09,Rolex — Datejust White Dial,S15,DS030,9.08776,9.248421,Tie gives a clear focal point; jacket-shirt contrast need not be maximized.
S15,baseline_heuristic,5,"{""suitId"":""S15"",""shirtId"":""DS031"",""state"":""T024"",""shoeId"":""shoe-3"",""watchId"":""watch-R11""}",suit-14,Dark navy with fine burgundy-red pinstripes,shirt-DS031,Hugo Boss — lavender windowpane over micro-check,T024,Royal blue / beige-gold paisley,,Matching suit trousers,shoe-3,Ecco Dress Shoes — Black Oxford/Derby,watch-R11,Rolex — Day-Date Green,S15,DS031,9.089712,9.270099,Tie gives a clear focal point; jacket-shirt contrast need not be maximized.
S15,baseline_heuristic,6,"{""suitId"":""S15"",""shirtId"":""DS025"",""state"":""T030"",""shoeId"":""shoe-3"",""watchId"":""watch-R11""}",suit-14,Dark navy with fine burgundy-red pinstripes,shirt-DS025,Light pink; Solid,T030,Aubergine tonal geometric,,Matching suit trousers,shoe-3,Ecco Dress Shoes — Black Oxford/Derby,watch-R11,Rolex — Day-Date Green,S15,DS025,9.066564,9.412895,Tie gives a clear focal point; jacket-shirt contrast need not be maximized.
S15,baseline_heuristic,7,"{""suitId"":""S15"",""shirtId"":""DS016"",""state"":""NO_TIE"",""shoeId"":""shoe-13"",""watchId"":""watch-R13""}",suit-14,Dark navy with fine burgundy-red pinstripes,shirt-DS016,Brioni — tan/beige,,No tie,,Matching suit trousers,shoe-13,Hermes Loafers — Black Kelly Hardware,watch-R13,Rolex — Day-Date Champagne,S15,DS016,9.060291,9.489211,Open collar has its own readable value/texture structure on the same quality scale; no missing-tie penalty.
S15,baseline_heuristic,8,"{""suitId"":""S15"",""shirtId"":""DS035"",""state"":""T023"",""shoeId"":""shoe-4"",""watchId"":""watch-R13""}",suit-14,Dark navy with fine burgundy-red pinstripes,shirt-DS035,Zegna — ivory/off-white solid,T023,Burgundy / blue paisley,,Matching suit trousers,shoe-4,Christian Louboutin Dress Shoes — Dark Brown Derby Lace-up,watch-R13,Rolex — Day-Date Champagne,S15,DS035,9.078539,9.175132,Tie gives a clear focal point; jacket-shirt contrast need not be maximized.
S15,baseline_heuristic,9,"{""suitId"":""S15"",""shirtId"":""DS044"",""state"":""T028"",""shoeId"":""shoe-4"",""watchId"":""watch-R14""}",suit-14,Dark navy with fine burgundy-red pinstripes,shirt-DS044,Emanuel Berg — white with navy micro-diamond / dot print,T028,Midnight-navy tonal paisley,,Matching suit trousers,shoe-4,Christian Louboutin Dress Shoes — Dark Brown Derby Lace-up,watch-R14,Rolex — Day-Date White Roman,S15,DS044,9.090944,9.31296,Tie gives a clear focal point; jacket-shirt contrast need not be maximized.
S15,baseline_heuristic,10,"{""suitId"":""S15"",""shirtId"":""DS030"",""state"":""T044"",""shoeId"":""shoe-49"",""watchId"":""watch-R14""}",suit-14,Dark navy with fine burgundy-red pinstripes,shirt-DS030,Brooks Brothers 346 — light silver-grey herringbone,T044,Silver-grey tonal floral-paisley,,Matching suit trousers,shoe-49,"Berluti Dress Shoes — Alessandro Infini Alto Oxford, Venezia calf, brown patina, lug sole",watch-R14,Rolex — Day-Date White Roman,S15,DS030,9.091569,9.319901,Tie gives a clear focal point; jacket-shirt contrast need not be maximized.
S15,baseline_heuristic,11,"{""suitId"":""S15"",""shirtId"":""DS027"",""state"":""T045"",""shoeId"":""shoe-49"",""watchId"":""watch-AP06""}",suit-14,Dark navy with fine burgundy-red pinstripes,shirt-DS027,White/light ground; Bengal stripe,T045,Pale pink / blue micro-dot,,Matching suit trousers,shoe-49,"Berluti Dress Shoes — Alessandro Infini Alto Oxford, Venezia calf, brown patina, lug sole",watch-AP06,"Audemars Piguet — RO Black Dial, Rose Gold",S15,DS027,9.05783,8.972796,Tie gives a clear focal point; jacket-shirt contrast need not be maximized.
S15,baseline_heuristic,12,"{""suitId"":""S15"",""shirtId"":""DS025"",""state"":""T016"",""shoeId"":""shoe-5"",""watchId"":""watch-AP06""}",suit-14,Dark navy with fine burgundy-red pinstripes,shirt-DS025,Light pink; Solid,T016,Burgundy-red / silver diagonal stripe,,Matching suit trousers,shoe-5,Ecco Dress Shoes — Brown Oxford/Derby,watch-AP06,"Audemars Piguet — RO Black Dial, Rose Gold",S15,DS025,9.082233,9.243947,Tie gives a clear focal point; jacket-shirt contrast need not be maximized.
S15,baseline_heuristic,13,"{""suitId"":""S15"",""shirtId"":""DS017"",""state"":""T004"",""shoeId"":""shoe-5"",""watchId"":""watch-AP10""}",suit-14,Dark navy with fine burgundy-red pinstripes,shirt-DS017,Brioni — cream/stone solid,T004,Burnt-orange near-solid geometric,,Matching suit trousers,shoe-5,Ecco Dress Shoes — Brown Oxford/Derby,watch-AP10,Audemars Piguet — RO Blue RG Bracelet,S15,DS017,9.05226,9.310921,Tie gives a clear focal point; jacket-shirt contrast need not be maximized.
S15,baseline_heuristic,14,"{""suitId"":""S15"",""shirtId"":""DS029"",""state"":""T009"",""shoeId"":""shoe-6"",""watchId"":""watch-AP10""}",suit-14,Dark navy with fine burgundy-red pinstripes,shirt-DS029,Brooks Brothers 346 — ice-blue / silver-blue herringbone,T009,Gold / blue medallion mosaic,,Matching suit trousers,shoe-6,Allen Edmonds Dress Shoes — Brown Double Monk Strap,watch-AP10,Audemars Piguet — RO Blue RG Bracelet,S15,DS029,9.075456,9.168651,Tie gives a clear focal point; jacket-shirt contrast need not be maximized.
S15,baseline_heuristic,15,"{""suitId"":""S15"",""shirtId"":""DS037"",""state"":""T028"",""shoeId"":""shoe-6"",""watchId"":""watch-AP13""}",suit-14,Dark navy with fine burgundy-red pinstripes,shirt-DS037,Loewe — taupe/medium-brown solid,T028,Midnight-navy tonal paisley,,Matching suit trousers,shoe-6,Allen Edmonds Dress Shoes — Brown Double Monk Strap,watch-AP13,Audemars Piguet — RO Blue RG Leather,S15,DS037,9.037002,9.141381,Tie gives a clear focal point; jacket-shirt contrast need not be maximized.
S15,research,1,"{""suitId"":""S15"",""shirtId"":""DS030"",""state"":""T020"",""shoeId"":""shoe-1"",""watchId"":""watch-AP09""}",suit-14,Dark navy with fine burgundy-red pinstripes,shirt-DS030,Brooks Brothers 346 — light silver-grey herringbone,T020,Navy / burgundy-tan paisley,,Matching suit trousers,shoe-1,Christian Louboutin Dress Shoes — Black Single Monk,watch-AP09,Audemars Piguet — RO Dark Blue,S15,DS030,9.397503,9.181973,"The tie is deeper than the shirt, giving a readable focal point."
S15,research,2,"{""suitId"":""S15"",""shirtId"":""DS004"",""state"":""T025"",""shoeId"":""shoe-1"",""watchId"":""watch-AP09""}",suit-14,Dark navy with fine burgundy-red pinstripes,shirt-DS004,DS004 - source-repaired collar/body pilot,T025,Muted slate-brown / wine paisley,,Matching suit trousers,shoe-1,Christian Louboutin Dress Shoes — Black Single Monk,watch-AP09,Audemars Piguet — RO Dark Blue,S15,DS004,9.371843,8.540132,"The tie is deeper than the shirt, giving a readable focal point. A recorded accent links the tie to another garment."
S15,research,3,"{""suitId"":""S15"",""shirtId"":""DS017"",""state"":""T028"",""shoeId"":""shoe-2"",""watchId"":""watch-R09""}",suit-14,Dark navy with fine burgundy-red pinstripes,shirt-DS017,Brioni — cream/stone solid,T028,Midnight-navy tonal paisley,,Matching suit trousers,shoe-2,Berluti Dress Shoes — Black Double Monk,watch-R09,Rolex — Datejust White Dial,S15,DS017,9.378824,9.263026,"The tie is deeper than the shirt, giving a readable focal point. Pattern scale and prominence leave a clear visual hierarchy."
S15,research,4,"{""suitId"":""S15"",""shirtId"":""DS035"",""state"":""T020"",""shoeId"":""shoe-2"",""watchId"":""watch-R09""}",suit-14,Dark navy with fine burgundy-red pinstripes,shirt-DS035,Zegna — ivory/off-white solid,T020,Navy / burgundy-tan paisley,,Matching suit trousers,shoe-2,Berluti Dress Shoes — Black Double Monk,watch-R09,Rolex — Datejust White Dial,S15,DS035,9.389643,9.216973,"The tie is deeper than the shirt, giving a readable focal point."
S15,research,5,"{""suitId"":""S15"",""shirtId"":""DS014"",""state"":""T039"",""shoeId"":""shoe-3"",""watchId"":""watch-R11""}",suit-14,Dark navy with fine burgundy-red pinstripes,shirt-DS014,White; Solid,T039,Navy / light-blue floral,,Matching suit trousers,shoe-3,Ecco Dress Shoes — Black Oxford/Derby,watch-R11,Rolex — Day-Date Green,S15,DS014,9.375477,8.975526,"The tie is deeper than the shirt, giving a readable focal point. Pattern scale and prominence leave a clear visual hierarchy."
S15,research,6,"{""suitId"":""S15"",""shirtId"":""DS005"",""state"":""T039"",""shoeId"":""shoe-3"",""watchId"":""watch-R11""}",suit-14,Dark navy with fine burgundy-red pinstripes,shirt-DS005,Cream/off-white; Visually near-solid; subtle windowpane metadata retained,T039,Navy / light-blue floral,,Matching suit trousers,shoe-3,Ecco Dress Shoes — Black Oxford/Derby,watch-R11,Rolex — Day-Date Green,S15,DS005,9.388494,8.905526,"The tie is deeper than the shirt, giving a readable focal point. Pattern scale and prominence leave a clear visual hierarchy."
S15,research,7,"{""suitId"":""S15"",""shirtId"":""DS030"",""state"":""T028"",""shoeId"":""shoe-4"",""watchId"":""watch-R13""}",suit-14,Dark navy with fine burgundy-red pinstripes,shirt-DS030,Brooks Brothers 346 — light silver-grey herringbone,T028,Midnight-navy tonal paisley,,Matching suit trousers,shoe-4,Christian Louboutin Dress Shoes — Dark Brown Derby Lace-up,watch-R13,Rolex — Day-Date Champagne,S15,DS030,9.382051,9.298026,"The tie is deeper than the shirt, giving a readable focal point. Pattern scale and prominence leave a clear visual hierarchy."
S15,research,8,"{""suitId"":""S15"",""shirtId"":""DS014"",""state"":""T025"",""shoeId"":""shoe-4"",""watchId"":""watch-R13""}",suit-14,Dark navy with fine burgundy-red pinstripes,shirt-DS014,White; Solid,T025,Muted slate-brown / wine paisley,,Matching suit trousers,shoe-4,Christian Louboutin Dress Shoes — Dark Brown Derby Lace-up,watch-R13,Rolex — Day-Date Champagne,S15,DS014,9.368523,9.17579,"The tie is deeper than the shirt, giving a readable focal point."
S15,research,9,"{""suitId"":""S15"",""shirtId"":""DS009"",""state"":""T023"",""shoeId"":""shoe-0"",""watchId"":""watch-R14""}",suit-14,Dark navy with fine burgundy-red pinstripes,shirt-DS009,Brunello Cucinelli — sky-blue solid,T023,Burgundy / blue paisley,,Matching suit trousers,shoe-0,Louis Vuitton Dress Shoes — Black Embossed Monogram Lace-up,watch-R14,Rolex — Day-Date White Roman,S15,DS009,9.260858,9.005757,"The tie is deeper than the shirt, giving a readable focal point. Pattern scale and prominence leave a clear visual hierarchy. A recorded accent links the tie to another garment."
S15,research,10,"{""suitId"":""S15"",""shirtId"":""DS010"",""state"":""T029"",""shoeId"":""shoe-13"",""watchId"":""watch-R14""}",suit-14,Dark navy with fine burgundy-red pinstripes,shirt-DS010,Paul Fredrick — light-grey houndstooth,T029,Navy / silver ornamental medallions,,Matching suit trousers,shoe-13,Hermes Loafers — Black Kelly Hardware,watch-R14,Rolex — Day-Date White Roman,S15,DS010,9.291703,8.578487,"The tie is deeper than the shirt, giving a readable focal point. A recorded accent links the tie to another garment."
S15,research,11,"{""suitId"":""S15"",""shirtId"":""DS025"",""state"":""T031"",""shoeId"":""shoe-13"",""watchId"":""watch-AP06""}",suit-14,Dark navy with fine burgundy-red pinstripes,shirt-DS025,Light pink; Solid,T031,Navy / purple-white regimental stripe,,Matching suit trousers,shoe-13,Hermes Loafers — Black Kelly Hardware,watch-AP06,"Audemars Piguet — RO Black Dial, Rose Gold",S15,DS025,9.274077,9.222895,"The tie is deeper than the shirt, giving a readable focal point."
S15,research,12,"{""suitId"":""S15"",""shirtId"":""DS001"",""state"":""T022"",""shoeId"":""shoe-0"",""watchId"":""watch-AP06""}",suit-14,Dark navy with fine burgundy-red pinstripes,shirt-DS001,White; Solid,T022,Deep navy tonal honeycomb,,Matching suit trousers,shoe-0,Louis Vuitton Dress Shoes — Black Embossed Monogram Lace-up,watch-AP06,"Audemars Piguet — RO Black Dial, Rose Gold",S15,DS001,9.316975,9.123026,"The tie is deeper than the shirt, giving a readable focal point. Pattern scale and prominence leave a clear visual hierarchy."
S15,research,13,"{""suitId"":""S15"",""shirtId"":""DS001"",""state"":""T002"",""shoeId"":""shoe-8"",""watchId"":""watch-AP10""}",suit-14,Dark navy with fine burgundy-red pinstripes,shirt-DS001,White; Solid,T002,Tobacco / blue medallion grid,,Matching suit trousers,shoe-8,Gucci Loafers — Black Horsebit,watch-AP10,Audemars Piguet — RO Blue RG Bracelet,S15,DS001,9.300173,9.039276,"The tie is deeper than the shirt, giving a readable focal point."
S15,research,14,"{""suitId"":""S15"",""shirtId"":""DS017"",""state"":""T031"",""shoeId"":""shoe-8"",""watchId"":""watch-AP10""}",suit-14,Dark navy with fine burgundy-red pinstripes,shirt-DS017,Brioni — cream/stone solid,T031,Navy / purple-white regimental stripe,,Matching suit trousers,shoe-8,Gucci Loafers — Black Horsebit,watch-AP10,Audemars Piguet — RO Blue RG Bracelet,S15,DS017,9.323179,9.090526,"The tie is deeper than the shirt, giving a readable focal point."
S15,research,15,"{""suitId"":""S15"",""shirtId"":""DS035"",""state"":""T022"",""shoeId"":""shoe-11"",""watchId"":""watch-AP13""}",suit-14,Dark navy with fine burgundy-red pinstripes,shirt-DS035,Zegna — ivory/off-white solid,T022,Deep navy tonal honeycomb,,Matching suit trousers,shoe-11,"Gucci Loafers — Dark Espresso Brown/Oxblood Horsebit, Polished Leather",watch-AP13,Audemars Piguet — RO Blue RG Leather,S15,DS035,9.321248,9.333026,"The tie is deeper than the shirt, giving a readable focal point. Pattern scale and prominence leave a clear visual hierarchy."
S16,baseline_curated,1,"{""suitId"":""S16"",""shirtId"":""DS001"",""state"":""T025"",""shoeId"":""shoe-3"",""watchId"":""watch-R03""}",suit-15,Blue double-breasted pinstripe; no S05/S16 remapping,shirt-DS001,White; Solid,T025,Muted slate-brown / wine paisley,,Matching suit trousers,shoe-3,Ecco Dress Shoes — Black Oxford/Derby,watch-R03,Rolex — Daytona Panda,S16,DS001,,8.956842,White clears the centre of the double-breasted pinstripe; slate/wine paisley bridges the cool blue.
S16,baseline_curated,2,"{""suitId"":""S16"",""shirtId"":""DS022"",""state"":""T022"",""shoeId"":""shoe-4"",""watchId"":""watch-P05""}",suit-15,Blue double-breasted pinstripe; no S05/S16 remapping,shirt-DS022,Darker lavender; Solid,T022,Deep navy tonal honeycomb,,Matching suit trousers,shoe-4,Christian Louboutin Dress Shoes — Dark Brown Derby Lace-up,watch-P05,Patek Philippe — Nautilus 5712,S16,DS022,,8.973816,Lavender adds color to blue pinstripes without forcing a vivid complementary tie.
S16,baseline_heuristic,1,"{""suitId"":""S16"",""shirtId"":""DS029"",""state"":""T006"",""shoeId"":""shoe-1"",""watchId"":""watch-AP09""}",suit-15,Blue double-breasted pinstripe; no S05/S16 remapping,shirt-DS029,Brooks Brothers 346 — ice-blue / silver-blue herringbone,T006,Dark ground / blue-gold floral,,Matching suit trousers,shoe-1,Christian Louboutin Dress Shoes — Black Single Monk,watch-AP09,Audemars Piguet — RO Dark Blue,S16,DS029,9.107104,9.463355,Tie gives a clear focal point; jacket-shirt contrast need not be maximized.
S16,baseline_heuristic,2,"{""suitId"":""S16"",""shirtId"":""DS044"",""state"":""T028"",""shoeId"":""shoe-1"",""watchId"":""watch-AP09""}",suit-15,Blue double-breasted pinstripe; no S05/S16 remapping,shirt-DS044,Emanuel Berg — white with navy micro-diamond / dot print,T028,Midnight-navy tonal paisley,,Matching suit trousers,shoe-1,Christian Louboutin Dress Shoes — Black Single Monk,watch-AP09,Audemars Piguet — RO Dark Blue,S16,DS044,9.09785,9.360526,Tie gives a clear focal point; jacket-shirt contrast need not be maximized.
S16,baseline_heuristic,3,"{""suitId"":""S16"",""shirtId"":""DS031"",""state"":""NO_TIE"",""shoeId"":""shoe-13"",""watchId"":""watch-R09""}",suit-15,Blue double-breasted pinstripe; no S05/S16 remapping,shirt-DS031,Hugo Boss — lavender windowpane over micro-check,,No tie,,Matching suit trousers,shoe-13,Hermes Loafers — Black Kelly Hardware,watch-R09,Rolex — Datejust White Dial,S16,DS031,9.093213,9.455,Open collar has its own readable value/texture structure on the same quality scale; no missing-tie penalty.
S16,baseline_heuristic,4,"{""suitId"":""S16"",""shirtId"":""DS035"",""state"":""T047"",""shoeId"":""shoe-2"",""watchId"":""watch-R09""}",suit-15,Blue double-breasted pinstripe; no S05/S16 remapping,shirt-DS035,Zegna — ivory/off-white solid,T047,Pistachio / blue micro-geometric,,Matching suit trousers,shoe-2,Berluti Dress Shoes — Black Double Monk,watch-R09,Rolex — Datejust White Dial,S16,DS035,9.103081,9.418651,Tie gives a clear focal point; jacket-shirt contrast need not be maximized.
S16,baseline_heuristic,5,"{""suitId"":""S16"",""shirtId"":""DS030"",""state"":""T044"",""shoeId"":""shoe-2"",""watchId"":""watch-R11""}",suit-15,Blue double-breasted pinstripe; no S05/S16 remapping,shirt-DS030,Brooks Brothers 346 — light silver-grey herringbone,T044,Silver-grey tonal floral-paisley,,Matching suit trousers,shoe-2,Berluti Dress Shoes — Black Double Monk,watch-R11,Rolex — Day-Date Green,S16,DS030,9.089806,9.271151,Tie gives a clear focal point; jacket-shirt contrast need not be maximized.
S16,baseline_heuristic,6,"{""suitId"":""S16"",""shirtId"":""DS014"",""state"":""T045"",""shoeId"":""shoe-3"",""watchId"":""watch-R11""}",suit-15,Blue double-breasted pinstripe; no S05/S16 remapping,shirt-DS014,White; Solid,T045,Pale pink / blue micro-dot,,Matching suit trousers,shoe-3,Ecco Dress Shoes — Black Oxford/Derby,watch-R11,Rolex — Day-Date Green,S16,DS014,9.094644,9.324901,Tie gives a clear focal point; jacket-shirt contrast need not be maximized.
S16,baseline_heuristic,7,"{""suitId"":""S16"",""shirtId"":""DS035"",""state"":""T006"",""shoeId"":""shoe-3"",""watchId"":""watch-R13""}",suit-15,Blue double-breasted pinstripe; no S05/S16 remapping,shirt-DS035,Zegna — ivory/off-white solid,T006,Dark ground / blue-gold floral,,Matching suit trousers,shoe-3,Ecco Dress Shoes — Black Oxford/Derby,watch-R13,Rolex — Day-Date Champagne,S16,DS035,9.105085,9.440921,Tie gives a clear focal point; jacket-shirt contrast need not be maximized.
S16,baseline_heuristic,8,"{""suitId"":""S16"",""shirtId"":""DS028"",""state"":""T028"",""shoeId"":""shoe-4"",""watchId"":""watch-R13""}",suit-15,Blue double-breasted pinstripe; no S05/S16 remapping,shirt-DS028,Tom James — very pale-blue birdseye / micro-check,T028,Midnight-navy tonal paisley,,Matching suit trousers,shoe-4,Christian Louboutin Dress Shoes — Dark Brown Derby Lace-up,watch-R13,Rolex — Day-Date Champagne,S16,DS028,9.100506,9.41921,Tie gives a clear focal point; jacket-shirt contrast need not be maximized.
S16,baseline_heuristic,9,"{""suitId"":""S16"",""shirtId"":""DS017"",""state"":""T002"",""shoeId"":""shoe-4"",""watchId"":""watch-R14""}",suit-15,Blue double-breasted pinstripe; no S05/S16 remapping,shirt-DS017,Brioni — cream/stone solid,T002,Tobacco / blue medallion grid,,Matching suit trousers,shoe-4,Christian Louboutin Dress Shoes — Dark Brown Derby Lace-up,watch-R14,Rolex — Day-Date White Roman,S16,DS017,9.05675,8.933026,Tie gives a clear focal point; jacket-shirt contrast need not be maximized.
S16,baseline_heuristic,10,"{""suitId"":""S16"",""shirtId"":""DS026"",""state"":""T024"",""shoeId"":""shoe-49"",""watchId"":""watch-R14""}",suit-15,Blue double-breasted pinstripe; no S05/S16 remapping,shirt-DS026,Pink; Gingham,T024,Royal blue / beige-gold paisley,,Matching suit trousers,shoe-49,"Berluti Dress Shoes — Alessandro Infini Alto Oxford, Venezia calf, brown patina, lug sole",watch-R14,Rolex — Day-Date White Roman,S16,DS026,9.051495,8.874638,Tie gives a clear focal point; jacket-shirt contrast need not be maximized.
S16,baseline_heuristic,11,"{""suitId"":""S16"",""shirtId"":""DS022"",""state"":""T023"",""shoeId"":""shoe-49"",""watchId"":""watch-AP06""}",suit-15,Blue double-breasted pinstripe; no S05/S16 remapping,shirt-DS022,Darker lavender; Solid,T023,Burgundy / blue paisley,,Matching suit trousers,shoe-49,"Berluti Dress Shoes — Alessandro Infini Alto Oxford, Venezia calf, brown patina, lug sole",watch-AP06,"Audemars Piguet — RO Black Dial, Rose Gold",S16,DS022,9.05065,8.893026,Tie gives a clear focal point; jacket-shirt contrast need not be maximized.
S16,baseline_heuristic,12,"{""suitId"":""S16"",""shirtId"":""DS031"",""state"":""T024"",""shoeId"":""shoe-5"",""watchId"":""watch-AP06""}",suit-15,Blue double-breasted pinstripe; no S05/S16 remapping,shirt-DS031,Hugo Boss — lavender windowpane over micro-check,T024,Royal blue / beige-gold paisley,,Matching suit trousers,shoe-5,Ecco Dress Shoes — Brown Oxford/Derby,watch-AP06,"Audemars Piguet — RO Black Dial, Rose Gold",S16,DS031,9.082437,9.246217,Tie gives a clear focal point; jacket-shirt contrast need not be maximized.
S16,baseline_heuristic,13,"{""suitId"":""S16"",""shirtId"":""DS007"",""state"":""NO_TIE"",""shoeId"":""shoe-13"",""watchId"":""watch-AP10""}",suit-15,Blue double-breasted pinstripe; no S05/S16 remapping,shirt-DS007,Paul Fredrick — Light blue micro-check,,No tie,,Matching suit trousers,shoe-13,Hermes Loafers — Black Kelly Hardware,watch-AP10,Audemars Piguet — RO Blue RG Bracelet,S16,DS007,9.084555,9.386579,Open collar has its own readable value/texture structure on the same quality scale; no missing-tie penalty.
S16,baseline_heuristic,14,"{""suitId"":""S16"",""shirtId"":""DS030"",""state"":""T029"",""shoeId"":""shoe-5"",""watchId"":""watch-AP10""}",suit-15,Blue double-breasted pinstripe; no S05/S16 remapping,shirt-DS030,Brooks Brothers 346 — light silver-grey herringbone,T029,Navy / silver ornamental medallions,,Matching suit trousers,shoe-5,Ecco Dress Shoes — Brown Oxford/Derby,watch-AP10,Audemars Piguet — RO Blue RG Bracelet,S16,DS030,9.083163,9.254276,Tie gives a clear focal point; jacket-shirt contrast need not be maximized.
S16,baseline_heuristic,15,"{""suitId"":""S16"",""shirtId"":""DS029"",""state"":""T044"",""shoeId"":""shoe-6"",""watchId"":""watch-AP13""}",suit-15,Blue double-breasted pinstripe; no S05/S16 remapping,shirt-DS029,Brooks Brothers 346 — ice-blue / silver-blue herringbone,T044,Silver-grey tonal floral-paisley,,Matching suit trousers,shoe-6,Allen Edmonds Dress Shoes — Brown Double Monk Strap,watch-AP13,Audemars Piguet — RO Blue RG Leather,S16,DS029,9.097331,9.41171,Tie gives a clear focal point; jacket-shirt contrast need not be maximized.
S16,research,1,"{""suitId"":""S16"",""shirtId"":""DS035"",""state"":""T023"",""shoeId"":""shoe-1"",""watchId"":""watch-AP09""}",suit-15,Blue double-breasted pinstripe; no S05/S16 remapping,shirt-DS035,Zegna — ivory/off-white solid,T023,Burgundy / blue paisley,,Matching suit trousers,shoe-1,Christian Louboutin Dress Shoes — Black Single Monk,watch-AP09,Audemars Piguet — RO Dark Blue,S16,DS035,9.397933,8.942237,"The tie is deeper than the shirt, giving a readable focal point. Pattern scale and prominence leave a clear visual hierarchy. A recorded accent links the tie to another garment."
S16,research,2,"{""suitId"":""S16"",""shirtId"":""DS017"",""state"":""T021"",""shoeId"":""shoe-1"",""watchId"":""watch-AP09""}",suit-15,Blue double-breasted pinstripe; no S05/S16 remapping,shirt-DS017,Brioni — cream/stone solid,T021,Dark navy / gold medallions,,Matching suit trousers,shoe-1,Christian Louboutin Dress Shoes — Black Single Monk,watch-AP09,Audemars Piguet — RO Dark Blue,S16,DS017,9.392084,9.155921,"The tie is deeper than the shirt, giving a readable focal point."
S16,research,3,"{""suitId"":""S16"",""shirtId"":""DS005"",""state"":""T023"",""shoeId"":""shoe-2"",""watchId"":""watch-R09""}",suit-15,Blue double-breasted pinstripe; no S05/S16 remapping,shirt-DS005,Cream/off-white; Visually near-solid; subtle windowpane metadata retained,T023,Burgundy / blue paisley,,Matching suit trousers,shoe-2,Berluti Dress Shoes — Black Double Monk,watch-R09,Rolex — Datejust White Dial,S16,DS005,9.375804,8.767237,"The tie is deeper than the shirt, giving a readable focal point. Pattern scale and prominence leave a clear visual hierarchy. A recorded accent links the tie to another garment."
S16,research,4,"{""suitId"":""S16"",""shirtId"":""DS035"",""state"":""T029"",""shoeId"":""shoe-2"",""watchId"":""watch-R09""}",suit-15,Blue double-breasted pinstripe; no S05/S16 remapping,shirt-DS035,Zegna — ivory/off-white solid,T029,Navy / silver ornamental medallions,,Matching suit trousers,shoe-2,Berluti Dress Shoes — Black Double Monk,watch-R09,Rolex — Datejust White Dial,S16,DS035,9.374432,9.266776,"The tie is deeper than the shirt, giving a readable focal point."
S16,research,5,"{""suitId"":""S16"",""shirtId"":""DS005"",""state"":""T022"",""shoeId"":""shoe-3"",""watchId"":""watch-R11""}",suit-15,Blue double-breasted pinstripe; no S05/S16 remapping,shirt-DS005,Cream/off-white; Visually near-solid; subtle windowpane metadata retained,T022,Deep navy tonal honeycomb,,Matching suit trousers,shoe-3,Ecco Dress Shoes — Black Oxford/Derby,watch-R11,Rolex — Day-Date Green,S16,DS005,9.383625,9.268026,"The tie is deeper than the shirt, giving a readable focal point. Pattern scale and prominence leave a clear visual hierarchy."
S16,research,6,"{""suitId"":""S16"",""shirtId"":""DS007"",""state"":""T018"",""shoeId"":""shoe-3"",""watchId"":""watch-R11""}",suit-15,Blue double-breasted pinstripe; no S05/S16 remapping,shirt-DS007,Paul Fredrick — Light blue micro-check,T018,Dark brown / slate-blue paisley,,Matching suit trousers,shoe-3,Ecco Dress Shoes — Black Oxford/Derby,watch-R11,Rolex — Day-Date Green,S16,DS007,9.286265,8.978618,"The tie is deeper than the shirt, giving a readable focal point. A recorded accent links the tie to another garment."
S16,research,7,"{""suitId"":""S16"",""shirtId"":""DS017"",""state"":""T022"",""shoeId"":""shoe-4"",""watchId"":""watch-R13""}",suit-15,Blue double-breasted pinstripe; no S05/S16 remapping,shirt-DS017,Brioni — cream/stone solid,T022,Deep navy tonal honeycomb,,Matching suit trousers,shoe-4,Christian Louboutin Dress Shoes — Dark Brown Derby Lace-up,watch-R13,Rolex — Day-Date Champagne,S16,DS017,9.374173,9.303026,"The tie is deeper than the shirt, giving a readable focal point. Pattern scale and prominence leave a clear visual hierarchy."
S16,research,8,"{""suitId"":""S16"",""shirtId"":""DS014"",""state"":""T029"",""shoeId"":""shoe-4"",""watchId"":""watch-R13""}",suit-15,Blue double-breasted pinstripe; no S05/S16 remapping,shirt-DS014,White; Solid,T029,Navy / silver ornamental medallions,,Matching suit trousers,shoe-4,Christian Louboutin Dress Shoes — Dark Brown Derby Lace-up,watch-R13,Rolex — Day-Date Champagne,S16,DS014,9.32184,9.126776,"The tie is deeper than the shirt, giving a readable focal point."
S16,research,9,"{""suitId"":""S16"",""shirtId"":""DS025"",""state"":""T030"",""shoeId"":""shoe-5"",""watchId"":""watch-R14""}",suit-15,Blue double-breasted pinstripe; no S05/S16 remapping,shirt-DS025,Light pink; Solid,T030,Aubergine tonal geometric,,Matching suit trousers,shoe-5,Ecco Dress Shoes — Brown Oxford/Derby,watch-R14,Rolex — Day-Date White Roman,S16,DS025,9.257269,9.337895,"The tie is deeper than the shirt, giving a readable focal point. Pattern scale and prominence leave a clear visual hierarchy."
S16,research,10,"{""suitId"":""S16"",""shirtId"":""DS001"",""state"":""T016"",""shoeId"":""shoe-5"",""watchId"":""watch-R14""}",suit-15,Blue double-breasted pinstripe; no S05/S16 remapping,shirt-DS001,White; Solid,T016,Burgundy-red / silver diagonal stripe,,Matching suit trousers,shoe-5,Ecco Dress Shoes — Brown Oxford/Derby,watch-R14,Rolex — Day-Date White Roman,S16,DS001,9.27175,8.853947,"The tie is deeper than the shirt, giving a readable focal point."
S16,research,11,"{""suitId"":""S16"",""shirtId"":""DS030"",""state"":""T039"",""shoeId"":""shoe-6"",""watchId"":""watch-AP06""}",suit-15,Blue double-breasted pinstripe; no S05/S16 remapping,shirt-DS030,Brooks Brothers 346 — light silver-grey herringbone,T039,Navy / light-blue floral,,Matching suit trousers,shoe-6,Allen Edmonds Dress Shoes — Brown Double Monk Strap,watch-AP06,"Audemars Piguet — RO Black Dial, Rose Gold",S16,DS030,9.271693,8.980526,"The tie is deeper than the shirt, giving a readable focal point. Pattern scale and prominence leave a clear visual hierarchy. A recorded accent links the tie to another garment."
S16,research,12,"{""suitId"":""S16"",""shirtId"":""DS002"",""state"":""T028"",""shoeId"":""shoe-6"",""watchId"":""watch-AP06""}",suit-15,Blue double-breasted pinstripe; no S05/S16 remapping,shirt-DS002,DS002 - source-repaired collar/body pilot,T028,Midnight-navy tonal paisley,,Matching suit trousers,shoe-6,Allen Edmonds Dress Shoes — Brown Double Monk Strap,watch-AP06,"Audemars Piguet — RO Black Dial, Rose Gold",S16,DS002,9.29309,8.758553,"The tie is deeper than the shirt, giving a readable focal point. Pattern scale and prominence leave a clear visual hierarchy."
S16,research,13,"{""suitId"":""S16"",""shirtId"":""DS001"",""state"":""T033"",""shoeId"":""shoe-0"",""watchId"":""watch-AP10""}",suit-15,Blue double-breasted pinstripe; no S05/S16 remapping,shirt-DS001,White; Solid,T033,Dark navy / blue-gold monogram,,Matching suit trousers,shoe-0,Louis Vuitton Dress Shoes — Black Embossed Monogram Lace-up,watch-AP10,Audemars Piguet — RO Blue RG Bracelet,S16,DS001,9.293053,8.865526,"The tie is deeper than the shirt, giving a readable focal point. Pattern scale and prominence leave a clear visual hierarchy. A recorded accent links the tie to another garment."
S16,research,14,"{""suitId"":""S16"",""shirtId"":""DS006"",""state"":""T033"",""shoeId"":""shoe-0"",""watchId"":""watch-AP10""}",suit-15,Blue double-breasted pinstripe; no S05/S16 remapping,shirt-DS006,Brunello Cucinelli — light blue solid,T033,Dark navy / blue-gold monogram,,Matching suit trousers,shoe-0,Louis Vuitton Dress Shoes — Black Embossed Monogram Lace-up,watch-AP10,Audemars Piguet — RO Blue RG Bracelet,S16,DS006,9.265691,8.939276,"The tie is deeper than the shirt, giving a readable focal point. Pattern scale and prominence leave a clear visual hierarchy. A recorded accent links the tie to another garment."
S16,research,15,"{""suitId"":""S16"",""shirtId"":""DS004"",""state"":""T021"",""shoeId"":""shoe-13"",""watchId"":""watch-AP13""}",suit-15,Blue double-breasted pinstripe; no S05/S16 remapping,shirt-DS004,DS004 - source-repaired collar/body pilot,T021,Dark navy / gold medallions,,Matching suit trousers,shoe-13,Hermes Loafers — Black Kelly Hardware,watch-AP13,Audemars Piguet — RO Blue RG Leather,S16,DS004,9.298019,8.614605,"The tie is deeper than the shirt, giving a readable focal point."
S17,baseline_curated,1,"{""suitId"":""S17"",""shirtId"":""DS001"",""state"":""T025"",""shoeId"":""shoe-0"",""watchId"":""watch-R14""}",suit-16,Very dark navy fine blue-grey pinstripe,shirt-DS001,White; Solid,T025,Muted slate-brown / wine paisley,,Matching suit trousers,shoe-0,Louis Vuitton Dress Shoes — Black Embossed Monogram Lace-up,watch-R14,Rolex — Day-Date White Roman,S17,DS001,,9.114737,"A white shirt gives the fine navy pinstripe room. Slate/wine paisley provides a different pattern family, with black footwear below."
S17,baseline_curated,2,"{""suitId"":""S17"",""shirtId"":""DS017"",""state"":""T020"",""shoeId"":""shoe-4"",""watchId"":""watch-P08""}",suit-16,Very dark navy fine blue-grey pinstripe,shirt-DS017,Brioni — cream/stone solid,T020,Navy / burgundy-tan paisley,,Matching suit trousers,shoe-4,Christian Louboutin Dress Shoes — Dark Brown Derby Lace-up,watch-P08,Patek Philippe — Nautilus 5811,S17,DS017,,9.190921,Cream with very dark navy and a soft organic navy/burgundy accent.
S17,baseline_curated,3,"{""suitId"":""S17"",""shirtId"":""DS029"",""state"":""T030"",""shoeId"":""shoe-13"",""watchId"":""watch-R14""}",suit-16,Very dark navy fine blue-grey pinstripe,shirt-DS029,Brooks Brothers 346 — ice-blue / silver-blue herringbone,T030,Aubergine tonal geometric,,Matching suit trousers,shoe-13,Hermes Loafers — Black Kelly Hardware,watch-R14,Rolex — Day-Date White Roman,S17,DS029,,9.33921,Fine silver-blue herringbone sits beneath navy pinstripes; a tonal aubergine tie avoids another strong line.
S17,baseline_heuristic,1,"{""suitId"":""S17"",""shirtId"":""DS029"",""state"":""T044"",""shoeId"":""shoe-1"",""watchId"":""watch-AP09""}",suit-16,Very dark navy fine blue-grey pinstripe,shirt-DS029,Brooks Brothers 346 — ice-blue / silver-blue herringbone,T044,Silver-grey tonal floral-paisley,,Matching suit trousers,shoe-1,Christian Louboutin Dress Shoes — Black Single Monk,watch-AP09,Audemars Piguet — RO Dark Blue,S17,DS029,9.106844,9.46046,Tie gives a clear focal point; jacket-shirt contrast need not be maximized.
S17,baseline_heuristic,2,"{""suitId"":""S17"",""shirtId"":""DS044"",""state"":""T028"",""shoeId"":""shoe-1"",""watchId"":""watch-AP09""}",suit-16,Very dark navy fine blue-grey pinstripe,shirt-DS044,Emanuel Berg — white with navy micro-diamond / dot print,T028,Midnight-navy tonal paisley,,Matching suit trousers,shoe-1,Christian Louboutin Dress Shoes — Black Single Monk,watch-AP09,Audemars Piguet — RO Dark Blue,S17,DS044,9.100319,9.387961,Tie gives a clear focal point; jacket-shirt contrast need not be maximized.
S17,baseline_heuristic,3,"{""suitId"":""S17"",""shirtId"":""DS031"",""state"":""T024"",""shoeId"":""shoe-2"",""watchId"":""watch-R09""}",suit-16,Very dark navy fine blue-grey pinstripe,shirt-DS031,Hugo Boss — lavender windowpane over micro-check,T024,Royal blue / beige-gold paisley,,Matching suit trousers,shoe-2,Berluti Dress Shoes — Black Double Monk,watch-R09,Rolex — Datejust White Dial,S17,DS031,9.093868,9.316283,Tie gives a clear focal point; jacket-shirt contrast need not be maximized.
S17,baseline_heuristic,4,"{""suitId"":""S17"",""shirtId"":""DS030"",""state"":""T036"",""shoeId"":""shoe-2"",""watchId"":""watch-R09""}",suit-16,Very dark navy fine blue-grey pinstripe,shirt-DS030,Brooks Brothers 346 — light silver-grey herringbone,T036,Purple / grey ornamental medallions,,Matching suit trousers,shoe-2,Berluti Dress Shoes — Black Double Monk,watch-R09,Rolex — Datejust White Dial,S17,DS030,9.090313,9.276776,Tie gives a clear focal point; jacket-shirt contrast need not be maximized.
S17,baseline_heuristic,5,"{""suitId"":""S17"",""shirtId"":""DS025"",""state"":""T024"",""shoeId"":""shoe-3"",""watchId"":""watch-R11""}",suit-16,Very dark navy fine blue-grey pinstripe,shirt-DS025,Light pink; Solid,T024,Royal blue / beige-gold paisley,,Matching suit trousers,shoe-3,Ecco Dress Shoes — Black Oxford/Derby,watch-R11,Rolex — Day-Date Green,S17,DS025,9.105035,9.440362,Tie gives a clear focal point; jacket-shirt contrast need not be maximized.
S17,baseline_heuristic,6,"{""suitId"":""S17"",""shirtId"":""DS016"",""state"":""NO_TIE"",""shoeId"":""shoe-13"",""watchId"":""watch-R11""}",suit-16,Very dark navy fine blue-grey pinstripe,shirt-DS016,Brioni — tan/beige,,No tie,,Matching suit trousers,shoe-13,Hermes Loafers — Black Kelly Hardware,watch-R11,Rolex — Day-Date Green,S17,DS016,9.060291,9.489211,Open collar has its own readable value/texture structure on the same quality scale; no missing-tie penalty.
S17,baseline_heuristic,7,"{""suitId"":""S17"",""shirtId"":""DS027"",""state"":""T045"",""shoeId"":""shoe-3"",""watchId"":""watch-R13""}",suit-16,Very dark navy fine blue-grey pinstripe,shirt-DS027,White/light ground; Bengal stripe,T045,Pale pink / blue micro-dot,,Matching suit trousers,shoe-3,Ecco Dress Shoes — Black Oxford/Derby,watch-R13,Rolex — Day-Date Champagne,S17,DS027,9.07977,9.159638,Tie gives a clear focal point; jacket-shirt contrast need not be maximized.
S17,baseline_heuristic,8,"{""suitId"":""S17"",""shirtId"":""DS028"",""state"":""T028"",""shoeId"":""shoe-4"",""watchId"":""watch-R13""}",suit-16,Very dark navy fine blue-grey pinstripe,shirt-DS028,Tom James — very pale-blue birdseye / micro-check,T028,Midnight-navy tonal paisley,,Matching suit trousers,shoe-4,Christian Louboutin Dress Shoes — Dark Brown Derby Lace-up,watch-R13,Rolex — Day-Date Champagne,S17,DS028,9.100506,9.41921,Tie gives a clear focal point; jacket-shirt contrast need not be maximized.
S17,baseline_heuristic,9,"{""suitId"":""S17"",""shirtId"":""DS044"",""state"":""T044"",""shoeId"":""shoe-4"",""watchId"":""watch-R14""}",suit-16,Very dark navy fine blue-grey pinstripe,shirt-DS044,Emanuel Berg — white with navy micro-diamond / dot print,T044,Silver-grey tonal floral-paisley,,Matching suit trousers,shoe-4,Christian Louboutin Dress Shoes — Dark Brown Derby Lace-up,watch-R14,Rolex — Day-Date White Roman,S17,DS044,9.099044,9.40296,Tie gives a clear focal point; jacket-shirt contrast need not be maximized.
S17,baseline_heuristic,10,"{""suitId"":""S17"",""shirtId"":""DS035"",""state"":""T002"",""shoeId"":""shoe-49"",""watchId"":""watch-R14""}",suit-16,Very dark navy fine blue-grey pinstripe,shirt-DS035,Zegna — ivory/off-white solid,T002,Tobacco / blue medallion grid,,Matching suit trousers,shoe-49,"Berluti Dress Shoes — Alessandro Infini Alto Oxford, Venezia calf, brown patina, lug sole",watch-R14,Rolex — Day-Date White Roman,S17,DS035,9.052813,9.289276,Tie gives a clear focal point; jacket-shirt contrast need not be maximized.
S17,baseline_heuristic,11,"{""suitId"":""S17"",""shirtId"":""DS029"",""state"":""T005"",""shoeId"":""shoe-49"",""watchId"":""watch-AP06""}",suit-16,Very dark navy fine blue-grey pinstripe,shirt-DS029,Brooks Brothers 346 — ice-blue / silver-blue herringbone,T005,Dark brown / gold medallions,,Matching suit trousers,shoe-49,"Berluti Dress Shoes — Alessandro Infini Alto Oxford, Venezia calf, brown patina, lug sole",watch-AP06,"Audemars Piguet — RO Black Dial, Rose Gold",S17,DS029,9.091185,9.343421,Tie gives a clear focal point; jacket-shirt contrast need not be maximized.
S17,baseline_heuristic,12,"{""suitId"":""S17"",""shirtId"":""DS022"",""state"":""T032"",""shoeId"":""shoe-5"",""watchId"":""watch-AP06""}",suit-16,Very dark navy fine blue-grey pinstripe,shirt-DS022,Darker lavender; Solid,T032,Purple / navy-white diagonal stripe,,Matching suit trousers,shoe-5,Ecco Dress Shoes — Brown Oxford/Derby,watch-AP06,"Audemars Piguet — RO Black Dial, Rose Gold",S17,DS022,9.059384,8.990066,Tie gives a clear focal point; jacket-shirt contrast need not be maximized.
S17,baseline_heuristic,13,"{""suitId"":""S17"",""shirtId"":""DS037"",""state"":""T040"",""shoeId"":""shoe-5"",""watchId"":""watch-AP10""}",suit-16,Very dark navy fine blue-grey pinstripe,shirt-DS037,Loewe — taupe/medium-brown solid,T040,Charcoal tonal geometric,,Matching suit trousers,shoe-5,Ecco Dress Shoes — Brown Oxford/Derby,watch-AP10,Audemars Piguet — RO Blue RG Bracelet,S17,DS037,9.040957,9.185329,Tie gives a clear focal point; jacket-shirt contrast need not be maximized.
S17,baseline_heuristic,14,"{""suitId"":""S17"",""shirtId"":""DS006"",""state"":""NO_TIE"",""shoeId"":""shoe-13"",""watchId"":""watch-AP10""}",suit-16,Very dark navy fine blue-grey pinstripe,shirt-DS006,Brunello Cucinelli — light blue solid,,No tie,,Matching suit trousers,shoe-13,Hermes Loafers — Black Kelly Hardware,watch-AP10,Audemars Piguet — RO Blue RG Bracelet,S17,DS006,9.084555,9.386579,Open collar has its own readable value/texture structure on the same quality scale; no missing-tie penalty.
S17,baseline_heuristic,15,"{""suitId"":""S17"",""shirtId"":""DS017"",""state"":""T004"",""shoeId"":""shoe-6"",""watchId"":""watch-AP13""}",suit-16,Very dark navy fine blue-grey pinstripe,shirt-DS017,Brioni — cream/stone solid,T004,Burnt-orange near-solid geometric,,Matching suit trousers,shoe-6,Allen Edmonds Dress Shoes — Brown Double Monk Strap,watch-AP13,Audemars Piguet — RO Blue RG Leather,S17,DS017,9.05226,9.310921,Tie gives a clear focal point; jacket-shirt contrast need not be maximized.
S17,research,1,"{""suitId"":""S17"",""shirtId"":""DS030"",""state"":""T020"",""shoeId"":""shoe-1"",""watchId"":""watch-AP09""}",suit-16,Very dark navy fine blue-grey pinstripe,shirt-DS030,Brooks Brothers 346 — light silver-grey herringbone,T020,Navy / burgundy-tan paisley,,Matching suit trousers,shoe-1,Christian Louboutin Dress Shoes — Black Single Monk,watch-AP09,Audemars Piguet — RO Dark Blue,S17,DS030,9.388299,9.260921,"The tie is deeper than the shirt, giving a readable focal point."
S17,research,2,"{""suitId"":""S17"",""shirtId"":""DS014"",""state"":""T025"",""shoeId"":""shoe-1"",""watchId"":""watch-AP09""}",suit-16,Very dark navy fine blue-grey pinstripe,shirt-DS014,White; Solid,T025,Muted slate-brown / wine paisley,,Matching suit trousers,shoe-1,Christian Louboutin Dress Shoes — Black Single Monk,watch-AP09,Audemars Piguet — RO Dark Blue,S17,DS014,9.382199,9.254737,"The tie is deeper than the shirt, giving a readable focal point."
S17,research,3,"{""suitId"":""S17"",""shirtId"":""DS017"",""state"":""T028"",""shoeId"":""shoe-2"",""watchId"":""watch-R09""}",suit-16,Very dark navy fine blue-grey pinstripe,shirt-DS017,Brioni — cream/stone solid,T028,Midnight-navy tonal paisley,,Matching suit trousers,shoe-2,Berluti Dress Shoes — Black Double Monk,watch-R09,Rolex — Datejust White Dial,S17,DS017,9.369559,9.338026,"The tie is deeper than the shirt, giving a readable focal point. Pattern scale and prominence leave a clear visual hierarchy."
S17,research,4,"{""suitId"":""S17"",""shirtId"":""DS035"",""state"":""T020"",""shoeId"":""shoe-2"",""watchId"":""watch-R09""}",suit-16,Very dark navy fine blue-grey pinstripe,shirt-DS035,Zegna — ivory/off-white solid,T020,Navy / burgundy-tan paisley,,Matching suit trousers,shoe-2,Berluti Dress Shoes — Black Double Monk,watch-R09,Rolex — Datejust White Dial,S17,DS035,9.380439,9.295921,"The tie is deeper than the shirt, giving a readable focal point."
S17,research,5,"{""suitId"":""S17"",""shirtId"":""DS009"",""state"":""T023"",""shoeId"":""shoe-3"",""watchId"":""watch-R11""}",suit-16,Very dark navy fine blue-grey pinstripe,shirt-DS009,Brunello Cucinelli — sky-blue solid,T023,Burgundy / blue paisley,,Matching suit trousers,shoe-3,Ecco Dress Shoes — Black Oxford/Derby,watch-R11,Rolex — Day-Date Green,S17,DS009,9.306639,9.084704,"The tie is deeper than the shirt, giving a readable focal point. Pattern scale and prominence leave a clear visual hierarchy. A recorded accent links the tie to another garment."
S17,research,6,"{""suitId"":""S17"",""shirtId"":""DS044"",""state"":""T039"",""shoeId"":""shoe-3"",""watchId"":""watch-R11""}",suit-16,Very dark navy fine blue-grey pinstripe,shirt-DS044,Emanuel Berg — white with navy micro-diamond / dot print,T039,Navy / light-blue floral,,Matching suit trousers,shoe-3,Ecco Dress Shoes — Black Oxford/Derby,watch-R11,Rolex — Day-Date Green,S17,DS044,9.335857,9.100461,"The tie is deeper than the shirt, giving a readable focal point. Pattern scale and prominence leave a clear visual hierarchy. A recorded accent links the tie to another garment."
S17,research,7,"{""suitId"":""S17"",""shirtId"":""DS005"",""state"":""T039"",""shoeId"":""shoe-4"",""watchId"":""watch-R13""}",suit-16,Very dark navy fine blue-grey pinstripe,shirt-DS005,Cream/off-white; Visually near-solid; subtle windowpane metadata retained,T039,Navy / light-blue floral,,Matching suit trousers,shoe-4,Christian Louboutin Dress Shoes — Dark Brown Derby Lace-up,watch-R13,Rolex — Day-Date Champagne,S17,DS005,9.377229,8.980526,"The tie is deeper than the shirt, giving a readable focal point. Pattern scale and prominence leave a clear visual hierarchy."
S17,research,8,"{""suitId"":""S17"",""shirtId"":""DS001"",""state"":""T028"",""shoeId"":""shoe-4"",""watchId"":""watch-R13""}",suit-16,Very dark navy fine blue-grey pinstripe,shirt-DS001,White; Solid,T028,Midnight-navy tonal paisley,,Matching suit trousers,shoe-4,Christian Louboutin Dress Shoes — Dark Brown Derby Lace-up,watch-R13,Rolex — Day-Date Champagne,S17,DS001,9.351801,9.233026,"The tie is deeper than the shirt, giving a readable focal point. Pattern scale and prominence leave a clear visual hierarchy."
S17,research,9,"{""suitId"":""S17"",""shirtId"":""DS004"",""state"":""T025"",""shoeId"":""shoe-13"",""watchId"":""watch-R14""}",suit-16,Very dark navy fine blue-grey pinstripe,shirt-DS004,DS004 - source-repaired collar/body pilot,T025,Muted slate-brown / wine paisley,,Matching suit trousers,shoe-13,Hermes Loafers — Black Kelly Hardware,watch-R14,Rolex — Day-Date White Roman,S17,DS004,9.358309,8.465132,"The tie is deeper than the shirt, giving a readable focal point. A recorded accent links the tie to another garment."
S17,research,10,"{""suitId"":""S17"",""shirtId"":""DS006"",""state"":""T018"",""shoeId"":""shoe-13"",""watchId"":""watch-R14""}",suit-16,Very dark navy fine blue-grey pinstripe,shirt-DS006,Brunello Cucinelli — light blue solid,T018,Dark brown / slate-blue paisley,,Matching suit trousers,shoe-13,Hermes Loafers — Black Kelly Hardware,watch-R14,Rolex — Day-Date White Roman,S17,DS006,9.305243,9.295921,"The tie is deeper than the shirt, giving a readable focal point. A recorded accent links the tie to another garment."
S17,research,11,"{""suitId"":""S17"",""shirtId"":""DS025"",""state"":""T030"",""shoeId"":""shoe-0"",""watchId"":""watch-AP06""}",suit-16,Very dark navy fine blue-grey pinstripe,shirt-DS025,Light pink; Solid,T030,Aubergine tonal geometric,,Matching suit trousers,shoe-0,Louis Vuitton Dress Shoes — Black Embossed Monogram Lace-up,watch-AP06,"Audemars Piguet — RO Black Dial, Rose Gold",S17,DS025,9.248173,9.487895,"The tie is deeper than the shirt, giving a readable focal point. Pattern scale and prominence leave a clear visual hierarchy."
S17,research,12,"{""suitId"":""S17"",""shirtId"":""DS030"",""state"":""T029"",""shoeId"":""shoe-8"",""watchId"":""watch-AP06""}",suit-16,Very dark navy fine blue-grey pinstripe,shirt-DS030,Brooks Brothers 346 — light silver-grey herringbone,T029,Navy / silver ornamental medallions,,Matching suit trousers,shoe-8,Gucci Loafers — Black Horsebit,watch-AP06,"Audemars Piguet — RO Black Dial, Rose Gold",S17,DS030,9.331258,9.254276,"The tie is deeper than the shirt, giving a readable focal point. A recorded accent links the tie to another garment."
S17,research,13,"{""suitId"":""S17"",""shirtId"":""DS001"",""state"":""T002"",""shoeId"":""shoe-8"",""watchId"":""watch-AP10""}",suit-16,Very dark navy fine blue-grey pinstripe,shirt-DS001,White; Solid,T002,Tobacco / blue medallion grid,,Matching suit trousers,shoe-8,Gucci Loafers — Black Horsebit,watch-AP10,Audemars Piguet — RO Blue RG Bracelet,S17,DS001,9.311787,9.114276,"The tie is deeper than the shirt, giving a readable focal point."
S17,research,14,"{""suitId"":""S17"",""shirtId"":""DS036"",""state"":""NO_TIE"",""shoeId"":""shoe-11"",""watchId"":""watch-AP10""}",suit-16,Very dark navy fine blue-grey pinstripe,shirt-DS036,Zegna — chocolate-brown solid,,No tie,,Matching suit trousers,shoe-11,"Gucci Loafers — Dark Espresso Brown/Oxblood Horsebit, Polished Leather",watch-AP10,Audemars Piguet — RO Blue RG Bracelet,S17,DS036,9.205875,9.136842,Open collar keeps the outfit uncluttered; no missing-tie penalty. Pattern scale and prominence leave a clear visual hierarchy.
S17,research,15,"{""suitId"":""S17"",""shirtId"":""DS035"",""state"":""T023"",""shoeId"":""shoe-0"",""watchId"":""watch-AP13""}",suit-16,Very dark navy fine blue-grey pinstripe,shirt-DS035,Zegna — ivory/off-white solid,T023,Burgundy / blue paisley,,Matching suit trousers,shoe-0,Louis Vuitton Dress Shoes — Black Embossed Monogram Lace-up,watch-AP13,Audemars Piguet — RO Blue RG Leather,S17,DS035,9.298903,9.207895,"The tie is deeper than the shirt, giving a readable focal point. Pattern scale and prominence leave a clear visual hierarchy."
S18,baseline_curated,1,"{""suitId"":""S18"",""shirtId"":""DS001"",""state"":""T028"",""shoeId"":""shoe-3"",""watchId"":""watch-P07""}",suit-17,Approved black / very dark charcoal neutral pinstripe; no burgundy,shirt-DS001,White; Solid,T028,Midnight-navy tonal paisley,,Matching suit trousers,shoe-3,Ecco Dress Shoes — Black Oxford/Derby,watch-P07,Patek Philippe — Nautilus Black Leather,S18,DS001,,9.233026,A restrained white/navy centre and black shoes support dark neutral pinstripes.
S18,baseline_curated,2,"{""suitId"":""S18"",""shirtId"":""DS030"",""state"":""T023"",""shoeId"":""shoe-2"",""watchId"":""watch-R03""}",suit-17,Approved black / very dark charcoal neutral pinstripe; no burgundy,shirt-DS030,Brooks Brothers 346 — light silver-grey herringbone,T023,Burgundy / blue paisley,,Matching suit trousers,shoe-2,Berluti Dress Shoes — Black Double Monk,watch-R03,Rolex — Daytona Panda,S18,DS030,,9.12921,"Silver-grey texture and a muted burgundy tie, rather than black shirt plus vivid red."
S18,baseline_heuristic,1,"{""suitId"":""S18"",""shirtId"":""DS029"",""state"":""T044"",""shoeId"":""shoe-1"",""watchId"":""watch-AP09""}",suit-17,Approved black / very dark charcoal neutral pinstripe; no burgundy,shirt-DS029,Brooks Brothers 346 — ice-blue / silver-blue herringbone,T044,Silver-grey tonal floral-paisley,,Matching suit trousers,shoe-1,Christian Louboutin Dress Shoes — Black Single Monk,watch-AP09,Audemars Piguet — RO Dark Blue,S18,DS029,9.106738,9.459276,Tie gives a clear focal point; jacket-shirt contrast need not be maximized.
S18,baseline_heuristic,2,"{""suitId"":""S18"",""shirtId"":""DS044"",""state"":""T028"",""shoeId"":""shoe-1"",""watchId"":""watch-AP09""}",suit-17,Approved black / very dark charcoal neutral pinstripe; no burgundy,shirt-DS044,Emanuel Berg — white with navy micro-diamond / dot print,T028,Midnight-navy tonal paisley,,Matching suit trousers,shoe-1,Christian Louboutin Dress Shoes — Black Single Monk,watch-AP09,Audemars Piguet — RO Dark Blue,S18,DS044,9.09785,9.360526,Tie gives a clear focal point; jacket-shirt contrast need not be maximized.
S18,baseline_heuristic,3,"{""suitId"":""S18"",""shirtId"":""DS031"",""state"":""T024"",""shoeId"":""shoe-2"",""watchId"":""watch-R09""}",suit-17,Approved black / very dark charcoal neutral pinstripe; no burgundy,shirt-DS031,Hugo Boss — lavender windowpane over micro-check,T024,Royal blue / beige-gold paisley,,Matching suit trousers,shoe-2,Berluti Dress Shoes — Black Double Monk,watch-R09,Rolex — Datejust White Dial,S18,DS031,9.088065,9.251809,Tie gives a clear focal point; jacket-shirt contrast need not be maximized.
S18,baseline_heuristic,4,"{""suitId"":""S18"",""shirtId"":""DS030"",""state"":""T030"",""shoeId"":""shoe-2"",""watchId"":""watch-R09""}",suit-17,Approved black / very dark charcoal neutral pinstripe; no burgundy,shirt-DS030,Brooks Brothers 346 — light silver-grey herringbone,T030,Aubergine tonal geometric,,Matching suit trousers,shoe-2,Berluti Dress Shoes — Black Double Monk,watch-R09,Rolex — Datejust White Dial,S18,DS030,9.097281,9.35421,Tie gives a clear focal point; jacket-shirt contrast need not be maximized.
S18,baseline_heuristic,5,"{""suitId"":""S18"",""shirtId"":""DS037"",""state"":""T040"",""shoeId"":""shoe-3"",""watchId"":""watch-R11""}",suit-17,Approved black / very dark charcoal neutral pinstripe; no burgundy,shirt-DS037,Loewe — taupe/medium-brown solid,T040,Charcoal tonal geometric,,Matching suit trousers,shoe-3,Ecco Dress Shoes — Black Oxford/Derby,watch-R11,Rolex — Day-Date Green,S18,DS037,9.054706,9.281151,Tie gives a clear focal point; jacket-shirt contrast need not be maximized.
S18,baseline_heuristic,6,"{""suitId"":""S18"",""shirtId"":""DS035"",""state"":""T047"",""shoeId"":""shoe-3"",""watchId"":""watch-R11""}",suit-17,Approved black / very dark charcoal neutral pinstripe; no burgundy,shirt-DS035,Zegna — ivory/off-white solid,T047,Pistachio / blue micro-geometric,,Matching suit trousers,shoe-3,Ecco Dress Shoes — Black Oxford/Derby,watch-R11,Rolex — Day-Date Green,S18,DS035,9.065393,9.399901,Tie gives a clear focal point; jacket-shirt contrast need not be maximized.
S18,baseline_heuristic,7,"{""suitId"":""S18"",""shirtId"":""DS044"",""state"":""T044"",""shoeId"":""shoe-4"",""watchId"":""watch-R13""}",suit-17,Approved black / very dark charcoal neutral pinstripe; no burgundy,shirt-DS044,Emanuel Berg — white with navy micro-diamond / dot print,T044,Silver-grey tonal floral-paisley,,Matching suit trousers,shoe-4,Christian Louboutin Dress Shoes — Dark Brown Derby Lace-up,watch-R13,Rolex — Day-Date Champagne,S18,DS044,9.098938,9.401776,Tie gives a clear focal point; jacket-shirt contrast need not be maximized.
S18,baseline_heuristic,8,"{""suitId"":""S18"",""shirtId"":""DS036"",""state"":""NO_TIE"",""shoeId"":""shoe-13"",""watchId"":""watch-R13""}",suit-17,Approved black / very dark charcoal neutral pinstripe; no burgundy,shirt-DS036,Zegna — chocolate-brown solid,,No tie,,Matching suit trousers,shoe-13,Hermes Loafers — Black Kelly Hardware,watch-R13,Rolex — Day-Date Champagne,S18,DS036,9.041818,9.283947,Open collar has its own readable value/texture structure on the same quality scale; no missing-tie penalty.
S18,baseline_heuristic,9,"{""suitId"":""S18"",""shirtId"":""DS025"",""state"":""T007"",""shoeId"":""shoe-4"",""watchId"":""watch-R14""}",suit-17,Approved black / very dark charcoal neutral pinstripe; no burgundy,shirt-DS025,Light pink; Solid,T007,Charcoal / pale-pink diagonal lattice,,Matching suit trousers,shoe-4,Christian Louboutin Dress Shoes — Dark Brown Derby Lace-up,watch-R14,Rolex — Day-Date White Roman,S18,DS025,9.069125,9.070526,Tie gives a clear focal point; jacket-shirt contrast need not be maximized.
S18,baseline_heuristic,10,"{""suitId"":""S18"",""shirtId"":""DS030"",""state"":""T025"",""shoeId"":""shoe-49"",""watchId"":""watch-R14""}",suit-17,Approved black / very dark charcoal neutral pinstripe; no burgundy,shirt-DS030,Brooks Brothers 346 — light silver-grey herringbone,T025,Muted slate-brown / wine paisley,,Matching suit trousers,shoe-49,"Berluti Dress Shoes — Alessandro Infini Alto Oxford, Venezia calf, brown patina, lug sole",watch-R14,Rolex — Day-Date White Roman,S18,DS030,9.095841,9.367368,Tie gives a clear focal point; jacket-shirt contrast need not be maximized.
S18,baseline_heuristic,11,"{""suitId"":""S18"",""shirtId"":""DS019"",""state"":""T028"",""shoeId"":""shoe-49"",""watchId"":""watch-AP06""}",suit-17,Approved black / very dark charcoal neutral pinstripe; no burgundy,shirt-DS019,Chestnut/warm mid-brown; Solid,T028,Midnight-navy tonal paisley,,Matching suit trousers,shoe-49,"Berluti Dress Shoes — Alessandro Infini Alto Oxford, Venezia calf, brown patina, lug sole",watch-AP06,"Audemars Piguet — RO Black Dial, Rose Gold",S18,DS019,9.049806,9.283651,Tie gives a clear focal point; jacket-shirt contrast need not be maximized.
S18,baseline_heuristic,12,"{""suitId"":""S18"",""shirtId"":""DS029"",""state"":""T024"",""shoeId"":""shoe-5"",""watchId"":""watch-AP06""}",suit-17,Approved black / very dark charcoal neutral pinstripe; no burgundy,shirt-DS029,Brooks Brothers 346 — ice-blue / silver-blue herringbone,T024,Royal blue / beige-gold paisley,,Matching suit trousers,shoe-5,Ecco Dress Shoes — Brown Oxford/Derby,watch-AP06,"Audemars Piguet — RO Black Dial, Rose Gold",S18,DS029,9.094359,9.378684,Tie gives a clear focal point; jacket-shirt contrast need not be maximized.
S18,baseline_heuristic,13,"{""suitId"":""S18"",""shirtId"":""DS027"",""state"":""T045"",""shoeId"":""shoe-5"",""watchId"":""watch-AP10""}",suit-17,Approved black / very dark charcoal neutral pinstripe; no burgundy,shirt-DS027,White/light ground; Bengal stripe,T045,Pale pink / blue micro-dot,,Matching suit trousers,shoe-5,Ecco Dress Shoes — Brown Oxford/Derby,watch-AP10,Audemars Piguet — RO Blue RG Bracelet,S18,DS027,9.053105,8.920296,Tie gives a clear focal point; jacket-shirt contrast need not be maximized.
S18,baseline_heuristic,14,"{""suitId"":""S18"",""shirtId"":""DS022"",""state"":""T027"",""shoeId"":""shoe-6"",""watchId"":""watch-AP10""}",suit-17,Approved black / very dark charcoal neutral pinstripe; no burgundy,shirt-DS022,Darker lavender; Solid,T027,Deep purple / pale medallions,,Matching suit trousers,shoe-6,Allen Edmonds Dress Shoes — Brown Double Monk Strap,watch-AP10,Audemars Piguet — RO Blue RG Bracelet,S18,DS022,9.048738,9.271776,Tie gives a clear focal point; jacket-shirt contrast need not be maximized.
S18,baseline_heuristic,15,"{""suitId"":""S18"",""shirtId"":""DS017"",""state"":""T004"",""shoeId"":""shoe-6"",""watchId"":""watch-AP13""}",suit-17,Approved black / very dark charcoal neutral pinstripe; no burgundy,shirt-DS017,Brioni — cream/stone solid,T004,Burnt-orange near-solid geometric,,Matching suit trousers,shoe-6,Allen Edmonds Dress Shoes — Brown Double Monk Strap,watch-AP13,Audemars Piguet — RO Blue RG Leather,S18,DS017,9.047322,9.256052,Tie gives a clear focal point; jacket-shirt contrast need not be maximized.
S18,research,1,"{""suitId"":""S18"",""shirtId"":""DS030"",""state"":""T020"",""shoeId"":""shoe-1"",""watchId"":""watch-AP09""}",suit-17,Approved black / very dark charcoal neutral pinstripe; no burgundy,shirt-DS030,Brooks Brothers 346 — light silver-grey herringbone,T020,Navy / burgundy-tan paisley,,Matching suit trousers,shoe-1,Christian Louboutin Dress Shoes — Black Single Monk,watch-AP09,Audemars Piguet — RO Dark Blue,S18,DS030,9.304893,9.307105,"The tie is deeper than the shirt, giving a readable focal point."
S18,research,2,"{""suitId"":""S18"",""shirtId"":""DS025"",""state"":""T030"",""shoeId"":""shoe-1"",""watchId"":""watch-AP09""}",suit-17,Approved black / very dark charcoal neutral pinstripe; no burgundy,shirt-DS025,Light pink; Solid,T030,Aubergine tonal geometric,,Matching suit trousers,shoe-1,Christian Louboutin Dress Shoes — Black Single Monk,watch-AP09,Audemars Piguet — RO Dark Blue,S18,DS025,9.281665,9.415526,"The tie is deeper than the shirt, giving a readable focal point. Pattern scale and prominence leave a clear visual hierarchy."
S18,research,3,"{""suitId"":""S18"",""shirtId"":""DS009"",""state"":""T023"",""shoeId"":""shoe-2"",""watchId"":""watch-R09""}",suit-17,Approved black / very dark charcoal neutral pinstripe; no burgundy,shirt-DS009,Brunello Cucinelli — sky-blue solid,T023,Burgundy / blue paisley,,Matching suit trousers,shoe-2,Berluti Dress Shoes — Black Double Monk,watch-R09,Rolex — Datejust White Dial,S18,DS009,9.303534,8.983651,"The tie is deeper than the shirt, giving a readable focal point. Pattern scale and prominence leave a clear visual hierarchy. A recorded accent links the tie to another garment."
S18,research,4,"{""suitId"":""S18"",""shirtId"":""DS022"",""state"":""T028"",""shoeId"":""shoe-2"",""watchId"":""watch-R09""}",suit-17,Approved black / very dark charcoal neutral pinstripe; no burgundy,shirt-DS022,Darker lavender; Solid,T028,Midnight-navy tonal paisley,,Matching suit trousers,shoe-2,Berluti Dress Shoes — Black Double Monk,watch-R09,Rolex — Datejust White Dial,S18,DS022,9.300666,9.095526,"The tie is deeper than the shirt, giving a readable focal point. Pattern scale and prominence leave a clear visual hierarchy."
S18,research,5,"{""suitId"":""S18"",""shirtId"":""DS004"",""state"":""T025"",""shoeId"":""shoe-3"",""watchId"":""watch-R11""}",suit-17,Approved black / very dark charcoal neutral pinstripe; no burgundy,shirt-DS004,DS004 - source-repaired collar/body pilot,T025,Muted slate-brown / wine paisley,,Matching suit trousers,shoe-3,Ecco Dress Shoes — Black Oxford/Derby,watch-R11,Rolex — Day-Date Green,S18,DS004,9.286024,8.615526,"The tie is deeper than the shirt, giving a readable focal point. A recorded accent links the tie to another garment."
S18,research,6,"{""suitId"":""S18"",""shirtId"":""DS017"",""state"":""T021"",""shoeId"":""shoe-3"",""watchId"":""watch-R11""}",suit-17,Approved black / very dark charcoal neutral pinstripe; no burgundy,shirt-DS017,Brioni — cream/stone solid,T021,Dark navy / gold medallions,,Matching suit trousers,shoe-3,Ecco Dress Shoes — Black Oxford/Derby,watch-R11,Rolex — Day-Date Green,S18,DS017,9.291869,9.155921,"The tie is deeper than the shirt, giving a readable focal point."
S18,research,7,"{""suitId"":""S18"",""shirtId"":""DS035"",""state"":""T022"",""shoeId"":""shoe-0"",""watchId"":""watch-R13""}",suit-17,Approved black / very dark charcoal neutral pinstripe; no burgundy,shirt-DS035,Zegna — ivory/off-white solid,T022,Deep navy tonal honeycomb,,Matching suit trousers,shoe-0,Louis Vuitton Dress Shoes — Black Embossed Monogram Lace-up,watch-R13,Rolex — Day-Date Champagne,S18,DS035,9.289116,9.408026,"The tie is deeper than the shirt, giving a readable focal point. Pattern scale and prominence leave a clear visual hierarchy."
S18,research,8,"{""suitId"":""S18"",""shirtId"":""DS036"",""state"":""NO_TIE"",""shoeId"":""shoe-13"",""watchId"":""watch-R13""}",suit-17,Approved black / very dark charcoal neutral pinstripe; no burgundy,shirt-DS036,Zegna — chocolate-brown solid,,No tie,,Matching suit trousers,shoe-13,Hermes Loafers — Black Kelly Hardware,watch-R13,Rolex — Day-Date Champagne,S18,DS036,9.206045,9.283947,Open collar keeps the outfit uncluttered; no missing-tie penalty. Pattern scale and prominence leave a clear visual hierarchy.
S18,research,9,"{""suitId"":""S18"",""shirtId"":""DS014"",""state"":""T028"",""shoeId"":""shoe-0"",""watchId"":""watch-R14""}",suit-17,Approved black / very dark charcoal neutral pinstripe; no burgundy,shirt-DS014,White; Solid,T028,Midnight-navy tonal paisley,,Matching suit trousers,shoe-0,Louis Vuitton Dress Shoes — Black Embossed Monogram Lace-up,watch-R14,Rolex — Day-Date White Roman,S18,DS014,9.281364,9.338026,"The tie is deeper than the shirt, giving a readable focal point. Pattern scale and prominence leave a clear visual hierarchy."
S18,research,10,"{""suitId"":""S18"",""shirtId"":""DS006"",""state"":""T033"",""shoeId"":""shoe-13"",""watchId"":""watch-R14""}",suit-17,Approved black / very dark charcoal neutral pinstripe; no burgundy,shirt-DS006,Brunello Cucinelli — light blue solid,T033,Dark navy / blue-gold monogram,,Matching suit trousers,shoe-13,Hermes Loafers — Black Kelly Hardware,watch-R14,Rolex — Day-Date White Roman,S18,DS006,9.271972,8.913026,"The tie is deeper than the shirt, giving a readable focal point. Pattern scale and prominence leave a clear visual hierarchy. A recorded accent links the tie to another garment."
S18,research,11,"{""suitId"":""S18"",""shirtId"":""DS024"",""state"":""T029"",""shoeId"":""shoe-8"",""watchId"":""watch-AP06""}",suit-17,Approved black / very dark charcoal neutral pinstripe; no burgundy,shirt-DS024,Pale pink; Solid,T029,Navy / silver ornamental medallions,,Matching suit trousers,shoe-8,Gucci Loafers — Black Horsebit,watch-AP06,"Audemars Piguet — RO Black Dial, Rose Gold",S18,DS024,9.263258,9.204276,"The tie is deeper than the shirt, giving a readable focal point."
S18,research,12,"{""suitId"":""S18"",""shirtId"":""DS007"",""state"":""T018"",""shoeId"":""shoe-8"",""watchId"":""watch-AP06""}",suit-17,Approved black / very dark charcoal neutral pinstripe; no burgundy,shirt-DS007,Paul Fredrick — Light blue micro-check,T018,Dark brown / slate-blue paisley,,Matching suit trousers,shoe-8,Gucci Loafers — Black Horsebit,watch-AP06,"Audemars Piguet — RO Black Dial, Rose Gold",S18,DS007,9.253898,9.194868,"The tie is deeper than the shirt, giving a readable focal point. A recorded accent links the tie to another garment."
S18,research,13,"{""suitId"":""S18"",""shirtId"":""DS035"",""state"":""T023"",""shoeId"":""shoe-4"",""watchId"":""watch-AP10""}",suit-17,Approved black / very dark charcoal neutral pinstripe; no burgundy,shirt-DS035,Zegna — ivory/off-white solid,T023,Burgundy / blue paisley,,Matching suit trousers,shoe-4,Christian Louboutin Dress Shoes — Dark Brown Derby Lace-up,watch-AP10,Audemars Piguet — RO Blue RG Bracelet,S18,DS035,9.237768,9.153026,"The tie is deeper than the shirt, giving a readable focal point. Pattern scale and prominence leave a clear visual hierarchy."
S18,research,14,"{""suitId"":""S18"",""shirtId"":""DS001"",""state"":""T020"",""shoeId"":""shoe-4"",""watchId"":""watch-AP10""}",suit-17,Approved black / very dark charcoal neutral pinstripe; no burgundy,shirt-DS001,White; Solid,T020,Navy / burgundy-tan paisley,,Matching suit trousers,shoe-4,Christian Louboutin Dress Shoes — Dark Brown Derby Lace-up,watch-AP10,Audemars Piguet — RO Blue RG Bracelet,S18,DS001,9.259269,9.050921,"The tie is deeper than the shirt, giving a readable focal point."
S18,research,15,"{""suitId"":""S18"",""shirtId"":""DS005"",""state"":""T022"",""shoeId"":""shoe-17"",""watchId"":""watch-AP13""}",suit-17,Approved black / very dark charcoal neutral pinstripe; no burgundy,shirt-DS005,Cream/off-white; Visually near-solid; subtle windowpane metadata retained,T022,Deep navy tonal honeycomb,,Matching suit trousers,shoe-17,Louis Vuitton Loafers — Black Damier,watch-AP13,Audemars Piguet — RO Blue RG Leather,S18,DS005,9.241735,9.268026,"The tie is deeper than the shirt, giving a readable focal point. Pattern scale and prominence leave a clear visual hierarchy."
B01,baseline_curated,1,"{""blazerId"":""B01"",""shirtId"":""DS005"",""state"":""T018"",""shoeId"":""shoe-15"",""watchId"":""watch-P02"",""pantId"":""PG003""}",blazer-0,"medium navy, medium-weight linen, visible natural slub, patch pockets",shirt-DS005,Cream/off-white; Visually near-solid; subtle windowpane metadata retained,T018,Dark brown / slate-blue paisley,pants-PG003,Very light grey,shoe-15,Loro Piana Loafers — Brown Suede Penny,watch-P02,Patek Philippe — Aquanaut Chocolate RG,B01,DS005,,9.242434,"Navy linen, subtle cream check and pale grey trousers with a soft organic brown/slate accent."
B01,baseline_curated,2,"{""blazerId"":""B01"",""shirtId"":""DS022"",""state"":""NO_TIE"",""shoeId"":""shoe-15"",""watchId"":""watch-P05"",""pantId"":""PN002""}",blazer-0,"medium navy, medium-weight linen, visible natural slub, patch pockets",shirt-DS022,Darker lavender; Solid,,No tie,pants-PN002,The Rising Sun Mfg Co. — Chino Light stone/grey-beige (Leather patch),shoe-15,Loro Piana Loafers — Brown Suede Penny,watch-P05,Patek Philippe — Nautilus 5712,B01,DS022,,9.124649,Lavender and light stone lighten navy linen in an open-collar treatment.
B01,baseline_heuristic,1,"{""blazerId"":""B01"",""pantId"":""PN002"",""shirtId"":""DS025"",""state"":""T024"",""shoeId"":""shoe-13"",""watchId"":""watch-AP09""}",blazer-0,"medium navy, medium-weight linen, visible natural slub, patch pockets",shirt-DS025,Light pink; Solid,T024,Royal blue / beige-gold paisley,pants-PN002,The Rising Sun Mfg Co. — Chino Light stone/grey-beige (Leather patch),shoe-13,Hermes Loafers — Black Kelly Hardware,watch-AP09,Audemars Piguet — RO Dark Blue,B01,DS025,9.112614,9.494572,Tie gives a clear focal point; jacket-shirt contrast need not be maximized.
B01,baseline_heuristic,2,"{""blazerId"":""B01"",""pantId"":""PN002"",""shirtId"":""DS027"",""state"":""T045"",""shoeId"":""shoe-13"",""watchId"":""watch-AP09""}",blazer-0,"medium navy, medium-weight linen, visible natural slub, patch pockets",shirt-DS027,White/light ground; Bengal stripe,T045,Pale pink / blue micro-dot,pants-PN002,The Rising Sun Mfg Co. — Chino Light stone/grey-beige (Leather patch),shoe-13,Hermes Loafers — Black Kelly Hardware,watch-AP09,Audemars Piguet — RO Dark Blue,B01,DS027,9.092618,9.272401,Tie gives a clear focal point; jacket-shirt contrast need not be maximized.
B01,baseline_heuristic,3,"{""blazerId"":""B01"",""pantId"":""PG002"",""shirtId"":""DS022"",""state"":""T032"",""shoeId"":""shoe-17"",""watchId"":""watch-R09""}",blazer-0,"medium navy, medium-weight linen, visible natural slub, patch pockets",shirt-DS022,Darker lavender; Solid,T032,Purple / navy-white diagonal stripe,pants-PG002,Nordstrom Mens Shop — Grey (Brushed/flannel),shoe-17,Louis Vuitton Loafers — Black Damier,watch-R09,Rolex — Datejust White Dial,B01,DS022,9.0987,9.339967,Tie gives a clear focal point; jacket-shirt contrast need not be maximized.
B01,baseline_heuristic,4,"{""blazerId"":""B01"",""pantId"":""PG002"",""shirtId"":""DS006"",""state"":""T041"",""shoeId"":""shoe-17"",""watchId"":""watch-R09""}",blazer-0,"medium navy, medium-weight linen, visible natural slub, patch pockets",shirt-DS006,Brunello Cucinelli — light blue solid,T041,Silver / navy monogram,pants-PG002,Nordstrom Mens Shop — Grey (Brushed/flannel),shoe-17,Louis Vuitton Loafers — Black Damier,watch-R09,Rolex — Datejust White Dial,B01,DS006,9.093679,9.284178,Tie gives a clear focal point; jacket-shirt contrast need not be maximized.
B01,baseline_heuristic,5,"{""blazerId"":""B01"",""pantId"":""PG003"",""shirtId"":""DS018"",""state"":""T014"",""shoeId"":""shoe-8"",""watchId"":""watch-R11""}",blazer-0,"medium navy, medium-weight linen, visible natural slub, patch pockets",shirt-DS018,Mauve/rose; Prince of Wales/glen check,T014,Dark ground / silver ring dots,pants-PG003,Very light grey,shoe-8,Gucci Loafers — Black Horsebit,watch-R11,Rolex — Day-Date Green,B01,DS018,9.088805,9.230033,Tie gives a clear focal point; jacket-shirt contrast need not be maximized.
B01,baseline_heuristic,6,"{""blazerId"":""B01"",""pantId"":""PG003"",""shirtId"":""DS008"",""state"":""T004"",""shoeId"":""shoe-8"",""watchId"":""watch-R11""}",blazer-0,"medium navy, medium-weight linen, visible natural slub, patch pockets",shirt-DS008,Brunello Cucinelli — White with thin horizontal stripe,T004,Burnt-orange near-solid geometric,pants-PG003,Very light grey,shoe-8,Gucci Loafers — Black Horsebit,watch-R11,Rolex — Day-Date Green,B01,DS008,9.090901,9.253322,Tie gives a clear focal point; jacket-shirt contrast need not be maximized.
B01,baseline_heuristic,7,"{""blazerId"":""B01"",""pantId"":""PT001"",""shirtId"":""DS025"",""state"":""T032"",""shoeId"":""shoe-15"",""watchId"":""watch-R13""}",blazer-0,"medium navy, medium-weight linen, visible natural slub, patch pockets",shirt-DS025,Light pink; Solid,T032,Purple / navy-white diagonal stripe,pants-PT001,Prada — Black (matte) (Triangle logo plate),shoe-15,Loro Piana Loafers — Brown Suede Penny,watch-R13,Rolex — Day-Date Champagne,B01,DS025,9.100942,9.369046,Tie gives a clear focal point; jacket-shirt contrast need not be maximized.
B01,baseline_heuristic,8,"{""blazerId"":""B01"",""pantId"":""PT001"",""shirtId"":""DS024"",""state"":""T041"",""shoeId"":""shoe-15"",""watchId"":""watch-R13""}",blazer-0,"medium navy, medium-weight linen, visible natural slub, patch pockets",shirt-DS024,Pale pink; Solid,T041,Silver / navy monogram,pants-PT001,Prada — Black (matte) (Triangle logo plate),shoe-15,Loro Piana Loafers — Brown Suede Penny,watch-R13,Rolex — Day-Date Champagne,B01,DS024,9.094192,9.294046,Tie gives a clear focal point; jacket-shirt contrast need not be maximized.
B01,baseline_heuristic,9,"{""blazerId"":""B01"",""pantId"":""PT002"",""shirtId"":""DS014"",""state"":""T010"",""shoeId"":""shoe-11"",""watchId"":""watch-R14""}",blazer-0,"medium navy, medium-weight linen, visible natural slub, patch pockets",shirt-DS014,White; Solid,T010,Near-black / white spaced dots,pants-PT002,Theory — Black (Size 32),shoe-11,"Gucci Loafers — Dark Espresso Brown/Oxblood Horsebit, Polished Leather",watch-R14,Rolex — Day-Date White Roman,B01,DS014,9.08714,9.240691,Tie gives a clear focal point; jacket-shirt contrast need not be maximized.
B01,baseline_heuristic,10,"{""blazerId"":""B01"",""pantId"":""PT002"",""shirtId"":""DS006"",""state"":""T018"",""shoeId"":""shoe-11"",""watchId"":""watch-R14""}",blazer-0,"medium navy, medium-weight linen, visible natural slub, patch pockets",shirt-DS006,Brunello Cucinelli — light blue solid,T018,Dark brown / slate-blue paisley,pants-PT002,Theory — Black (Size 32),shoe-11,"Gucci Loafers — Dark Espresso Brown/Oxblood Horsebit, Polished Leather",watch-R14,Rolex — Day-Date White Roman,B01,DS006,9.082628,9.190559,Tie gives a clear focal point; jacket-shirt contrast need not be maximized.
B01,baseline_heuristic,11,"{""blazerId"":""B01"",""pantId"":""PT003"",""shirtId"":""DS008"",""state"":""T017"",""shoeId"":""shoe-14"",""watchId"":""watch-AP06""}",blazer-0,"medium navy, medium-weight linen, visible natural slub, patch pockets",shirt-DS008,Brunello Cucinelli — White with thin horizontal stripe,T017,Pale blue / white paisley,pants-PT003,Burberry — Black (Perforated mesh panel),shoe-14,"Hermes Loafers — Cognac/Chestnut Kelly Hardware, Dark Espresso Patina",watch-AP06,"Audemars Piguet — RO Black Dial, Rose Gold",B01,DS008,9.075916,9.216678,Tie gives a clear focal point; jacket-shirt contrast need not be maximized.
B01,baseline_heuristic,12,"{""blazerId"":""B01"",""pantId"":""PT003"",""shirtId"":""DS024"",""state"":""T007"",""shoeId"":""shoe-14"",""watchId"":""watch-AP06""}",blazer-0,"medium navy, medium-weight linen, visible natural slub, patch pockets",shirt-DS024,Pale pink; Solid,T007,Charcoal / pale-pink diagonal lattice,pants-PT003,Burberry — Black (Perforated mesh panel),shoe-14,"Hermes Loafers — Cognac/Chestnut Kelly Hardware, Dark Espresso Patina",watch-AP06,"Audemars Piguet — RO Black Dial, Rose Gold",B01,DS024,9.069272,9.142862,Tie gives a clear focal point; jacket-shirt contrast need not be maximized.
B01,baseline_heuristic,13,"{""blazerId"":""B01"",""pantId"":""PT004"",""shirtId"":""DS027"",""state"":""T010"",""shoeId"":""shoe-9"",""watchId"":""watch-AP10""}",blazer-0,"medium navy, medium-weight linen, visible natural slub, patch pockets",shirt-DS027,White/light ground; Bengal stripe,T010,Near-black / white spaced dots,pants-PT004,Zegna — Black (Made in Italy),shoe-9,Gucci Loafers — Cognac Horsebit,watch-AP10,Audemars Piguet — RO Blue RG Bracelet,B01,DS027,9.075104,9.207664,Tie gives a clear focal point; jacket-shirt contrast need not be maximized.
B01,baseline_heuristic,14,"{""blazerId"":""B01"",""pantId"":""PT004"",""shirtId"":""DS007"",""state"":""T006"",""shoeId"":""shoe-9"",""watchId"":""watch-AP10""}",blazer-0,"medium navy, medium-weight linen, visible natural slub, patch pockets",shirt-DS007,Paul Fredrick — Light blue micro-check,T006,Dark ground / blue-gold floral,pants-PT004,Zegna — Black (Made in Italy),shoe-9,Gucci Loafers — Cognac Horsebit,watch-AP10,Audemars Piguet — RO Blue RG Bracelet,B01,DS007,9.073565,9.190559,Tie gives a clear focal point; jacket-shirt contrast need not be maximized.
B01,baseline_heuristic,15,"{""blazerId"":""B01"",""pantId"":""PT005"",""shirtId"":""DS007"",""state"":""T024"",""shoeId"":""shoe-19"",""watchId"":""watch-AP13""}",blazer-0,"medium navy, medium-weight linen, visible natural slub, patch pockets",shirt-DS007,Paul Fredrick — Light blue micro-check,T024,Royal blue / beige-gold paisley,pants-PT005,Prada — Black (shiny/satin) (Triangle logo plate),shoe-19,Louis Vuitton Loafers — Black Monogram,watch-AP13,Audemars Piguet — RO Blue RG Leather,B01,DS007,9.071651,9.179704,Tie gives a clear focal point; jacket-shirt contrast need not be maximized.
B01,research,1,"{""blazerId"":""B01"",""pantId"":""PG003"",""shirtId"":""DS005"",""state"":""T015"",""shoeId"":""shoe-1"",""watchId"":""watch-AP09""}",blazer-0,"medium navy, medium-weight linen, visible natural slub, patch pockets",shirt-DS005,Cream/off-white; Visually near-solid; subtle windowpane metadata retained,T015,Navy / fine diagonal stripe,pants-PG003,Very light grey,shoe-1,Christian Louboutin Dress Shoes — Black Single Monk,watch-AP09,Audemars Piguet — RO Dark Blue,B01,DS005,9.436242,9.147368,"The tie is deeper than the shirt, giving a readable focal point. Pattern scale and prominence leave a clear visual hierarchy. Separate trousers have deliberate colour/value separation from the blazer."
B01,research,2,"{""blazerId"":""B01"",""pantId"":""PG003"",""shirtId"":""DS002"",""state"":""T028"",""shoeId"":""shoe-1"",""watchId"":""watch-AP09""}",blazer-0,"medium navy, medium-weight linen, visible natural slub, patch pockets",shirt-DS002,DS002 - source-repaired collar/body pilot,T028,Midnight-navy tonal paisley,pants-PG003,Very light grey,shoe-1,Christian Louboutin Dress Shoes — Black Single Monk,watch-AP09,Audemars Piguet — RO Dark Blue,B01,DS002,9.392312,9.050526,"The tie is deeper than the shirt, giving a readable focal point. Pattern scale and prominence leave a clear visual hierarchy. Separate trousers have deliberate colour/value separation from the blazer."
B01,research,3,"{""blazerId"":""B01"",""pantId"":""PG002"",""shirtId"":""DS014"",""state"":""T015"",""shoeId"":""shoe-2"",""watchId"":""watch-R09""}",blazer-0,"medium navy, medium-weight linen, visible natural slub, patch pockets",shirt-DS014,White; Solid,T015,Navy / fine diagonal stripe,pants-PG002,Nordstrom Mens Shop — Grey (Brushed/flannel),shoe-2,Berluti Dress Shoes — Black Double Monk,watch-R09,Rolex — Datejust White Dial,B01,DS014,9.365816,9.182368,"The tie is deeper than the shirt, giving a readable focal point. Pattern scale and prominence leave a clear visual hierarchy. Separate trousers have deliberate colour/value separation from the blazer."
B01,research,4,"{""blazerId"":""B01"",""pantId"":""PG002"",""shirtId"":""DS005"",""state"":""T039"",""shoeId"":""shoe-2"",""watchId"":""watch-R09""}",blazer-0,"medium navy, medium-weight linen, visible natural slub, patch pockets",shirt-DS005,Cream/off-white; Visually near-solid; subtle windowpane metadata retained,T039,Navy / light-blue floral,pants-PG002,Nordstrom Mens Shop — Grey (Brushed/flannel),shoe-2,Berluti Dress Shoes — Black Double Monk,watch-R09,Rolex — Datejust White Dial,B01,DS005,9.38274,9.153553,"The tie is deeper than the shirt, giving a readable focal point. Pattern scale and prominence leave a clear visual hierarchy. Separate trousers have deliberate colour/value separation from the blazer."
B01,research,5,"{""blazerId"":""B01"",""pantId"":""PN002"",""shirtId"":""DS002"",""state"":""T028"",""shoeId"":""shoe-4"",""watchId"":""watch-R11""}",blazer-0,"medium navy, medium-weight linen, visible natural slub, patch pockets",shirt-DS002,DS002 - source-repaired collar/body pilot,T028,Midnight-navy tonal paisley,pants-PN002,The Rising Sun Mfg Co. — Chino Light stone/grey-beige (Leather patch),shoe-4,Christian Louboutin Dress Shoes — Dark Brown Derby Lace-up,watch-R11,Rolex — Day-Date Green,B01,DS002,9.368245,9.078651,"The tie is deeper than the shirt, giving a readable focal point. Pattern scale and prominence leave a clear visual hierarchy. Separate trousers have deliberate colour/value separation from the blazer."
B01,research,6,"{""blazerId"":""B01"",""pantId"":""PN002"",""shirtId"":""DS008"",""state"":""T039"",""shoeId"":""shoe-4"",""watchId"":""watch-R11""}",blazer-0,"medium navy, medium-weight linen, visible natural slub, patch pockets",shirt-DS008,Brunello Cucinelli — White with thin horizontal stripe,T039,Navy / light-blue floral,pants-PN002,The Rising Sun Mfg Co. — Chino Light stone/grey-beige (Leather patch),shoe-4,Christian Louboutin Dress Shoes — Dark Brown Derby Lace-up,watch-R11,Rolex — Day-Date Green,B01,DS008,9.30978,9.163026,"The tie is deeper than the shirt, giving a readable focal point. Pattern scale and prominence leave a clear visual hierarchy. Separate trousers have deliberate colour/value separation from the blazer."
B01,research,7,"{""blazerId"":""B01"",""pantId"":""PT001"",""shirtId"":""DS006"",""state"":""T004"",""shoeId"":""shoe-3"",""watchId"":""watch-R13""}",blazer-0,"medium navy, medium-weight linen, visible natural slub, patch pockets",shirt-DS006,Brunello Cucinelli — light blue solid,T004,Burnt-orange near-solid geometric,pants-PT001,Prada — Black (matte) (Triangle logo plate),shoe-3,Ecco Dress Shoes — Black Oxford/Derby,watch-R13,Rolex — Day-Date Champagne,B01,DS006,9.20242,9.101974,"The tie is deeper than the shirt, giving a readable focal point. Pattern scale and prominence leave a clear visual hierarchy. Separate trousers have deliberate colour/value separation from the blazer."
B01,research,8,"{""blazerId"":""B01"",""pantId"":""PT001"",""shirtId"":""DS001"",""state"":""T033"",""shoeId"":""shoe-3"",""watchId"":""watch-R13""}",blazer-0,"medium navy, medium-weight linen, visible natural slub, patch pockets",shirt-DS001,White; Solid,T033,Dark navy / blue-gold monogram,pants-PT001,Prada — Black (matte) (Triangle logo plate),shoe-3,Ecco Dress Shoes — Black Oxford/Derby,watch-R13,Rolex — Day-Date Champagne,B01,DS001,9.288574,9.077303,"The tie is deeper than the shirt, giving a readable focal point. Pattern scale and prominence leave a clear visual hierarchy. Separate trousers have deliberate colour/value separation from the blazer."
B01,research,9,"{""blazerId"":""B01"",""pantId"":""PT002"",""shirtId"":""DS014"",""state"":""T033"",""shoeId"":""shoe-0"",""watchId"":""watch-R14""}",blazer-0,"medium navy, medium-weight linen, visible natural slub, patch pockets",shirt-DS014,White; Solid,T033,Dark navy / blue-gold monogram,pants-PT002,Theory — Black (Size 32),shoe-0,Louis Vuitton Dress Shoes — Black Embossed Monogram Lace-up,watch-R14,Rolex — Day-Date White Roman,B01,DS014,9.274818,9.182303,"The tie is deeper than the shirt, giving a readable focal point. Pattern scale and prominence leave a clear visual hierarchy. Separate trousers have deliberate colour/value separation from the blazer."
B01,research,10,"{""blazerId"":""B01"",""pantId"":""PT002"",""shirtId"":""DS004"",""state"":""T022"",""shoeId"":""shoe-0"",""watchId"":""watch-R14""}",blazer-0,"medium navy, medium-weight linen, visible natural slub, patch pockets",shirt-DS004,DS004 - source-repaired collar/body pilot,T022,Deep navy tonal honeycomb,pants-PT002,Theory — Black (Size 32),shoe-0,Louis Vuitton Dress Shoes — Black Embossed Monogram Lace-up,watch-R14,Rolex — Day-Date White Roman,B01,DS004,9.272657,9.044276,"The tie is deeper than the shirt, giving a readable focal point. Pattern scale and prominence leave a clear visual hierarchy. Separate trousers have deliberate colour/value separation from the blazer."
B01,research,11,"{""blazerId"":""B01"",""pantId"":""PT003"",""shirtId"":""DS001"",""state"":""T031"",""shoeId"":""shoe-13"",""watchId"":""watch-AP06""}",blazer-0,"medium navy, medium-weight linen, visible natural slub, patch pockets",shirt-DS001,White; Solid,T031,Navy / purple-white regimental stripe,pants-PT003,Burberry — Black (Perforated mesh panel),shoe-13,Hermes Loafers — Black Kelly Hardware,watch-AP06,"Audemars Piguet — RO Black Dial, Rose Gold",B01,DS001,9.266959,9.042303,"The tie is deeper than the shirt, giving a readable focal point. Separate trousers have deliberate colour/value separation from the blazer."
B01,research,12,"{""blazerId"":""B01"",""pantId"":""PT003"",""shirtId"":""DS008"",""state"":""T022"",""shoeId"":""shoe-13"",""watchId"":""watch-AP06""}",blazer-0,"medium navy, medium-weight linen, visible natural slub, patch pockets",shirt-DS008,Brunello Cucinelli — White with thin horizontal stripe,T022,Deep navy tonal honeycomb,pants-PT003,Burberry — Black (Perforated mesh panel),shoe-13,Hermes Loafers — Black Kelly Hardware,watch-AP06,"Audemars Piguet — RO Black Dial, Rose Gold",B01,DS008,9.262805,9.079276,"The tie is deeper than the shirt, giving a readable focal point. Pattern scale and prominence leave a clear visual hierarchy. Separate trousers have deliberate colour/value separation from the blazer."
B01,research,13,"{""blazerId"":""B01"",""pantId"":""PT004"",""shirtId"":""DS004"",""state"":""T035"",""shoeId"":""shoe-8"",""watchId"":""watch-AP10""}",blazer-0,"medium navy, medium-weight linen, visible natural slub, patch pockets",shirt-DS004,DS004 - source-repaired collar/body pilot,T035,Navy / blue monogram,pants-PT004,Zegna — Black (Made in Italy),shoe-8,Gucci Loafers — Black Horsebit,watch-AP10,Audemars Piguet — RO Blue RG Bracelet,B01,DS004,9.260456,8.929276,"The tie is deeper than the shirt, giving a readable focal point. Pattern scale and prominence leave a clear visual hierarchy. Separate trousers have deliberate colour/value separation from the blazer."
B01,research,14,"{""blazerId"":""B01"",""pantId"":""PT004"",""shirtId"":""DS019"",""state"":""NO_TIE"",""shoeId"":""shoe-8"",""watchId"":""watch-AP10""}",blazer-0,"medium navy, medium-weight linen, visible natural slub, patch pockets",shirt-DS019,Chestnut/warm mid-brown; Solid,,No tie,pants-PT004,Zegna — Black (Made in Italy),shoe-8,Gucci Loafers — Black Horsebit,watch-AP10,Audemars Piguet — RO Blue RG Bracelet,B01,DS019,9.156789,8.293684,Open collar keeps the outfit uncluttered; no missing-tie penalty. Pattern scale and prominence leave a clear visual hierarchy. Separate trousers have deliberate colour/value separation from the blazer.
B01,research,15,"{""blazerId"":""B01"",""pantId"":""PT005"",""shirtId"":""DS025"",""state"":""T012"",""shoeId"":""shoe-17"",""watchId"":""watch-AP13""}",blazer-0,"medium navy, medium-weight linen, visible natural slub, patch pockets",shirt-DS025,Light pink; Solid,T012,Black tonal lattice,pants-PT005,Prada — Black (shiny/satin) (Triangle logo plate),shoe-17,Louis Vuitton Loafers — Black Damier,watch-AP13,Audemars Piguet — RO Blue RG Leather,B01,DS025,9.144302,9.271184,"The tie is deeper than the shirt, giving a readable focal point. Pattern scale and prominence leave a clear visual hierarchy. Separate trousers have deliberate colour/value separation from the blazer."
B02,baseline_curated,1,"{""blazerId"":""B02"",""pantId"":""PG003"",""shirtId"":""DS005"",""state"":""T015"",""shoeId"":""shoe-3"",""watchId"":""watch-P08""}",blazer-1,"very dark/midnight navy, fine micro-check, structured two-button, flap pockets, no pocket square",shirt-DS005,Cream/off-white; Visually near-solid; subtle windowpane metadata retained,T015,Navy / fine diagonal stripe,pants-PG003,Very light grey,shoe-3,Ecco Dress Shoes — Black Oxford/Derby,watch-P08,Patek Philippe — Nautilus 5811,B02,DS005,,9.270625,"Midnight-navy micro-check, light-grey trousers and a very subtle cream windowpane. A fine navy diagonal tie keeps the color story compact."
B02,baseline_curated,2,"{""blazerId"":""B02"",""shirtId"":""DS006"",""state"":""T028"",""shoeId"":""shoe-3"",""watchId"":""watch-R09"",""pantId"":""PG001""}",blazer-1,"very dark/midnight navy, fine micro-check, structured two-button, flap pockets, no pocket square",shirt-DS006,Brunello Cucinelli — light blue solid,T028,Midnight-navy tonal paisley,pants-PG001,Prada — Dark grey (Cream lining),shoe-3,Ecco Dress Shoes — Black Oxford/Derby,watch-R09,Rolex — Datejust White Dial,B02,DS006,,9.190428,Light blue and near-tonal navy keep dark micro-check and separate grey trousers coherent.
B02,baseline_curated,3,"{""blazerId"":""B02"",""shirtId"":""DS019"",""state"":""NO_TIE"",""shoeId"":""shoe-11"",""watchId"":""watch-P02"",""pantId"":""PG003""}",blazer-1,"very dark/midnight navy, fine micro-check, structured two-button, flap pockets, no pocket square",shirt-DS019,Chestnut/warm mid-brown; Solid,,No tie,pants-PG003,Very light grey,shoe-11,"Gucci Loafers — Dark Espresso Brown/Oxblood Horsebit, Polished Leather",watch-P02,Patek Philippe — Aquanaut Chocolate RG,B02,DS019,,8.965789,Chestnut adds warmth to midnight navy; pale grey trousers make the layers distinct.
B02,baseline_heuristic,1,"{""blazerId"":""B02"",""pantId"":""PN002"",""shirtId"":""DS025"",""state"":""T024"",""shoeId"":""shoe-13"",""watchId"":""watch-AP09""}",blazer-1,"very dark/midnight navy, fine micro-check, structured two-button, flap pockets, no pocket square",shirt-DS025,Light pink; Solid,T024,Royal blue / beige-gold paisley,pants-PN002,The Rising Sun Mfg Co. — Chino Light stone/grey-beige (Leather patch),shoe-13,Hermes Loafers — Black Kelly Hardware,watch-AP09,Audemars Piguet — RO Dark Blue,B02,DS025,9.112614,9.494572,Tie gives a clear focal point; jacket-shirt contrast need not be maximized.
B02,baseline_heuristic,2,"{""blazerId"":""B02"",""pantId"":""PN002"",""shirtId"":""DS027"",""state"":""T028"",""shoeId"":""shoe-13"",""watchId"":""watch-AP09""}",blazer-1,"very dark/midnight navy, fine micro-check, structured two-button, flap pockets, no pocket square",shirt-DS027,White/light ground; Bengal stripe,T028,Midnight-navy tonal paisley,pants-PN002,The Rising Sun Mfg Co. — Chino Light stone/grey-beige (Leather patch),shoe-13,Hermes Loafers — Black Kelly Hardware,watch-AP09,Audemars Piguet — RO Dark Blue,B02,DS027,9.096556,9.316151,Tie gives a clear focal point; jacket-shirt contrast need not be maximized.
B02,baseline_heuristic,3,"{""blazerId"":""B02"",""pantId"":""PG002"",""shirtId"":""DS022"",""state"":""T032"",""shoeId"":""shoe-17"",""watchId"":""watch-R09""}",blazer-1,"very dark/midnight navy, fine micro-check, structured two-button, flap pockets, no pocket square",shirt-DS022,Darker lavender; Solid,T032,Purple / navy-white diagonal stripe,pants-PG002,Nordstrom Mens Shop — Grey (Brushed/flannel),shoe-17,Louis Vuitton Loafers — Black Damier,watch-R09,Rolex — Datejust White Dial,B02,DS022,9.10545,9.414967,Tie gives a clear focal point; jacket-shirt contrast need not be maximized.
B02,baseline_heuristic,4,"{""blazerId"":""B02"",""pantId"":""PG002"",""shirtId"":""DS006"",""state"":""T041"",""shoeId"":""shoe-17"",""watchId"":""watch-R09""}",blazer-1,"very dark/midnight navy, fine micro-check, structured two-button, flap pockets, no pocket square",shirt-DS006,Brunello Cucinelli — light blue solid,T041,Silver / navy monogram,pants-PG002,Nordstrom Mens Shop — Grey (Brushed/flannel),shoe-17,Louis Vuitton Loafers — Black Damier,watch-R09,Rolex — Datejust White Dial,B02,DS006,9.095929,9.309178,Tie gives a clear focal point; jacket-shirt contrast need not be maximized.
B02,baseline_heuristic,5,"{""blazerId"":""B02"",""pantId"":""PG003"",""shirtId"":""DS018"",""state"":""T020"",""shoeId"":""shoe-8"",""watchId"":""watch-R11""}",blazer-1,"very dark/midnight navy, fine micro-check, structured two-button, flap pockets, no pocket square",shirt-DS018,Mauve/rose; Prince of Wales/glen check,T020,Navy / burgundy-tan paisley,pants-PG003,Very light grey,shoe-8,Gucci Loafers — Black Horsebit,watch-R11,Rolex — Day-Date Green,B02,DS018,9.094425,9.292467,Tie gives a clear focal point; jacket-shirt contrast need not be maximized.
B02,baseline_heuristic,6,"{""blazerId"":""B02"",""pantId"":""PG003"",""shirtId"":""DS005"",""state"":""T015"",""shoeId"":""shoe-8"",""watchId"":""watch-R11""}",blazer-1,"very dark/midnight navy, fine micro-check, structured two-button, flap pockets, no pocket square",shirt-DS005,Cream/off-white; Visually near-solid; subtle windowpane metadata retained,T015,Navy / fine diagonal stripe,pants-PG003,Very light grey,shoe-8,Gucci Loafers — Black Horsebit,watch-R11,Rolex — Day-Date Green,B02,DS005,9.092459,9.270625,Tie gives a clear focal point; jacket-shirt contrast need not be maximized.
B02,baseline_heuristic,7,"{""blazerId"":""B02"",""pantId"":""PG001"",""shirtId"":""DS004"",""state"":""T018"",""shoeId"":""shoe-15"",""watchId"":""watch-R13""}",blazer-1,"very dark/midnight navy, fine micro-check, structured two-button, flap pockets, no pocket square",shirt-DS004,DS004 - source-repaired collar/body pilot,T018,Dark brown / slate-blue paisley,pants-PG001,Prada — Dark grey (Cream lining),shoe-15,Loro Piana Loafers — Brown Suede Penny,watch-R13,Rolex — Day-Date Champagne,B02,DS004,9.091823,9.26773,Tie gives a clear focal point; jacket-shirt contrast need not be maximized.
B02,baseline_heuristic,8,"{""blazerId"":""B02"",""pantId"":""PG001"",""shirtId"":""DS025"",""state"":""T032"",""shoeId"":""shoe-15"",""watchId"":""watch-R13""}",blazer-1,"very dark/midnight navy, fine micro-check, structured two-button, flap pockets, no pocket square",shirt-DS025,Light pink; Solid,T032,Purple / navy-white diagonal stripe,pants-PG001,Prada — Dark grey (Cream lining),shoe-15,Loro Piana Loafers — Brown Suede Penny,watch-R13,Rolex — Day-Date Champagne,B02,DS025,9.107692,9.444046,Tie gives a clear focal point; jacket-shirt contrast need not be maximized.
B02,baseline_heuristic,9,"{""blazerId"":""B02"",""pantId"":""PT001"",""shirtId"":""DS019"",""state"":""T033"",""shoeId"":""shoe-11"",""watchId"":""watch-R14""}",blazer-1,"very dark/midnight navy, fine micro-check, structured two-button, flap pockets, no pocket square",shirt-DS019,Chestnut/warm mid-brown; Solid,T033,Dark navy / blue-gold monogram,pants-PT001,Prada — Black (matte) (Triangle logo plate),shoe-11,"Gucci Loafers — Dark Espresso Brown/Oxblood Horsebit, Polished Leather",watch-R14,Rolex — Day-Date White Roman,B02,DS019,9.027811,9.22148,Tie gives a clear focal point; jacket-shirt contrast need not be maximized.
B02,baseline_heuristic,10,"{""blazerId"":""B02"",""pantId"":""PT001"",""shirtId"":""DS021"",""state"":""T028"",""shoeId"":""shoe-11"",""watchId"":""watch-R14""}",blazer-1,"very dark/midnight navy, fine micro-check, structured two-button, flap pockets, no pocket square",shirt-DS021,Very light lavender; Pinstripe,T028,Midnight-navy tonal paisley,pants-PT001,Prada — Black (matte) (Triangle logo plate),shoe-11,"Gucci Loafers — Dark Espresso Brown/Oxblood Horsebit, Polished Leather",watch-R14,Rolex — Day-Date White Roman,B02,DS021,9.03134,9.260691,Tie gives a clear focal point; jacket-shirt contrast need not be maximized.
B02,baseline_heuristic,11,"{""blazerId"":""B02"",""pantId"":""PT002"",""shirtId"":""DS027"",""state"":""T045"",""shoeId"":""shoe-14"",""watchId"":""watch-AP06""}",blazer-1,"very dark/midnight navy, fine micro-check, structured two-button, flap pockets, no pocket square",shirt-DS027,White/light ground; Bengal stripe,T045,Pale pink / blue micro-dot,pants-PT002,Theory — Black (Size 32),shoe-14,"Hermes Loafers — Cognac/Chestnut Kelly Hardware, Dark Espresso Patina",watch-AP06,"Audemars Piguet — RO Black Dial, Rose Gold",B02,DS027,9.016919,9.201151,Tie gives a clear focal point; jacket-shirt contrast need not be maximized.
B02,baseline_heuristic,12,"{""blazerId"":""B02"",""pantId"":""PT002"",""shirtId"":""DS024"",""state"":""T033"",""shoeId"":""shoe-14"",""watchId"":""watch-AP06""}",blazer-1,"very dark/midnight navy, fine micro-check, structured two-button, flap pockets, no pocket square",shirt-DS024,Pale pink; Solid,T033,Dark navy / blue-gold monogram,pants-PT002,Theory — Black (Size 32),shoe-14,"Hermes Loafers — Cognac/Chestnut Kelly Hardware, Dark Espresso Patina",watch-AP06,"Audemars Piguet — RO Black Dial, Rose Gold",B02,DS024,9.031692,9.365296,Tie gives a clear focal point; jacket-shirt contrast need not be maximized.
B02,baseline_heuristic,13,"{""blazerId"":""B02"",""pantId"":""PT003"",""shirtId"":""DS006"",""state"":""T018"",""shoeId"":""shoe-9"",""watchId"":""watch-AP10""}",blazer-1,"very dark/midnight navy, fine micro-check, structured two-button, flap pockets, no pocket square",shirt-DS006,Brunello Cucinelli — light blue solid,T018,Dark brown / slate-blue paisley,pants-PT003,Burberry — Black (Perforated mesh panel),shoe-9,Gucci Loafers — Cognac Horsebit,watch-AP10,Audemars Piguet — RO Blue RG Bracelet,B02,DS006,9.020821,9.244507,Tie gives a clear focal point; jacket-shirt contrast need not be maximized.
B02,baseline_heuristic,14,"{""blazerId"":""B02"",""pantId"":""PT003"",""shirtId"":""DS023"",""state"":""T012"",""shoeId"":""shoe-9"",""watchId"":""watch-AP10""}",blazer-1,"very dark/midnight navy, fine micro-check, structured two-button, flap pockets, no pocket square",shirt-DS023,Deep burgundy/oxblood; Solid color with micro-texture,T012,Black tonal lattice,pants-PT003,Burberry — Black (Perforated mesh panel),shoe-9,Gucci Loafers — Cognac Horsebit,watch-AP10,Audemars Piguet — RO Blue RG Bracelet,B02,DS023,8.964023,9.013421,Tie gives a clear focal point; jacket-shirt contrast need not be maximized.
B02,baseline_heuristic,15,"{""blazerId"":""B02"",""pantId"":""PT004"",""shirtId"":""DS024"",""state"":""T007"",""shoeId"":""shoe-19"",""watchId"":""watch-AP13""}",blazer-1,"very dark/midnight navy, fine micro-check, structured two-button, flap pockets, no pocket square",shirt-DS024,Pale pink; Solid,T007,Charcoal / pale-pink diagonal lattice,pants-PT004,Zegna — Black (Made in Italy),shoe-19,Louis Vuitton Loafers — Black Monogram,watch-AP13,Audemars Piguet — RO Blue RG Leather,B02,DS024,9.01559,9.196809,Tie gives a clear focal point; jacket-shirt contrast need not be maximized.
B02,research,1,"{""blazerId"":""B02"",""pantId"":""PG003"",""shirtId"":""DS005"",""state"":""T015"",""shoeId"":""shoe-1"",""watchId"":""watch-AP09""}",blazer-1,"very dark/midnight navy, fine micro-check, structured two-button, flap pockets, no pocket square",shirt-DS005,Cream/off-white; Visually near-solid; subtle windowpane metadata retained,T015,Navy / fine diagonal stripe,pants-PG003,Very light grey,shoe-1,Christian Louboutin Dress Shoes — Black Single Monk,watch-AP09,Audemars Piguet — RO Dark Blue,B02,DS005,9.459886,9.270625,"The tie is deeper than the shirt, giving a readable focal point. Pattern scale and prominence leave a clear visual hierarchy. A recorded accent links the tie to another garment. Separate trousers have deliberate colour/value separation from the blazer."
B02,research,2,"{""blazerId"":""B02"",""pantId"":""PG003"",""shirtId"":""DS002"",""state"":""T028"",""shoeId"":""shoe-1"",""watchId"":""watch-AP09""}",blazer-1,"very dark/midnight navy, fine micro-check, structured two-button, flap pockets, no pocket square",shirt-DS002,DS002 - source-repaired collar/body pilot,T028,Midnight-navy tonal paisley,pants-PG003,Very light grey,shoe-1,Christian Louboutin Dress Shoes — Black Single Monk,watch-AP09,Audemars Piguet — RO Dark Blue,B02,DS002,9.415878,9.168651,"The tie is deeper than the shirt, giving a readable focal point. Pattern scale and prominence leave a clear visual hierarchy. A recorded accent links the tie to another garment. Separate trousers have deliberate colour/value separation from the blazer."
B02,research,3,"{""blazerId"":""B02"",""pantId"":""PG002"",""shirtId"":""DS014"",""state"":""T015"",""shoeId"":""shoe-2"",""watchId"":""watch-R09""}",blazer-1,"very dark/midnight navy, fine micro-check, structured two-button, flap pockets, no pocket square",shirt-DS014,White; Solid,T015,Navy / fine diagonal stripe,pants-PG002,Nordstrom Mens Shop — Grey (Brushed/flannel),shoe-2,Berluti Dress Shoes — Black Double Monk,watch-R09,Rolex — Datejust White Dial,B02,DS014,9.389462,9.305625,"The tie is deeper than the shirt, giving a readable focal point. Pattern scale and prominence leave a clear visual hierarchy. A recorded accent links the tie to another garment. Separate trousers have deliberate colour/value separation from the blazer."
B02,research,4,"{""blazerId"":""B02"",""pantId"":""PG002"",""shirtId"":""DS005"",""state"":""T039"",""shoeId"":""shoe-2"",""watchId"":""watch-R09""}",blazer-1,"very dark/midnight navy, fine micro-check, structured two-button, flap pockets, no pocket square",shirt-DS005,Cream/off-white; Visually near-solid; subtle windowpane metadata retained,T039,Navy / light-blue floral,pants-PG002,Nordstrom Mens Shop — Grey (Brushed/flannel),shoe-2,Berluti Dress Shoes — Black Double Monk,watch-R09,Rolex — Datejust White Dial,B02,DS005,9.406305,9.271678,"The tie is deeper than the shirt, giving a readable focal point. Pattern scale and prominence leave a clear visual hierarchy. A recorded accent links the tie to another garment. Separate trousers have deliberate colour/value separation from the blazer."
B02,research,5,"{""blazerId"":""B02"",""pantId"":""PG001"",""shirtId"":""DS002"",""state"":""T028"",""shoeId"":""shoe-3"",""watchId"":""watch-R11""}",blazer-1,"very dark/midnight navy, fine micro-check, structured two-button, flap pockets, no pocket square",shirt-DS002,DS002 - source-repaired collar/body pilot,T028,Midnight-navy tonal paisley,pants-PG001,Prada — Dark grey (Cream lining),shoe-3,Ecco Dress Shoes — Black Oxford/Derby,watch-R11,Rolex — Day-Date Green,B02,DS002,9.393606,9.127401,"The tie is deeper than the shirt, giving a readable focal point. Pattern scale and prominence leave a clear visual hierarchy. A recorded accent links the tie to another garment. Separate trousers have deliberate colour/value separation from the blazer."
B02,research,6,"{""blazerId"":""B02"",""pantId"":""PG001"",""shirtId"":""DS008"",""state"":""T039"",""shoeId"":""shoe-3"",""watchId"":""watch-R11""}",blazer-1,"very dark/midnight navy, fine micro-check, structured two-button, flap pockets, no pocket square",shirt-DS008,Brunello Cucinelli — White with thin horizontal stripe,T039,Navy / light-blue floral,pants-PG001,Prada — Dark grey (Cream lining),shoe-3,Ecco Dress Shoes — Black Oxford/Derby,watch-R11,Rolex — Day-Date Green,B02,DS008,9.335463,9.232401,"The tie is deeper than the shirt, giving a readable focal point. Pattern scale and prominence leave a clear visual hierarchy. A recorded accent links the tie to another garment. Separate trousers have deliberate colour/value separation from the blazer."
B02,research,7,"{""blazerId"":""B02"",""pantId"":""PN002"",""shirtId"":""DS001"",""state"":""T033"",""shoeId"":""shoe-4"",""watchId"":""watch-R13""}",blazer-1,"very dark/midnight navy, fine micro-check, structured two-button, flap pockets, no pocket square",shirt-DS001,White; Solid,T033,Dark navy / blue-gold monogram,pants-PN002,The Rising Sun Mfg Co. — Chino Light stone/grey-beige (Leather patch),shoe-4,Christian Louboutin Dress Shoes — Dark Brown Derby Lace-up,watch-R13,Rolex — Day-Date Champagne,B02,DS001,9.332765,9.244178,"The tie is deeper than the shirt, giving a readable focal point. Pattern scale and prominence leave a clear visual hierarchy. A recorded accent links the tie to another garment. Separate trousers have deliberate colour/value separation from the blazer."
B02,research,8,"{""blazerId"":""B02"",""pantId"":""PN002"",""shirtId"":""DS025"",""state"":""T029"",""shoeId"":""shoe-4"",""watchId"":""watch-R13""}",blazer-1,"very dark/midnight navy, fine micro-check, structured two-button, flap pockets, no pocket square",shirt-DS025,Light pink; Solid,T029,Navy / silver ornamental medallions,pants-PN002,The Rising Sun Mfg Co. — Chino Light stone/grey-beige (Leather patch),shoe-4,Christian Louboutin Dress Shoes — Dark Brown Derby Lace-up,watch-R13,Rolex — Day-Date Champagne,B02,DS025,9.281987,9.405296,"The tie is deeper than the shirt, giving a readable focal point. A recorded accent links the tie to another garment. Separate trousers have deliberate colour/value separation from the blazer."
B02,research,9,"{""blazerId"":""B02"",""pantId"":""PT001"",""shirtId"":""DS004"",""state"":""T021"",""shoeId"":""shoe-13"",""watchId"":""watch-R14""}",blazer-1,"very dark/midnight navy, fine micro-check, structured two-button, flap pockets, no pocket square",shirt-DS004,DS004 - source-repaired collar/body pilot,T021,Dark navy / gold medallions,pants-PT001,Prada — Black (matte) (Triangle logo plate),shoe-13,Hermes Loafers — Black Kelly Hardware,watch-R14,Rolex — Day-Date White Roman,B02,DS004,9.203964,9.066348,"The tie is deeper than the shirt, giving a readable focal point. A recorded accent links the tie to another garment. Separate trousers have deliberate colour/value separation from the blazer."
B02,research,10,"{""blazerId"":""B02"",""pantId"":""PT001"",""shirtId"":""DS019"",""state"":""NO_TIE"",""shoeId"":""shoe-13"",""watchId"":""watch-R14""}",blazer-1,"very dark/midnight navy, fine micro-check, structured two-button, flap pockets, no pocket square",shirt-DS019,Chestnut/warm mid-brown; Solid,,No tie,pants-PT001,Prada — Black (matte) (Triangle logo plate),shoe-13,Hermes Loafers — Black Kelly Hardware,watch-R14,Rolex — Day-Date White Roman,B02,DS019,9.077624,8.435789,Open collar keeps the outfit uncluttered; no missing-tie penalty. Pattern scale and prominence leave a clear visual hierarchy. Separate trousers have deliberate colour/value separation from the blazer.
B02,research,11,"{""blazerId"":""B02"",""pantId"":""PT002"",""shirtId"":""DS014"",""state"":""T033"",""shoeId"":""shoe-0"",""watchId"":""watch-AP06""}",blazer-1,"very dark/midnight navy, fine micro-check, structured two-button, flap pockets, no pocket square",shirt-DS014,White; Solid,T033,Dark navy / blue-gold monogram,pants-PT002,Theory — Black (Size 32),shoe-0,Louis Vuitton Dress Shoes — Black Embossed Monogram Lace-up,watch-AP06,"Audemars Piguet — RO Black Dial, Rose Gold",B02,DS014,9.216692,9.275428,"The tie is deeper than the shirt, giving a readable focal point. Pattern scale and prominence leave a clear visual hierarchy. A recorded accent links the tie to another garment. Separate trousers have deliberate colour/value separation from the blazer."
B02,research,12,"{""blazerId"":""B02"",""pantId"":""PT002"",""shirtId"":""DS008"",""state"":""T022"",""shoeId"":""shoe-0"",""watchId"":""watch-AP06""}",blazer-1,"very dark/midnight navy, fine micro-check, structured two-button, flap pockets, no pocket square",shirt-DS008,Brunello Cucinelli — White with thin horizontal stripe,T022,Deep navy tonal honeycomb,pants-PT002,Theory — Black (Size 32),shoe-0,Louis Vuitton Dress Shoes — Black Embossed Monogram Lace-up,watch-AP06,"Audemars Piguet — RO Black Dial, Rose Gold",B02,DS008,9.215079,9.172401,"The tie is deeper than the shirt, giving a readable focal point. Pattern scale and prominence leave a clear visual hierarchy. A recorded accent links the tie to another garment. Separate trousers have deliberate colour/value separation from the blazer."
B02,research,13,"{""blazerId"":""B02"",""pantId"":""PT003"",""shirtId"":""DS001"",""state"":""T031"",""shoeId"":""shoe-8"",""watchId"":""watch-AP10""}",blazer-1,"very dark/midnight navy, fine micro-check, structured two-button, flap pockets, no pocket square",shirt-DS001,White; Solid,T031,Navy / purple-white regimental stripe,pants-PT003,Burberry — Black (Perforated mesh panel),shoe-8,Gucci Loafers — Black Horsebit,watch-AP10,Audemars Piguet — RO Blue RG Bracelet,B02,DS001,9.211833,9.135428,"The tie is deeper than the shirt, giving a readable focal point. A recorded accent links the tie to another garment. Separate trousers have deliberate colour/value separation from the blazer."
B02,research,14,"{""blazerId"":""B02"",""pantId"":""PT003"",""shirtId"":""DS006"",""state"":""T031"",""shoeId"":""shoe-8"",""watchId"":""watch-AP10""}",blazer-1,"very dark/midnight navy, fine micro-check, structured two-button, flap pockets, no pocket square",shirt-DS006,Brunello Cucinelli — light blue solid,T031,Navy / purple-white regimental stripe,pants-PT003,Burberry — Black (Perforated mesh panel),shoe-8,Gucci Loafers — Black Horsebit,watch-AP10,Audemars Piguet — RO Blue RG Bracelet,B02,DS006,9.161419,9.205428,"The tie is deeper than the shirt, giving a readable focal point. A recorded accent links the tie to another garment. Separate trousers have deliberate colour/value separation from the blazer."
B02,research,15,"{""blazerId"":""B02"",""pantId"":""PT004"",""shirtId"":""DS004"",""state"":""T022"",""shoeId"":""shoe-17"",""watchId"":""watch-AP13""}",blazer-1,"very dark/midnight navy, fine micro-check, structured two-button, flap pockets, no pocket square",shirt-DS004,DS004 - source-repaired collar/body pilot,T022,Deep navy tonal honeycomb,pants-PT004,Zegna — Black (Made in Italy),shoe-17,Louis Vuitton Loafers — Black Damier,watch-AP13,Audemars Piguet — RO Blue RG Leather,B02,DS004,9.19173,9.137401,"The tie is deeper than the shirt, giving a readable focal point. Pattern scale and prominence leave a clear visual hierarchy. A recorded accent links the tie to another garment. Separate trousers have deliberate colour/value separation from the blazer."
B03,baseline_curated,1,"{""blazerId"":""B03"",""shirtId"":""DS005"",""state"":""T023"",""shoeId"":""shoe-4"",""watchId"":""watch-P08"",""pantId"":""PG002""}",blazer-2,Mid-Blue / Slate-Blue Herringbone Blazer,shirt-DS005,Cream/off-white; Visually near-solid; subtle windowpane metadata retained,T023,Burgundy / blue paisley,pants-PG002,Nordstrom Mens Shop — Grey (Brushed/flannel),shoe-4,Christian Louboutin Dress Shoes — Dark Brown Derby Lace-up,watch-P08,Patek Philippe — Nautilus 5811,B03,DS005,,9.264441,Subtle cream windowpane and burgundy paisley let slate-blue herringbone retain its quieter surface role.
B03,baseline_curated,2,"{""blazerId"":""B03"",""shirtId"":""DS022"",""state"":""T022"",""shoeId"":""shoe-4"",""watchId"":""watch-P05"",""pantId"":""PN002""}",blazer-2,Mid-Blue / Slate-Blue Herringbone Blazer,shirt-DS022,Darker lavender; Solid,T022,Deep navy tonal honeycomb,pants-PN002,The Rising Sun Mfg Co. — Chino Light stone/grey-beige (Leather patch),shoe-4,Christian Louboutin Dress Shoes — Dark Brown Derby Lace-up,watch-P05,Patek Philippe — Nautilus 5712,B03,DS022,,8.852401,Lavender and navy with pale stone trousers under slate-blue herringbone.
B03,baseline_heuristic,1,"{""blazerId"":""B03"",""pantId"":""PB001"",""shirtId"":""DS024"",""state"":""T033"",""shoeId"":""shoe-13"",""watchId"":""watch-AP09""}",blazer-2,Mid-Blue / Slate-Blue Herringbone Blazer,shirt-DS024,Pale pink; Solid,T033,Dark navy / blue-gold monogram,pants-PB001,"Charles Tyrwhitt — Chino Navy (34W 30L, Slim Fit)",shoe-13,Hermes Loafers — Black Kelly Hardware,watch-AP09,Audemars Piguet — RO Dark Blue,B03,DS024,9.112336,9.49148,Tie gives a clear focal point; jacket-shirt contrast need not be maximized.
B03,baseline_heuristic,2,"{""blazerId"":""B03"",""pantId"":""PB001"",""shirtId"":""DS027"",""state"":""T010"",""shoeId"":""shoe-13"",""watchId"":""watch-AP09""}",blazer-2,Mid-Blue / Slate-Blue Herringbone Blazer,shirt-DS027,White/light ground; Bengal stripe,T010,Near-black / white spaced dots,pants-PB001,"Charles Tyrwhitt — Chino Navy (34W 30L, Slim Fit)",shoe-13,Hermes Loafers — Black Kelly Hardware,watch-AP09,Audemars Piguet — RO Dark Blue,B03,DS027,9.102229,9.379178,Tie gives a clear focal point; jacket-shirt contrast need not be maximized.
B03,baseline_heuristic,3,"{""blazerId"":""B03"",""pantId"":""PB002"",""shirtId"":""DS021"",""state"":""T023"",""shoeId"":""shoe-17"",""watchId"":""watch-R09""}",blazer-2,Mid-Blue / Slate-Blue Herringbone Blazer,shirt-DS021,Very light lavender; Pinstripe,T023,Burgundy / blue paisley,pants-PB002,"Nordstrom — Navy (Workers United label, previously unbranded)",shoe-17,Louis Vuitton Loafers — Black Damier,watch-R09,Rolex — Datejust White Dial,B03,DS021,9.109588,9.460954,Tie gives a clear focal point; jacket-shirt contrast need not be maximized.
B03,baseline_heuristic,4,"{""blazerId"":""B03"",""pantId"":""PB002"",""shirtId"":""DS005"",""state"":""T006"",""shoeId"":""shoe-17"",""watchId"":""watch-R09""}",blazer-2,Mid-Blue / Slate-Blue Herringbone Blazer,shirt-DS005,Cream/off-white; Visually near-solid; subtle windowpane metadata retained,T006,Dark ground / blue-gold floral,pants-PB002,"Nordstrom — Navy (Workers United label, previously unbranded)",shoe-17,Louis Vuitton Loafers — Black Damier,watch-R09,Rolex — Datejust White Dial,B03,DS005,9.105971,9.420757,Tie gives a clear focal point; jacket-shirt contrast need not be maximized.
B03,baseline_heuristic,5,"{""blazerId"":""B03"",""pantId"":""PB003"",""shirtId"":""DS014"",""state"":""T018"",""shoeId"":""shoe-8"",""watchId"":""watch-R11""}",blazer-2,Mid-Blue / Slate-Blue Herringbone Blazer,shirt-DS014,White; Solid,T018,Dark brown / slate-blue paisley,pants-PB003,Theory — Navy (Size 32),shoe-8,Gucci Loafers — Black Horsebit,watch-R11,Rolex — Day-Date Green,B03,DS014,9.101352,9.369441,Tie gives a clear focal point; jacket-shirt contrast need not be maximized.
B03,baseline_heuristic,6,"{""blazerId"":""B03"",""pantId"":""PB003"",""shirtId"":""DS006"",""state"":""T039"",""shoeId"":""shoe-8"",""watchId"":""watch-R11""}",blazer-2,Mid-Blue / Slate-Blue Herringbone Blazer,shirt-DS006,Brunello Cucinelli — light blue solid,T039,Navy / light-blue floral,pants-PB003,Theory — Navy (Size 32),shoe-8,Gucci Loafers — Black Horsebit,watch-R11,Rolex — Day-Date Green,B03,DS006,9.104917,9.409046,Tie gives a clear focal point; jacket-shirt contrast need not be maximized.
B03,baseline_heuristic,7,"{""blazerId"":""B03"",""pantId"":""PB004"",""shirtId"":""DS025"",""state"":""T032"",""shoeId"":""shoe-15"",""watchId"":""watch-R13""}",blazer-2,Mid-Blue / Slate-Blue Herringbone Blazer,shirt-DS025,Light pink; Solid,T032,Purple / navy-white diagonal stripe,pants-PB004,Prada — Navy (Cuffed hem),shoe-15,Loro Piana Loafers — Brown Suede Penny,watch-R13,Rolex — Day-Date Champagne,B03,DS025,9.103748,9.40023,Tie gives a clear focal point; jacket-shirt contrast need not be maximized.
B03,baseline_heuristic,8,"{""blazerId"":""B03"",""pantId"":""PB004"",""shirtId"":""DS014"",""state"":""T033"",""shoeId"":""shoe-15"",""watchId"":""watch-R13""}",blazer-2,Mid-Blue / Slate-Blue Herringbone Blazer,shirt-DS014,White; Solid,T033,Dark navy / blue-gold monogram,pants-PB004,Prada — Navy (Cuffed hem),shoe-15,Loro Piana Loafers — Brown Suede Penny,watch-R13,Rolex — Day-Date Champagne,B03,DS014,9.109616,9.465428,Tie gives a clear focal point; jacket-shirt contrast need not be maximized.
B03,baseline_heuristic,9,"{""blazerId"":""B03"",""pantId"":""PG001"",""shirtId"":""DS025"",""state"":""T006"",""shoeId"":""shoe-11"",""watchId"":""watch-R14""}",blazer-2,Mid-Blue / Slate-Blue Herringbone Blazer,shirt-DS025,Light pink; Solid,T006,Dark ground / blue-gold floral,pants-PG001,Prada — Dark grey (Cream lining),shoe-11,"Gucci Loafers — Dark Espresso Brown/Oxblood Horsebit, Polished Leather",watch-R14,Rolex — Day-Date White Roman,B03,DS025,9.10479,9.436809,Tie gives a clear focal point; jacket-shirt contrast need not be maximized.
B03,baseline_heuristic,10,"{""blazerId"":""B03"",""pantId"":""PG001"",""shirtId"":""DS005"",""state"":""T035"",""shoeId"":""shoe-11"",""watchId"":""watch-R14""}",blazer-2,Mid-Blue / Slate-Blue Herringbone Blazer,shirt-DS005,Cream/off-white; Visually near-solid; subtle windowpane metadata retained,T035,Navy / blue monogram,pants-PG001,Prada — Dark grey (Cream lining),shoe-11,"Gucci Loafers — Dark Espresso Brown/Oxblood Horsebit, Polished Leather",watch-R14,Rolex — Day-Date White Roman,B03,DS005,9.101066,9.395428,Tie gives a clear focal point; jacket-shirt contrast need not be maximized.
B03,baseline_heuristic,11,"{""blazerId"":""B03"",""pantId"":""PG003"",""shirtId"":""DS021"",""state"":""T014"",""shoeId"":""shoe-14"",""watchId"":""watch-AP06""}",blazer-2,Mid-Blue / Slate-Blue Herringbone Blazer,shirt-DS021,Very light lavender; Pinstripe,T014,Dark ground / silver ring dots,pants-PG003,Very light grey,shoe-14,"Hermes Loafers — Cognac/Chestnut Kelly Hardware, Dark Espresso Patina",watch-AP06,"Audemars Piguet — RO Black Dial, Rose Gold",B03,DS021,9.089318,9.365592,Tie gives a clear focal point; jacket-shirt contrast need not be maximized.
B03,baseline_heuristic,12,"{""blazerId"":""B03"",""pantId"":""PG003"",""shirtId"":""DS008"",""state"":""T040"",""shoeId"":""shoe-14"",""watchId"":""watch-AP06""}",blazer-2,Mid-Blue / Slate-Blue Herringbone Blazer,shirt-DS008,Brunello Cucinelli — White with thin horizontal stripe,T040,Charcoal tonal geometric,pants-PG003,Very light grey,shoe-14,"Hermes Loafers — Cognac/Chestnut Kelly Hardware, Dark Espresso Patina",watch-AP06,"Audemars Piguet — RO Black Dial, Rose Gold",B03,DS008,9.088693,9.358651,Tie gives a clear focal point; jacket-shirt contrast need not be maximized.
B03,baseline_heuristic,13,"{""blazerId"":""B03"",""pantId"":""PT001"",""shirtId"":""DS027"",""state"":""T035"",""shoeId"":""shoe-9"",""watchId"":""watch-AP10""}",blazer-2,Mid-Blue / Slate-Blue Herringbone Blazer,shirt-DS027,White/light ground; Bengal stripe,T035,Navy / blue monogram,pants-PT001,Prada — Black (matte) (Triangle logo plate),shoe-9,Gucci Loafers — Cognac Horsebit,watch-AP10,Audemars Piguet — RO Blue RG Bracelet,B03,DS027,9.089031,9.362401,Tie gives a clear focal point; jacket-shirt contrast need not be maximized.
B03,baseline_heuristic,14,"{""blazerId"":""B03"",""pantId"":""PT001"",""shirtId"":""DS024"",""state"":""T039"",""shoeId"":""shoe-9"",""watchId"":""watch-AP10""}",blazer-2,Mid-Blue / Slate-Blue Herringbone Blazer,shirt-DS024,Pale pink; Solid,T039,Navy / light-blue floral,pants-PT001,Prada — Black (matte) (Triangle logo plate),shoe-9,Gucci Loafers — Cognac Horsebit,watch-AP10,Audemars Piguet — RO Blue RG Bracelet,B03,DS024,9.100311,9.48773,Tie gives a clear focal point; jacket-shirt contrast need not be maximized.
B03,baseline_heuristic,15,"{""blazerId"":""B03"",""pantId"":""PT002"",""shirtId"":""DS002"",""state"":""NO_TIE"",""shoeId"":""shoe-19"",""watchId"":""watch-AP13""}",blazer-2,Mid-Blue / Slate-Blue Herringbone Blazer,shirt-DS002,DS002 - source-repaired collar/body pilot,,No tie,pants-PT002,Theory — Black (Size 32),shoe-19,Louis Vuitton Loafers — Black Monogram,watch-AP13,Audemars Piguet — RO Blue RG Leather,B03,DS002,9.07803,9.346579,Open collar has its own readable value/texture structure on the same quality scale; no missing-tie penalty.
B03,research,1,"{""blazerId"":""B03"",""pantId"":""PG003"",""shirtId"":""DS005"",""state"":""T015"",""shoeId"":""shoe-1"",""watchId"":""watch-AP09""}",blazer-2,Mid-Blue / Slate-Blue Herringbone Blazer,shirt-DS005,Cream/off-white; Visually near-solid; subtle windowpane metadata retained,T015,Navy / fine diagonal stripe,pants-PG003,Very light grey,shoe-1,Christian Louboutin Dress Shoes — Black Single Monk,watch-AP09,Audemars Piguet — RO Dark Blue,B03,DS005,9.319203,9.340329,"The tie is deeper than the shirt, giving a readable focal point. Pattern scale and prominence leave a clear visual hierarchy. Separate trousers have deliberate colour/value separation from the blazer."
B03,research,2,"{""blazerId"":""B03"",""pantId"":""PG001"",""shirtId"":""DS004"",""state"":""T005"",""shoeId"":""shoe-1"",""watchId"":""watch-AP09""}",blazer-2,Mid-Blue / Slate-Blue Herringbone Blazer,shirt-DS004,DS004 - source-repaired collar/body pilot,T005,Dark brown / gold medallions,pants-PG001,Prada — Dark grey (Cream lining),shoe-1,Christian Louboutin Dress Shoes — Black Single Monk,watch-AP09,Audemars Piguet — RO Dark Blue,B03,DS004,9.278527,9.20398,"The tie is deeper than the shirt, giving a readable focal point. A recorded accent links the tie to another garment. Separate trousers have deliberate colour/value separation from the blazer."
B03,research,3,"{""blazerId"":""B03"",""pantId"":""PB001"",""shirtId"":""DS006"",""state"":""T004"",""shoeId"":""shoe-2"",""watchId"":""watch-R09""}",blazer-2,Mid-Blue / Slate-Blue Herringbone Blazer,shirt-DS006,Brunello Cucinelli — light blue solid,T004,Burnt-orange near-solid geometric,pants-PB001,"Charles Tyrwhitt — Chino Navy (34W 30L, Slim Fit)",shoe-2,Berluti Dress Shoes — Black Double Monk,watch-R09,Rolex — Datejust White Dial,B03,DS006,9.277561,8.914506,"The tie is deeper than the shirt, giving a readable focal point. Pattern scale and prominence leave a clear visual hierarchy. Separate trousers have deliberate colour/value separation from the blazer."
B03,research,4,"{""blazerId"":""B03"",""pantId"":""PG003"",""shirtId"":""DS002"",""state"":""T035"",""shoeId"":""shoe-2"",""watchId"":""watch-R09""}",blazer-2,Mid-Blue / Slate-Blue Herringbone Blazer,shirt-DS002,DS002 - source-repaired collar/body pilot,T035,Navy / blue monogram,pants-PG003,Very light grey,shoe-2,Berluti Dress Shoes — Black Double Monk,watch-R09,Rolex — Datejust White Dial,B03,DS002,9.285484,9.175461,"The tie is deeper than the shirt, giving a readable focal point. Pattern scale and prominence leave a clear visual hierarchy. A recorded accent links the tie to another garment. Separate trousers have deliberate colour/value separation from the blazer."
B03,research,5,"{""blazerId"":""B03"",""pantId"":""PG001"",""shirtId"":""DS025"",""state"":""T012"",""shoeId"":""shoe-3"",""watchId"":""watch-R11""}",blazer-2,Mid-Blue / Slate-Blue Herringbone Blazer,shirt-DS025,Light pink; Solid,T012,Black tonal lattice,pants-PG001,Prada — Dark grey (Cream lining),shoe-3,Ecco Dress Shoes — Black Oxford/Derby,watch-R11,Rolex — Day-Date Green,B03,DS025,9.194337,9.375132,"The tie is deeper than the shirt, giving a readable focal point. Pattern scale and prominence leave a clear visual hierarchy. Separate trousers have deliberate colour/value separation from the blazer."
B03,research,6,"{""blazerId"":""B03"",""pantId"":""PB001"",""shirtId"":""DS007"",""state"":""T004"",""shoeId"":""shoe-3"",""watchId"":""watch-R11""}",blazer-2,Mid-Blue / Slate-Blue Herringbone Blazer,shirt-DS007,Paul Fredrick — Light blue micro-check,T004,Burnt-orange near-solid geometric,pants-PB001,"Charles Tyrwhitt — Chino Navy (34W 30L, Slim Fit)",shoe-3,Ecco Dress Shoes — Black Oxford/Derby,watch-R11,Rolex — Day-Date Green,B03,DS007,9.274018,8.688256,"The tie is deeper than the shirt, giving a readable focal point. Pattern scale and prominence leave a clear visual hierarchy. Separate trousers have deliberate colour/value separation from the blazer."
B03,research,7,"{""blazerId"":""B03"",""pantId"":""PN002"",""shirtId"":""DS005"",""state"":""T015"",""shoeId"":""shoe-4"",""watchId"":""watch-R13""}",blazer-2,Mid-Blue / Slate-Blue Herringbone Blazer,shirt-DS005,Cream/off-white; Visually near-solid; subtle windowpane metadata retained,T015,Navy / fine diagonal stripe,pants-PN002,The Rising Sun Mfg Co. — Chino Light stone/grey-beige (Leather patch),shoe-4,Christian Louboutin Dress Shoes — Dark Brown Derby Lace-up,watch-R13,Rolex — Day-Date Champagne,B03,DS005,9.294031,9.297829,"The tie is deeper than the shirt, giving a readable focal point. Pattern scale and prominence leave a clear visual hierarchy. Separate trousers have deliberate colour/value separation from the blazer."
B03,research,8,"{""blazerId"":""B03"",""pantId"":""PN002"",""shirtId"":""DS014"",""state"":""T039"",""shoeId"":""shoe-4"",""watchId"":""watch-R13""}",blazer-2,Mid-Blue / Slate-Blue Herringbone Blazer,shirt-DS014,White; Solid,T039,Navy / light-blue floral,pants-PN002,The Rising Sun Mfg Co. — Chino Light stone/grey-beige (Leather patch),shoe-4,Christian Louboutin Dress Shoes — Dark Brown Derby Lace-up,watch-R13,Rolex — Day-Date Champagne,B03,DS014,9.20481,9.406678,"The tie is deeper than the shirt, giving a readable focal point. Pattern scale and prominence leave a clear visual hierarchy. A recorded accent links the tie to another garment. Separate trousers have deliberate colour/value separation from the blazer."
B03,research,9,"{""blazerId"":""B03"",""pantId"":""PB002"",""shirtId"":""DS007"",""state"":""T003"",""shoeId"":""shoe-0"",""watchId"":""watch-R14""}",blazer-2,Mid-Blue / Slate-Blue Herringbone Blazer,shirt-DS007,Paul Fredrick — Light blue micro-check,T003,Rust / blue-grey linked scroll,pants-PB002,"Nordstrom — Navy (Workers United label, previously unbranded)",shoe-0,Louis Vuitton Dress Shoes — Black Embossed Monogram Lace-up,watch-R14,Rolex — Day-Date White Roman,B03,DS007,9.226802,8.967664,"The tie is deeper than the shirt, giving a readable focal point. Pattern scale and prominence leave a clear visual hierarchy. A recorded accent links the tie to another garment. Separate trousers have deliberate colour/value separation from the blazer."
B03,research,10,"{""blazerId"":""B03"",""pantId"":""PT001"",""shirtId"":""DS001"",""state"":""T005"",""shoeId"":""shoe-13"",""watchId"":""watch-R14""}",blazer-2,Mid-Blue / Slate-Blue Herringbone Blazer,shirt-DS001,White; Solid,T005,Dark brown / gold medallions,pants-PT001,Prada — Black (matte) (Triangle logo plate),shoe-13,Hermes Loafers — Black Kelly Hardware,watch-R14,Rolex — Day-Date White Roman,B03,DS001,9.217976,9.251382,"The tie is deeper than the shirt, giving a readable focal point. Separate trousers have deliberate colour/value separation from the blazer."
B03,research,11,"{""blazerId"":""B03"",""pantId"":""PB002"",""shirtId"":""DS006"",""state"":""T003"",""shoeId"":""shoe-0"",""watchId"":""watch-AP06""}",blazer-2,Mid-Blue / Slate-Blue Herringbone Blazer,shirt-DS006,Brunello Cucinelli — light blue solid,T003,Rust / blue-grey linked scroll,pants-PB002,"Nordstrom — Navy (Workers United label, previously unbranded)",shoe-0,Louis Vuitton Dress Shoes — Black Embossed Monogram Lace-up,watch-AP06,"Audemars Piguet — RO Black Dial, Rose Gold",B03,DS006,9.223254,8.932664,"The tie is deeper than the shirt, giving a readable focal point. Pattern scale and prominence leave a clear visual hierarchy. A recorded accent links the tie to another garment. Separate trousers have deliberate colour/value separation from the blazer."
B03,research,12,"{""blazerId"":""B03"",""pantId"":""PT001"",""shirtId"":""DS008"",""state"":""T018"",""shoeId"":""shoe-13"",""watchId"":""watch-AP06""}",blazer-2,Mid-Blue / Slate-Blue Herringbone Blazer,shirt-DS008,Brunello Cucinelli — White with thin horizontal stripe,T018,Dark brown / slate-blue paisley,pants-PT001,Prada — Black (matte) (Triangle logo plate),shoe-13,Hermes Loafers — Black Kelly Hardware,watch-AP06,"Audemars Piguet — RO Black Dial, Rose Gold",B03,DS008,9.185112,9.332664,"The tie is deeper than the shirt, giving a readable focal point. A recorded accent links the tie to another garment. Separate trousers have deliberate colour/value separation from the blazer."
B03,research,13,"{""blazerId"":""B03"",""pantId"":""PT002"",""shirtId"":""DS002"",""state"":""T035"",""shoeId"":""shoe-8"",""watchId"":""watch-AP10""}",blazer-2,Mid-Blue / Slate-Blue Herringbone Blazer,shirt-DS002,DS002 - source-repaired collar/body pilot,T035,Navy / blue monogram,pants-PT002,Theory — Black (Size 32),shoe-8,Gucci Loafers — Black Horsebit,watch-AP10,Audemars Piguet — RO Blue RG Bracelet,B03,DS002,9.215569,9.19171,"The tie is deeper than the shirt, giving a readable focal point. Pattern scale and prominence leave a clear visual hierarchy. A recorded accent links the tie to another garment. Separate trousers have deliberate colour/value separation from the blazer."
B03,research,14,"{""blazerId"":""B03"",""pantId"":""PT002"",""shirtId"":""DS014"",""state"":""T018"",""shoeId"":""shoe-8"",""watchId"":""watch-AP10""}",blazer-2,Mid-Blue / Slate-Blue Herringbone Blazer,shirt-DS014,White; Solid,T018,Dark brown / slate-blue paisley,pants-PT002,Theory — Black (Size 32),shoe-8,Gucci Loafers — Black Horsebit,watch-AP10,Audemars Piguet — RO Blue RG Bracelet,B03,DS014,9.185628,9.365691,"The tie is deeper than the shirt, giving a readable focal point. A recorded accent links the tie to another garment. Separate trousers have deliberate colour/value separation from the blazer."
B03,research,15,"{""blazerId"":""B03"",""pantId"":""PB003"",""shirtId"":""DS023"",""state"":""NO_TIE"",""shoeId"":""shoe-11"",""watchId"":""watch-AP13""}",blazer-2,Mid-Blue / Slate-Blue Herringbone Blazer,shirt-DS023,Deep burgundy/oxblood; Solid color with micro-texture,,No tie,pants-PB003,Theory — Navy (Size 32),shoe-11,"Gucci Loafers — Dark Espresso Brown/Oxblood Horsebit, Polished Leather",watch-AP13,Audemars Piguet — RO Blue RG Leather,B03,DS023,9.092245,9.005789,Open collar keeps the outfit uncluttered; no missing-tie penalty. Pattern scale and prominence leave a clear visual hierarchy. Separate trousers have deliberate colour/value separation from the blazer.
B04,baseline_curated,1,"{""blazerId"":""B04"",""shirtId"":""DS024"",""state"":""T030"",""shoeId"":""shoe-2"",""watchId"":""watch-AP09"",""pantId"":""PG003""}",blazer-3,Dark / Midnight Navy Tonal Check Blazer,shirt-DS024,Pale pink; Solid,T030,Aubergine tonal geometric,pants-PG003,Very light grey,shoe-2,Berluti Dress Shoes — Black Double Monk,watch-AP09,Audemars Piguet — RO Dark Blue,B04,DS024,,9.371645,Pale pink and quiet aubergine against dark navy tonal check.
B04,baseline_curated,2,"{""blazerId"":""B04"",""shirtId"":""DS001"",""state"":""T025"",""shoeId"":""shoe-3"",""watchId"":""watch-R03"",""pantId"":""PG001""}",blazer-3,Dark / Midnight Navy Tonal Check Blazer,shirt-DS001,White; Solid,T025,Muted slate-brown / wine paisley,pants-PG001,Prada — Dark grey (Cream lining),shoe-3,Ecco Dress Shoes — Black Oxford/Derby,watch-R03,Rolex — Daytona Panda,B04,DS001,,8.778947,White and slate/wine organic detail with a clean navy-grey foundation.
B04,baseline_heuristic,1,"{""blazerId"":""B04"",""pantId"":""PN002"",""shirtId"":""DS006"",""state"":""NO_TIE"",""shoeId"":""shoe-13"",""watchId"":""watch-AP09""}",blazer-3,Dark / Midnight Navy Tonal Check Blazer,shirt-DS006,Brunello Cucinelli — light blue solid,,No tie,pants-PN002,The Rising Sun Mfg Co. — Chino Light stone/grey-beige (Leather patch),shoe-13,Hermes Loafers — Black Kelly Hardware,watch-AP09,Audemars Piguet — RO Dark Blue,B04,DS006,9.097855,9.426579,Open collar has its own readable value/texture structure on the same quality scale; no missing-tie penalty.
B04,baseline_heuristic,2,"{""blazerId"":""B04"",""pantId"":""PN002"",""shirtId"":""DS025"",""state"":""T041"",""shoeId"":""shoe-13"",""watchId"":""watch-AP09""}",blazer-3,Dark / Midnight Navy Tonal Check Blazer,shirt-DS025,Light pink; Solid,T041,Silver / navy monogram,pants-PN002,The Rising Sun Mfg Co. — Chino Light stone/grey-beige (Leather patch),shoe-13,Hermes Loafers — Black Kelly Hardware,watch-AP09,Audemars Piguet — RO Dark Blue,B04,DS025,9.095869,9.30852,Tie gives a clear focal point; jacket-shirt contrast need not be maximized.
B04,baseline_heuristic,3,"{""blazerId"":""B04"",""pantId"":""PG002"",""shirtId"":""DS022"",""state"":""T036"",""shoeId"":""shoe-17"",""watchId"":""watch-R09""}",blazer-3,Dark / Midnight Navy Tonal Check Blazer,shirt-DS022,Darker lavender; Solid,T036,Purple / grey ornamental medallions,pants-PG002,Nordstrom Mens Shop — Grey (Brushed/flannel),shoe-17,Louis Vuitton Loafers — Black Damier,watch-R09,Rolex — Datejust White Dial,B04,DS022,9.071202,9.034441,Tie gives a clear focal point; jacket-shirt contrast need not be maximized.
B04,baseline_heuristic,4,"{""blazerId"":""B04"",""pantId"":""PG002"",""shirtId"":""DS014"",""state"":""T010"",""shoeId"":""shoe-17"",""watchId"":""watch-R09""}",blazer-3,Dark / Midnight Navy Tonal Check Blazer,shirt-DS014,White; Solid,T010,Near-black / white spaced dots,pants-PG002,Nordstrom Mens Shop — Grey (Brushed/flannel),shoe-17,Louis Vuitton Loafers — Black Damier,watch-R09,Rolex — Datejust White Dial,B04,DS014,9.087142,9.211546,Tie gives a clear focal point; jacket-shirt contrast need not be maximized.
B04,baseline_heuristic,5,"{""blazerId"":""B04"",""pantId"":""PG003"",""shirtId"":""DS005"",""state"":""T024"",""shoeId"":""shoe-8"",""watchId"":""watch-R11""}",blazer-3,Dark / Midnight Navy Tonal Check Blazer,shirt-DS005,Cream/off-white; Visually near-solid; subtle windowpane metadata retained,T024,Royal blue / beige-gold paisley,pants-PG003,Very light grey,shoe-8,Gucci Loafers — Black Horsebit,watch-R11,Rolex — Day-Date Green,B04,DS005,9.068431,9.003651,Tie gives a clear focal point; jacket-shirt contrast need not be maximized.
B04,baseline_heuristic,6,"{""blazerId"":""B04"",""pantId"":""PG003"",""shirtId"":""DS006"",""state"":""T004"",""shoeId"":""shoe-8"",""watchId"":""watch-R11""}",blazer-3,Dark / Midnight Navy Tonal Check Blazer,shirt-DS006,Brunello Cucinelli — light blue solid,T004,Burnt-orange near-solid geometric,pants-PG003,Very light grey,shoe-8,Gucci Loafers — Black Horsebit,watch-R11,Rolex — Day-Date Green,B04,DS006,9.095461,9.30398,Tie gives a clear focal point; jacket-shirt contrast need not be maximized.
B04,baseline_heuristic,7,"{""blazerId"":""B04"",""pantId"":""PT001"",""shirtId"":""DS025"",""state"":""T024"",""shoeId"":""shoe-15"",""watchId"":""watch-R13""}",blazer-3,Dark / Midnight Navy Tonal Check Blazer,shirt-DS025,Light pink; Solid,T024,Royal blue / beige-gold paisley,pants-PT001,Prada — Black (matte) (Triangle logo plate),shoe-15,Loro Piana Loafers — Brown Suede Penny,watch-R13,Rolex — Day-Date Champagne,B04,DS025,9.086719,9.21102,Tie gives a clear focal point; jacket-shirt contrast need not be maximized.
B04,baseline_heuristic,8,"{""blazerId"":""B04"",""pantId"":""PT001"",""shirtId"":""DS008"",""state"":""T044"",""shoeId"":""shoe-15"",""watchId"":""watch-R13""}",blazer-3,Dark / Midnight Navy Tonal Check Blazer,shirt-DS008,Brunello Cucinelli — White with thin horizontal stripe,T044,Silver-grey tonal floral-paisley,pants-PT001,Prada — Black (matte) (Triangle logo plate),shoe-15,Loro Piana Loafers — Brown Suede Penny,watch-R13,Rolex — Day-Date Champagne,B04,DS008,9.081793,9.156283,Tie gives a clear focal point; jacket-shirt contrast need not be maximized.
B04,baseline_heuristic,9,"{""blazerId"":""B04"",""pantId"":""PT002"",""shirtId"":""DS007"",""state"":""T044"",""shoeId"":""shoe-11"",""watchId"":""watch-R14""}",blazer-3,Dark / Midnight Navy Tonal Check Blazer,shirt-DS007,Paul Fredrick — Light blue micro-check,T044,Silver-grey tonal floral-paisley,pants-PT002,Theory — Black (Size 32),shoe-11,"Gucci Loafers — Dark Espresso Brown/Oxblood Horsebit, Polished Leather",watch-R14,Rolex — Day-Date White Roman,B04,DS007,9.080651,9.168586,Tie gives a clear focal point; jacket-shirt contrast need not be maximized.
B04,baseline_heuristic,10,"{""blazerId"":""B04"",""pantId"":""PT002"",""shirtId"":""DS007"",""state"":""T010"",""shoeId"":""shoe-11"",""watchId"":""watch-R14""}",blazer-3,Dark / Midnight Navy Tonal Check Blazer,shirt-DS007,Paul Fredrick — Light blue micro-check,T010,Near-black / white spaced dots,pants-PT002,Theory — Black (Size 32),shoe-11,"Gucci Loafers — Dark Espresso Brown/Oxblood Horsebit, Polished Leather",watch-R14,Rolex — Day-Date White Roman,B04,DS007,9.076636,9.12398,Tie gives a clear focal point; jacket-shirt contrast need not be maximized.
B04,baseline_heuristic,11,"{""blazerId"":""B04"",""pantId"":""PT003"",""shirtId"":""DS005"",""state"":""T041"",""shoeId"":""shoe-14"",""watchId"":""watch-AP06""}",blazer-3,Dark / Midnight Navy Tonal Check Blazer,shirt-DS005,Cream/off-white; Visually near-solid; subtle windowpane metadata retained,T041,Silver / navy monogram,pants-PT003,Burberry — Black (Perforated mesh panel),shoe-14,"Hermes Loafers — Cognac/Chestnut Kelly Hardware, Dark Espresso Patina",watch-AP06,"Audemars Piguet — RO Black Dial, Rose Gold",B04,DS005,9.064281,9.087401,Tie gives a clear focal point; jacket-shirt contrast need not be maximized.
B04,baseline_heuristic,12,"{""blazerId"":""B04"",""pantId"":""PT003"",""shirtId"":""DS014"",""state"":""T011"",""shoeId"":""shoe-14"",""watchId"":""watch-AP06""}",blazer-3,Dark / Midnight Navy Tonal Check Blazer,shirt-DS014,White; Solid,T011,Near-black / fine white dots,pants-PT003,Burberry — Black (Perforated mesh panel),shoe-14,"Hermes Loafers — Cognac/Chestnut Kelly Hardware, Dark Espresso Patina",watch-AP06,"Audemars Piguet — RO Black Dial, Rose Gold",B04,DS014,9.068592,9.135296,Tie gives a clear focal point; jacket-shirt contrast need not be maximized.
B04,baseline_heuristic,13,"{""blazerId"":""B04"",""pantId"":""PT004"",""shirtId"":""DS001"",""state"":""T011"",""shoeId"":""shoe-9"",""watchId"":""watch-AP10""}",blazer-3,Dark / Midnight Navy Tonal Check Blazer,shirt-DS001,White; Solid,T011,Near-black / fine white dots,pants-PT004,Zegna — Black (Made in Italy),shoe-9,Gucci Loafers — Cognac Horsebit,watch-AP10,Audemars Piguet — RO Blue RG Bracelet,B04,DS001,9.059142,9.030296,Tie gives a clear focal point; jacket-shirt contrast need not be maximized.
B04,baseline_heuristic,14,"{""blazerId"":""B04"",""pantId"":""PT004"",""shirtId"":""DS019"",""state"":""T028"",""shoeId"":""shoe-9"",""watchId"":""watch-AP10""}",blazer-3,Dark / Midnight Navy Tonal Check Blazer,shirt-DS019,Chestnut/warm mid-brown; Solid,T028,Midnight-navy tonal paisley,pants-PT004,Zegna — Black (Made in Italy),shoe-9,Gucci Loafers — Cognac Horsebit,watch-AP10,Audemars Piguet — RO Blue RG Bracelet,B04,DS019,9.026164,9.063881,Tie gives a clear focal point; jacket-shirt contrast need not be maximized.
B04,baseline_heuristic,15,"{""blazerId"":""B04"",""pantId"":""PT005"",""shirtId"":""DS024"",""state"":""T032"",""shoeId"":""shoe-19"",""watchId"":""watch-AP13""}",blazer-3,Dark / Midnight Navy Tonal Check Blazer,shirt-DS024,Pale pink; Solid,T032,Purple / navy-white diagonal stripe,pants-PT005,Prada — Black (shiny/satin) (Triangle logo plate),shoe-19,Louis Vuitton Loafers — Black Monogram,watch-AP13,Audemars Piguet — RO Blue RG Leather,B04,DS024,9.051969,8.96102,Tie gives a clear focal point; jacket-shirt contrast need not be maximized.
B04,research,1,"{""blazerId"":""B04"",""pantId"":""PG003"",""shirtId"":""DS005"",""state"":""T015"",""shoeId"":""shoe-1"",""watchId"":""watch-AP09""}",blazer-3,Dark / Midnight Navy Tonal Check Blazer,shirt-DS005,Cream/off-white; Visually near-solid; subtle windowpane metadata retained,T015,Navy / fine diagonal stripe,pants-PG003,Very light grey,shoe-1,Christian Louboutin Dress Shoes — Black Single Monk,watch-AP09,Audemars Piguet — RO Dark Blue,B04,DS005,9.435139,9.076974,"The tie is deeper than the shirt, giving a readable focal point. Pattern scale and prominence leave a clear visual hierarchy. Separate trousers have deliberate colour/value separation from the blazer."
B04,research,2,"{""blazerId"":""B04"",""pantId"":""PG003"",""shirtId"":""DS002"",""state"":""T028"",""shoeId"":""shoe-1"",""watchId"":""watch-AP09""}",blazer-3,Dark / Midnight Navy Tonal Check Blazer,shirt-DS002,DS002 - source-repaired collar/body pilot,T028,Midnight-navy tonal paisley,pants-PG003,Very light grey,shoe-1,Christian Louboutin Dress Shoes — Black Single Monk,watch-AP09,Audemars Piguet — RO Dark Blue,B04,DS002,9.383102,8.462369,"The tie is deeper than the shirt, giving a readable focal point. Pattern scale and prominence leave a clear visual hierarchy. Separate trousers have deliberate colour/value separation from the blazer."
B04,research,3,"{""blazerId"":""B04"",""pantId"":""PG002"",""shirtId"":""DS014"",""state"":""T015"",""shoeId"":""shoe-2"",""watchId"":""watch-R09""}",blazer-3,Dark / Midnight Navy Tonal Check Blazer,shirt-DS014,White; Solid,T015,Navy / fine diagonal stripe,pants-PG002,Nordstrom Mens Shop — Grey (Brushed/flannel),shoe-2,Berluti Dress Shoes — Black Double Monk,watch-R09,Rolex — Datejust White Dial,B04,DS014,9.364714,9.111973,"The tie is deeper than the shirt, giving a readable focal point. Pattern scale and prominence leave a clear visual hierarchy. Separate trousers have deliberate colour/value separation from the blazer."
B04,research,4,"{""blazerId"":""B04"",""pantId"":""PG002"",""shirtId"":""DS005"",""state"":""T022"",""shoeId"":""shoe-2"",""watchId"":""watch-R09""}",blazer-3,Dark / Midnight Navy Tonal Check Blazer,shirt-DS005,Cream/off-white; Visually near-solid; subtle windowpane metadata retained,T022,Deep navy tonal honeycomb,pants-PG002,Nordstrom Mens Shop — Grey (Brushed/flannel),shoe-2,Berluti Dress Shoes — Black Double Monk,watch-R09,Rolex — Datejust White Dial,B04,DS005,9.383358,9.193026,"The tie is deeper than the shirt, giving a readable focal point. Pattern scale and prominence leave a clear visual hierarchy. Separate trousers have deliberate colour/value separation from the blazer."
B04,research,5,"{""blazerId"":""B04"",""pantId"":""PN002"",""shirtId"":""DS002"",""state"":""T028"",""shoeId"":""shoe-4"",""watchId"":""watch-R11""}",blazer-3,Dark / Midnight Navy Tonal Check Blazer,shirt-DS002,DS002 - source-repaired collar/body pilot,T028,Midnight-navy tonal paisley,pants-PN002,The Rising Sun Mfg Co. — Chino Light stone/grey-beige (Leather patch),shoe-4,Christian Louboutin Dress Shoes — Dark Brown Derby Lace-up,watch-R11,Rolex — Day-Date Green,B04,DS002,9.359035,8.490494,"The tie is deeper than the shirt, giving a readable focal point. Pattern scale and prominence leave a clear visual hierarchy. Separate trousers have deliberate colour/value separation from the blazer."
B04,research,6,"{""blazerId"":""B04"",""pantId"":""PN002"",""shirtId"":""DS001"",""state"":""T022"",""shoeId"":""shoe-4"",""watchId"":""watch-R11""}",blazer-3,Dark / Midnight Navy Tonal Check Blazer,shirt-DS001,White; Solid,T022,Deep navy tonal honeycomb,pants-PN002,The Rising Sun Mfg Co. — Chino Light stone/grey-beige (Leather patch),shoe-4,Christian Louboutin Dress Shoes — Dark Brown Derby Lace-up,watch-R11,Rolex — Day-Date Green,B04,DS001,9.309271,9.130526,"The tie is deeper than the shirt, giving a readable focal point. Pattern scale and prominence leave a clear visual hierarchy. Separate trousers have deliberate colour/value separation from the blazer."
B04,research,7,"{""blazerId"":""B04"",""pantId"":""PT001"",""shirtId"":""DS006"",""state"":""T004"",""shoeId"":""shoe-3"",""watchId"":""watch-R13""}",blazer-3,Dark / Midnight Navy Tonal Check Blazer,shirt-DS006,Brunello Cucinelli — light blue solid,T004,Burnt-orange near-solid geometric,pants-PT001,Prada — Black (matte) (Triangle logo plate),shoe-3,Ecco Dress Shoes — Black Oxford/Derby,watch-R13,Rolex — Day-Date Champagne,B04,DS006,9.204937,9.26273,"The tie is deeper than the shirt, giving a readable focal point. Pattern scale and prominence leave a clear visual hierarchy. Separate trousers have deliberate colour/value separation from the blazer."
B04,research,8,"{""blazerId"":""B04"",""pantId"":""PT001"",""shirtId"":""DS019"",""state"":""NO_TIE"",""shoeId"":""shoe-13"",""watchId"":""watch-R13""}",blazer-3,Dark / Midnight Navy Tonal Check Blazer,shirt-DS019,Chestnut/warm mid-brown; Solid,,No tie,pants-PT001,Prada — Black (matte) (Triangle logo plate),shoe-13,Hermes Loafers — Black Kelly Hardware,watch-R13,Rolex — Day-Date Champagne,B04,DS019,9.163251,8.514737,Open collar keeps the outfit uncluttered; no missing-tie penalty. Pattern scale and prominence leave a clear visual hierarchy. Separate trousers have deliberate colour/value separation from the blazer.
B04,research,9,"{""blazerId"":""B04"",""pantId"":""PT002"",""shirtId"":""DS001"",""state"":""T031"",""shoeId"":""shoe-3"",""watchId"":""watch-R14""}",blazer-3,Dark / Midnight Navy Tonal Check Blazer,shirt-DS001,White; Solid,T031,Navy / purple-white regimental stripe,pants-PT002,Theory — Black (Size 32),shoe-3,Ecco Dress Shoes — Black Oxford/Derby,watch-R14,Rolex — Day-Date White Roman,B04,DS001,9.288875,8.794276,"The tie is deeper than the shirt, giving a readable focal point. Separate trousers have deliberate colour/value separation from the blazer."
B04,research,10,"{""blazerId"":""B04"",""pantId"":""PT002"",""shirtId"":""DS014"",""state"":""T039"",""shoeId"":""shoe-0"",""watchId"":""watch-R14""}",blazer-3,Dark / Midnight Navy Tonal Check Blazer,shirt-DS014,White; Solid,T039,Navy / light-blue floral,pants-PT002,Theory — Black (Size 32),shoe-0,Louis Vuitton Dress Shoes — Black Embossed Monogram Lace-up,watch-R14,Rolex — Day-Date White Roman,B04,DS014,9.268586,8.784276,"The tie is deeper than the shirt, giving a readable focal point. Pattern scale and prominence leave a clear visual hierarchy. Separate trousers have deliberate colour/value separation from the blazer."
B04,research,11,"{""blazerId"":""B04"",""pantId"":""PT003"",""shirtId"":""DS008"",""state"":""T035"",""shoeId"":""shoe-0"",""watchId"":""watch-AP06""}",blazer-3,Dark / Midnight Navy Tonal Check Blazer,shirt-DS008,Brunello Cucinelli — White with thin horizontal stripe,T035,Navy / blue monogram,pants-PT003,Burberry — Black (Perforated mesh panel),shoe-0,Louis Vuitton Dress Shoes — Black Embossed Monogram Lace-up,watch-AP06,"Audemars Piguet — RO Black Dial, Rose Gold",B04,DS008,9.266194,8.823158,"The tie is deeper than the shirt, giving a readable focal point. Pattern scale and prominence leave a clear visual hierarchy. Separate trousers have deliberate colour/value separation from the blazer."
B04,research,12,"{""blazerId"":""B04"",""pantId"":""PT003"",""shirtId"":""DS004"",""state"":""T035"",""shoeId"":""shoe-13"",""watchId"":""watch-AP06""}",blazer-3,Dark / Midnight Navy Tonal Check Blazer,shirt-DS004,DS004 - source-repaired collar/body pilot,T035,Navy / blue monogram,pants-PT003,Burberry — Black (Perforated mesh panel),shoe-13,Hermes Loafers — Black Kelly Hardware,watch-AP06,"Audemars Piguet — RO Black Dial, Rose Gold",B04,DS004,9.258246,8.788158,"The tie is deeper than the shirt, giving a readable focal point. Pattern scale and prominence leave a clear visual hierarchy. Separate trousers have deliberate colour/value separation from the blazer."
B04,research,13,"{""blazerId"":""B04"",""pantId"":""PT004"",""shirtId"":""DS004"",""state"":""T031"",""shoeId"":""shoe-8"",""watchId"":""watch-AP10""}",blazer-3,Dark / Midnight Navy Tonal Check Blazer,shirt-DS004,DS004 - source-repaired collar/body pilot,T031,Navy / purple-white regimental stripe,pants-PT004,Zegna — Black (Made in Italy),shoe-8,Gucci Loafers — Black Horsebit,watch-AP10,Audemars Piguet — RO Blue RG Bracelet,B04,DS004,9.254269,8.231908,"The tie is deeper than the shirt, giving a readable focal point. Separate trousers have deliberate colour/value separation from the blazer."
B04,research,14,"{""blazerId"":""B04"",""pantId"":""PT004"",""shirtId"":""DS008"",""state"":""T033"",""shoeId"":""shoe-8"",""watchId"":""watch-AP10""}",blazer-3,Dark / Midnight Navy Tonal Check Blazer,shirt-DS008,Brunello Cucinelli — White with thin horizontal stripe,T033,Dark navy / blue-gold monogram,pants-PT004,Zegna — Black (Made in Italy),shoe-8,Gucci Loafers — Black Horsebit,watch-AP10,Audemars Piguet — RO Blue RG Bracelet,B04,DS008,9.258246,8.788158,"The tie is deeper than the shirt, giving a readable focal point. Pattern scale and prominence leave a clear visual hierarchy. Separate trousers have deliberate colour/value separation from the blazer."
B04,research,15,"{""blazerId"":""B04"",""pantId"":""PT005"",""shirtId"":""DS025"",""state"":""T012"",""shoeId"":""shoe-17"",""watchId"":""watch-AP13""}",blazer-3,Dark / Midnight Navy Tonal Check Blazer,shirt-DS025,Light pink; Solid,T012,Black tonal lattice,pants-PT005,Prada — Black (shiny/satin) (Triangle logo plate),shoe-17,Louis Vuitton Loafers — Black Damier,watch-AP13,Audemars Piguet — RO Blue RG Leather,B04,DS025,9.156436,8.685,"The tie is deeper than the shirt, giving a readable focal point. Pattern scale and prominence leave a clear visual hierarchy. Separate trousers have deliberate colour/value separation from the blazer."
B05,baseline_curated,1,"{""blazerId"":""B05"",""shirtId"":""DS006"",""state"":""T018"",""shoeId"":""shoe-4"",""watchId"":""watch-P02"",""pantId"":""PG003""}",blazer-source-B05,Chocolate Brown Tonal Monogram / Geometric Blazer,shirt-DS006,Brunello Cucinelli — light blue solid,T018,Dark brown / slate-blue paisley,pants-PG003,Very light grey,shoe-4,Christian Louboutin Dress Shoes — Dark Brown Derby Lace-up,watch-P02,Patek Philippe — Aquanaut Chocolate RG,B05,DS006,,9.197171,Light blue and brown/slate paisley link a chocolate motif jacket with pale grey trousers.
B05,baseline_curated,2,"{""blazerId"":""B05"",""shirtId"":""DS005"",""state"":""NO_TIE"",""shoeId"":""shoe-15"",""watchId"":""watch-R13"",""pantId"":""PB001""}",blazer-source-B05,Chocolate Brown Tonal Monogram / Geometric Blazer,shirt-DS005,Cream/off-white; Visually near-solid; subtle windowpane metadata retained,,No tie,pants-PB001,"Charles Tyrwhitt — Chino Navy (34W 30L, Slim Fit)",shoe-15,Loro Piana Loafers — Brown Suede Penny,watch-R13,Rolex — Day-Date Champagne,B05,DS005,,8.772895,A quiet cream windowpane and navy trousers allow the chocolate jacket motif to lead.
B05,baseline_heuristic,1,"{""blazerId"":""B05"",""pantId"":""PN002"",""shirtId"":""DS025"",""state"":""T024"",""shoeId"":""shoe-15"",""watchId"":""watch-AP06""}",blazer-source-B05,Chocolate Brown Tonal Monogram / Geometric Blazer,shirt-DS025,Light pink; Solid,T024,Royal blue / beige-gold paisley,pants-PN002,The Rising Sun Mfg Co. — Chino Light stone/grey-beige (Leather patch),shoe-15,Loro Piana Loafers — Brown Suede Penny,watch-AP06,"Audemars Piguet — RO Black Dial, Rose Gold",B05,DS025,9.117192,9.456546,Tie gives a clear focal point; jacket-shirt contrast need not be maximized.
B05,baseline_heuristic,2,"{""blazerId"":""B05"",""pantId"":""PG003"",""shirtId"":""DS027"",""state"":""T010"",""shoeId"":""shoe-15"",""watchId"":""watch-AP06""}",blazer-source-B05,Chocolate Brown Tonal Monogram / Geometric Blazer,shirt-DS027,White/light ground; Bengal stripe,T010,Near-black / white spaced dots,pants-PG003,Very light grey,shoe-15,Loro Piana Loafers — Brown Suede Penny,watch-AP06,"Audemars Piguet — RO Black Dial, Rose Gold",B05,DS027,9.110229,9.379178,Tie gives a clear focal point; jacket-shirt contrast need not be maximized.
B05,baseline_heuristic,3,"{""blazerId"":""B05"",""pantId"":""PN002"",""shirtId"":""DS002"",""state"":""NO_TIE"",""shoeId"":""shoe-11"",""watchId"":""watch-AP10""}",blazer-source-B05,Chocolate Brown Tonal Monogram / Geometric Blazer,shirt-DS002,DS002 - source-repaired collar/body pilot,,No tie,pants-PN002,The Rising Sun Mfg Co. — Chino Light stone/grey-beige (Leather patch),shoe-11,"Gucci Loafers — Dark Espresso Brown/Oxblood Horsebit, Polished Leather",watch-AP10,Audemars Piguet — RO Blue RG Bracelet,B05,DS002,9.098205,9.366579,Open collar has its own readable value/texture structure on the same quality scale; no missing-tie penalty.
B05,baseline_heuristic,4,"{""blazerId"":""B05"",""pantId"":""PG003"",""shirtId"":""DS006"",""state"":""T033"",""shoeId"":""shoe-11"",""watchId"":""watch-AP10""}",blazer-source-B05,Chocolate Brown Tonal Monogram / Geometric Blazer,shirt-DS006,Brunello Cucinelli — light blue solid,T033,Dark navy / blue-gold monogram,pants-PG003,Very light grey,shoe-11,"Gucci Loafers — Dark Espresso Brown/Oxblood Horsebit, Polished Leather",watch-AP10,Audemars Piguet — RO Blue RG Bracelet,B05,DS006,9.108417,9.384046,Tie gives a clear focal point; jacket-shirt contrast need not be maximized.
B05,baseline_heuristic,5,"{""blazerId"":""B05"",""pantId"":""PG002"",""shirtId"":""DS018"",""state"":""T014"",""shoeId"":""shoe-13"",""watchId"":""watch-AP13""}",blazer-source-B05,Chocolate Brown Tonal Monogram / Geometric Blazer,shirt-DS018,Mauve/rose; Prince of Wales/glen check,T014,Dark ground / silver ring dots,pants-PG002,Nordstrom Mens Shop — Grey (Brushed/flannel),shoe-13,Hermes Loafers — Black Kelly Hardware,watch-AP13,Audemars Piguet — RO Blue RG Leather,B05,DS018,9.0965,9.309967,Tie gives a clear focal point; jacket-shirt contrast need not be maximized.
B05,baseline_heuristic,6,"{""blazerId"":""B05"",""pantId"":""PG002"",""shirtId"":""DS014"",""state"":""T046"",""shoeId"":""shoe-13"",""watchId"":""watch-AP13""}",blazer-source-B05,Chocolate Brown Tonal Monogram / Geometric Blazer,shirt-DS014,White; Solid,T046,Pink / silver check,pants-PG002,Nordstrom Mens Shop — Grey (Brushed/flannel),shoe-13,Hermes Loafers — Black Kelly Hardware,watch-AP13,Audemars Piguet — RO Blue RG Leather,B05,DS014,9.091254,9.251678,Tie gives a clear focal point; jacket-shirt contrast need not be maximized.
B05,baseline_heuristic,7,"{""blazerId"":""B05"",""pantId"":""PT001"",""shirtId"":""DS006"",""state"":""T006"",""shoeId"":""shoe-17"",""watchId"":""watch-AP09""}",blazer-source-B05,Chocolate Brown Tonal Monogram / Geometric Blazer,shirt-DS006,Brunello Cucinelli — light blue solid,T006,Dark ground / blue-gold floral,pants-PT001,Prada — Black (matte) (Triangle logo plate),shoe-17,Louis Vuitton Loafers — Black Damier,watch-AP09,Audemars Piguet — RO Dark Blue,B05,DS006,9.100059,9.355066,Tie gives a clear focal point; jacket-shirt contrast need not be maximized.
B05,baseline_heuristic,8,"{""blazerId"":""B05"",""pantId"":""PT001"",""shirtId"":""DS025"",""state"":""T007"",""shoeId"":""shoe-17"",""watchId"":""watch-AP09""}",blazer-source-B05,Chocolate Brown Tonal Monogram / Geometric Blazer,shirt-DS025,Light pink; Solid,T007,Charcoal / pale-pink diagonal lattice,pants-PT001,Prada — Black (matte) (Triangle logo plate),shoe-17,Louis Vuitton Loafers — Black Damier,watch-AP09,Audemars Piguet — RO Dark Blue,B05,DS025,9.091861,9.26398,Tie gives a clear focal point; jacket-shirt contrast need not be maximized.
B05,baseline_heuristic,9,"{""blazerId"":""B05"",""pantId"":""PT002"",""shirtId"":""DS004"",""state"":""T017"",""shoeId"":""shoe-8"",""watchId"":""watch-R09""}",blazer-source-B05,Chocolate Brown Tonal Monogram / Geometric Blazer,shirt-DS004,DS004 - source-repaired collar/body pilot,T017,Pale blue / white paisley,pants-PT002,Theory — Black (Size 32),shoe-8,Gucci Loafers — Black Horsebit,watch-R09,Rolex — Datejust White Dial,B05,DS004,9.096755,9.318355,Tie gives a clear focal point; jacket-shirt contrast need not be maximized.
B05,baseline_heuristic,10,"{""blazerId"":""B05"",""pantId"":""PT002"",""shirtId"":""DS004"",""state"":""T028"",""shoeId"":""shoe-8"",""watchId"":""watch-R09""}",blazer-source-B05,Chocolate Brown Tonal Monogram / Geometric Blazer,shirt-DS004,DS004 - source-repaired collar/body pilot,T028,Midnight-navy tonal paisley,pants-PT002,Theory — Black (Size 32),shoe-8,Gucci Loafers — Black Horsebit,watch-R09,Rolex — Datejust White Dial,B05,DS004,9.094076,9.288585,Tie gives a clear focal point; jacket-shirt contrast need not be maximized.
B05,baseline_heuristic,11,"{""blazerId"":""B05"",""pantId"":""PT003"",""shirtId"":""DS027"",""state"":""T038"",""shoeId"":""shoe-4"",""watchId"":""watch-R11""}",blazer-source-B05,Chocolate Brown Tonal Monogram / Geometric Blazer,shirt-DS027,White/light ground; Bengal stripe,T038,Fuchsia / pale-blue floral,pants-PT003,Burberry — Black (Perforated mesh panel),shoe-4,Christian Louboutin Dress Shoes — Dark Brown Derby Lace-up,watch-R11,Rolex — Day-Date Green,B05,DS027,9.080394,9.194901,Tie gives a clear focal point; jacket-shirt contrast need not be maximized.
B05,baseline_heuristic,12,"{""blazerId"":""B05"",""pantId"":""PT003"",""shirtId"":""DS014"",""state"":""T010"",""shoeId"":""shoe-4"",""watchId"":""watch-R11""}",blazer-source-B05,Chocolate Brown Tonal Monogram / Geometric Blazer,shirt-DS014,White; Solid,T010,Near-black / white spaced dots,pants-PT003,Burberry — Black (Perforated mesh panel),shoe-4,Christian Louboutin Dress Shoes — Dark Brown Derby Lace-up,watch-R11,Rolex — Day-Date Green,B05,DS014,9.09995,9.412204,Tie gives a clear focal point; jacket-shirt contrast need not be maximized.
B05,baseline_heuristic,13,"{""blazerId"":""B05"",""pantId"":""PT004"",""shirtId"":""DS007"",""state"":""T024"",""shoeId"":""shoe-49"",""watchId"":""watch-R13""}",blazer-source-B05,Chocolate Brown Tonal Monogram / Geometric Blazer,shirt-DS007,Paul Fredrick — Light blue micro-check,T024,Royal blue / beige-gold paisley,pants-PT004,Zegna — Black (Made in Italy),shoe-49,"Berluti Dress Shoes — Alessandro Infini Alto Oxford, Venezia calf, brown patina, lug sole",watch-R13,Rolex — Day-Date Champagne,B05,DS007,9.087322,9.271875,Tie gives a clear focal point; jacket-shirt contrast need not be maximized.
B05,baseline_heuristic,14,"{""blazerId"":""B05"",""pantId"":""PT004"",""shirtId"":""DS024"",""state"":""T025"",""shoeId"":""shoe-49"",""watchId"":""watch-R13""}",blazer-source-B05,Chocolate Brown Tonal Monogram / Geometric Blazer,shirt-DS024,Pale pink; Solid,T025,Muted slate-brown / wine paisley,pants-PT004,Zegna — Black (Made in Italy),shoe-49,"Berluti Dress Shoes — Alessandro Infini Alto Oxford, Venezia calf, brown patina, lug sole",watch-R13,Rolex — Day-Date Champagne,B05,DS024,9.08175,9.209967,Tie gives a clear focal point; jacket-shirt contrast need not be maximized.
B05,baseline_heuristic,15,"{""blazerId"":""B05"",""pantId"":""PT005"",""shirtId"":""DS007"",""state"":""T039"",""shoeId"":""shoe-5"",""watchId"":""watch-R14""}",blazer-source-B05,Chocolate Brown Tonal Monogram / Geometric Blazer,shirt-DS007,Paul Fredrick — Light blue micro-check,T039,Navy / light-blue floral,pants-PT005,Prada — Black (shiny/satin) (Triangle logo plate),shoe-5,Ecco Dress Shoes — Brown Oxford/Derby,watch-R14,Rolex — Day-Date White Roman,B05,DS007,9.094267,9.349046,Tie gives a clear focal point; jacket-shirt contrast need not be maximized.
B05,research,1,"{""blazerId"":""B05"",""pantId"":""PG003"",""shirtId"":""DS005"",""state"":""T015"",""shoeId"":""shoe-1"",""watchId"":""watch-AP06""}",blazer-source-B05,Chocolate Brown Tonal Monogram / Geometric Blazer,shirt-DS005,Cream/off-white; Visually near-solid; subtle windowpane metadata retained,T015,Navy / fine diagonal stripe,pants-PG003,Very light grey,shoe-1,Christian Louboutin Dress Shoes — Black Single Monk,watch-AP06,"Audemars Piguet — RO Black Dial, Rose Gold",B05,DS005,9.306769,9.277434,"The tie is deeper than the shirt, giving a readable focal point. Pattern scale and prominence leave a clear visual hierarchy. Separate trousers have deliberate colour/value separation from the blazer."
B05,research,2,"{""blazerId"":""B05"",""pantId"":""PG002"",""shirtId"":""DS014"",""state"":""T005"",""shoeId"":""shoe-1"",""watchId"":""watch-AP06""}",blazer-source-B05,Chocolate Brown Tonal Monogram / Geometric Blazer,shirt-DS014,White; Solid,T005,Dark brown / gold medallions,pants-PG002,Nordstrom Mens Shop — Grey (Brushed/flannel),shoe-1,Christian Louboutin Dress Shoes — Black Single Monk,watch-AP06,"Audemars Piguet — RO Black Dial, Rose Gold",B05,DS014,9.228603,9.105428,"The tie is deeper than the shirt, giving a readable focal point. A recorded accent links the tie to another garment. Separate trousers have deliberate colour/value separation from the blazer."
B05,research,3,"{""blazerId"":""B05"",""pantId"":""PB001"",""shirtId"":""DS006"",""state"":""T004"",""shoeId"":""shoe-2"",""watchId"":""watch-AP10""}",blazer-source-B05,Chocolate Brown Tonal Monogram / Geometric Blazer,shirt-DS006,Brunello Cucinelli — light blue solid,T004,Burnt-orange near-solid geometric,pants-PB001,"Charles Tyrwhitt — Chino Navy (34W 30L, Slim Fit)",shoe-2,Berluti Dress Shoes — Black Double Monk,watch-AP10,Audemars Piguet — RO Blue RG Bracelet,B05,DS006,9.223277,8.979211,"The tie is deeper than the shirt, giving a readable focal point. Pattern scale and prominence leave a clear visual hierarchy. Separate trousers have deliberate colour/value separation from the blazer."
B05,research,4,"{""blazerId"":""B05"",""pantId"":""PG002"",""shirtId"":""DS025"",""state"":""T012"",""shoeId"":""shoe-2"",""watchId"":""watch-AP10""}",blazer-source-B05,Chocolate Brown Tonal Monogram / Geometric Blazer,shirt-DS025,Light pink; Solid,T012,Black tonal lattice,pants-PG002,Nordstrom Mens Shop — Grey (Brushed/flannel),shoe-2,Berluti Dress Shoes — Black Double Monk,watch-AP10,Audemars Piguet — RO Blue RG Bracelet,B05,DS025,9.201994,9.392368,"The tie is deeper than the shirt, giving a readable focal point. Pattern scale and prominence leave a clear visual hierarchy. Separate trousers have deliberate colour/value separation from the blazer."
B05,research,5,"{""blazerId"":""B05"",""pantId"":""PG003"",""shirtId"":""DS002"",""state"":""T028"",""shoeId"":""shoe-3"",""watchId"":""watch-AP13""}",blazer-source-B05,Chocolate Brown Tonal Monogram / Geometric Blazer,shirt-DS002,DS002 - source-repaired collar/body pilot,T028,Midnight-navy tonal paisley,pants-PG003,Very light grey,shoe-3,Ecco Dress Shoes — Black Oxford/Derby,watch-AP13,Audemars Piguet — RO Blue RG Leather,B05,DS002,9.263435,9.218585,"The tie is deeper than the shirt, giving a readable focal point. Pattern scale and prominence leave a clear visual hierarchy. Separate trousers have deliberate colour/value separation from the blazer."
B05,research,6,"{""blazerId"":""B05"",""pantId"":""PB001"",""shirtId"":""DS019"",""state"":""NO_TIE"",""shoeId"":""shoe-13"",""watchId"":""watch-AP13""}",blazer-source-B05,Chocolate Brown Tonal Monogram / Geometric Blazer,shirt-DS019,Chestnut/warm mid-brown; Solid,,No tie,pants-PB001,"Charles Tyrwhitt — Chino Navy (34W 30L, Slim Fit)",shoe-13,Hermes Loafers — Black Kelly Hardware,watch-AP13,Audemars Piguet — RO Blue RG Leather,B05,DS019,9.16626,7.968947,Open collar keeps the outfit uncluttered; no missing-tie penalty. Pattern scale and prominence leave a clear visual hierarchy. Separate trousers have deliberate colour/value separation from the blazer.
B05,research,7,"{""blazerId"":""B05"",""pantId"":""PN002"",""shirtId"":""DS005"",""state"":""T015"",""shoeId"":""shoe-4"",""watchId"":""watch-AP09""}",blazer-source-B05,Chocolate Brown Tonal Monogram / Geometric Blazer,shirt-DS005,Cream/off-white; Visually near-solid; subtle windowpane metadata retained,T015,Navy / fine diagonal stripe,pants-PN002,The Rising Sun Mfg Co. — Chino Light stone/grey-beige (Leather patch),shoe-4,Christian Louboutin Dress Shoes — Dark Brown Derby Lace-up,watch-AP09,Audemars Piguet — RO Dark Blue,B05,DS005,9.28172,9.281184,"The tie is deeper than the shirt, giving a readable focal point. Pattern scale and prominence leave a clear visual hierarchy. Separate trousers have deliberate colour/value separation from the blazer."
B05,research,8,"{""blazerId"":""B05"",""pantId"":""PB002"",""shirtId"":""DS007"",""state"":""T004"",""shoeId"":""shoe-3"",""watchId"":""watch-AP09""}",blazer-source-B05,Chocolate Brown Tonal Monogram / Geometric Blazer,shirt-DS007,Paul Fredrick — Light blue micro-check,T004,Burnt-orange near-solid geometric,pants-PB002,"Nordstrom — Navy (Workers United label, previously unbranded)",shoe-3,Ecco Dress Shoes — Black Oxford/Derby,watch-AP09,Audemars Piguet — RO Dark Blue,B05,DS007,9.21884,8.734211,"The tie is deeper than the shirt, giving a readable focal point. Pattern scale and prominence leave a clear visual hierarchy. Separate trousers have deliberate colour/value separation from the blazer."
B05,research,9,"{""blazerId"":""B05"",""pantId"":""PN002"",""shirtId"":""DS002"",""state"":""T028"",""shoeId"":""shoe-4"",""watchId"":""watch-R09""}",blazer-source-B05,Chocolate Brown Tonal Monogram / Geometric Blazer,shirt-DS002,DS002 - source-repaired collar/body pilot,T028,Midnight-navy tonal paisley,pants-PN002,The Rising Sun Mfg Co. — Chino Light stone/grey-beige (Leather patch),shoe-4,Christian Louboutin Dress Shoes — Dark Brown Derby Lace-up,watch-R09,Rolex — Datejust White Dial,B05,DS002,9.238709,9.242961,"The tie is deeper than the shirt, giving a readable focal point. Pattern scale and prominence leave a clear visual hierarchy. Separate trousers have deliberate colour/value separation from the blazer."
B05,research,10,"{""blazerId"":""B05"",""pantId"":""PT001"",""shirtId"":""DS001"",""state"":""T005"",""shoeId"":""shoe-13"",""watchId"":""watch-R09""}",blazer-source-B05,Chocolate Brown Tonal Monogram / Geometric Blazer,shirt-DS001,White; Solid,T005,Dark brown / gold medallions,pants-PT001,Prada — Black (matte) (Triangle logo plate),shoe-13,Hermes Loafers — Black Kelly Hardware,watch-R09,Rolex — Datejust White Dial,B05,DS001,9.188131,9.086678,"The tie is deeper than the shirt, giving a readable focal point. A recorded accent links the tie to another garment. Separate trousers have deliberate colour/value separation from the blazer."
B05,research,11,"{""blazerId"":""B05"",""pantId"":""PB002"",""shirtId"":""DS007"",""state"":""T003"",""shoeId"":""shoe-0"",""watchId"":""watch-R11""}",blazer-source-B05,Chocolate Brown Tonal Monogram / Geometric Blazer,shirt-DS007,Paul Fredrick — Light blue micro-check,T003,Rust / blue-grey linked scroll,pants-PB002,"Nordstrom — Navy (Workers United label, previously unbranded)",shoe-0,Louis Vuitton Dress Shoes — Black Embossed Monogram Lace-up,watch-R11,Rolex — Day-Date Green,B05,DS007,9.171517,9.006809,"The tie is deeper than the shirt, giving a readable focal point. Pattern scale and prominence leave a clear visual hierarchy. A recorded accent links the tie to another garment. Separate trousers have deliberate colour/value separation from the blazer."
B05,research,12,"{""blazerId"":""B05"",""pantId"":""PB003"",""shirtId"":""DS006"",""state"":""T003"",""shoeId"":""shoe-0"",""watchId"":""watch-R11""}",blazer-source-B05,Chocolate Brown Tonal Monogram / Geometric Blazer,shirt-DS006,Brunello Cucinelli — light blue solid,T003,Rust / blue-grey linked scroll,pants-PB003,Theory — Navy (Size 32),shoe-0,Louis Vuitton Dress Shoes — Black Embossed Monogram Lace-up,watch-R11,Rolex — Day-Date Green,B05,DS006,9.170969,8.971809,"The tie is deeper than the shirt, giving a readable focal point. Pattern scale and prominence leave a clear visual hierarchy. A recorded accent links the tie to another garment. Separate trousers have deliberate colour/value separation from the blazer."
B05,research,13,"{""blazerId"":""B05"",""pantId"":""PT001"",""shirtId"":""DS004"",""state"":""T018"",""shoeId"":""shoe-8"",""watchId"":""watch-R13""}",blazer-source-B05,Chocolate Brown Tonal Monogram / Geometric Blazer,shirt-DS004,DS004 - source-repaired collar/body pilot,T018,Dark brown / slate-blue paisley,pants-PT001,Prada — Black (matte) (Triangle logo plate),shoe-8,Gucci Loafers — Black Horsebit,watch-R13,Rolex — Day-Date Champagne,B05,DS004,9.147021,9.169836,"The tie is deeper than the shirt, giving a readable focal point. A recorded accent links the tie to another garment. Separate trousers have deliberate colour/value separation from the blazer."
B05,research,14,"{""blazerId"":""B05"",""pantId"":""PB003"",""shirtId"":""DS019"",""state"":""NO_TIE"",""shoeId"":""shoe-8"",""watchId"":""watch-R13""}",blazer-source-B05,Chocolate Brown Tonal Monogram / Geometric Blazer,shirt-DS019,Chestnut/warm mid-brown; Solid,,No tie,pants-PB003,Theory — Navy (Size 32),shoe-8,Gucci Loafers — Black Horsebit,watch-R13,Rolex — Day-Date Champagne,B05,DS019,9.16566,7.968947,Open collar keeps the outfit uncluttered; no missing-tie penalty. Pattern scale and prominence leave a clear visual hierarchy. Separate trousers have deliberate colour/value separation from the blazer.
B05,research,15,"{""blazerId"":""B05"",""pantId"":""PT002"",""shirtId"":""DS024"",""state"":""T012"",""shoeId"":""shoe-17"",""watchId"":""watch-R14""}",blazer-source-B05,Chocolate Brown Tonal Monogram / Geometric Blazer,shirt-DS024,Pale pink; Solid,T012,Black tonal lattice,pants-PT002,Theory — Black (Size 32),shoe-17,Louis Vuitton Loafers — Black Damier,watch-R14,Rolex — Day-Date White Roman,B05,DS024,9.125241,9.373618,"The tie is deeper than the shirt, giving a readable focal point. Pattern scale and prominence leave a clear visual hierarchy. Separate trousers have deliberate colour/value separation from the blazer."
B06,baseline_curated,1,"{""blazerId"":""B06"",""pantId"":""PB001"",""shirtId"":""DS007"",""state"":""T004"",""shoeId"":""shoe-15"",""watchId"":""watch-R09""}",blazer-source-B06,"very pale highly desaturated sage, very thin lightweight cloth",shirt-DS007,Paul Fredrick — Light blue micro-check,T004,Burnt-orange near-solid geometric,pants-PB001,"Charles Tyrwhitt — Chino Navy (34W 30L, Slim Fit)",shoe-15,Loro Piana Loafers — Brown Suede Penny,watch-R09,Rolex — Datejust White Dial,B06,DS007,,8.626349,"Pale sage, blue and navy with one controlled rust accent. Brown suede supports the softer blazer surface."
B06,baseline_curated,2,"{""blazerId"":""B06"",""shirtId"":""DS022"",""state"":""NO_TIE"",""shoeId"":""shoe-15"",""watchId"":""watch-P05"",""pantId"":""PB001""}",blazer-source-B06,"very pale highly desaturated sage, very thin lightweight cloth",shirt-DS022,Darker lavender; Solid,,No tie,pants-PB001,"Charles Tyrwhitt — Chino Navy (34W 30L, Slim Fit)",shoe-15,Loro Piana Loafers — Brown Suede Penny,watch-P05,Patek Philippe — Nautilus 5712,B06,DS022,,8.274912,"Pale sage with lavender, navy trousers and brown suede, without a competing tie."
B06,baseline_curated,3,"{""blazerId"":""B06"",""shirtId"":""DS005"",""state"":""T018"",""shoeId"":""shoe-5"",""watchId"":""watch-P02"",""pantId"":""PG003""}",blazer-source-B06,"very pale highly desaturated sage, very thin lightweight cloth",shirt-DS005,Cream/off-white; Visually near-solid; subtle windowpane metadata retained,T018,Dark brown / slate-blue paisley,pants-PG003,Very light grey,shoe-5,Ecco Dress Shoes — Brown Oxford/Derby,watch-P02,Patek Philippe — Aquanaut Chocolate RG,B06,DS005,,8.979309,"Sage, subtle cream check and pale grey with one muted brown/slate focal detail."
B06,baseline_heuristic,1,"{""blazerId"":""B06"",""pantId"":""PG002"",""shirtId"":""DS019"",""state"":""T029"",""shoeId"":""shoe-13"",""watchId"":""watch-AP09""}",blazer-source-B06,"very pale highly desaturated sage, very thin lightweight cloth",shirt-DS019,Chestnut/warm mid-brown; Solid,T029,Navy / silver ornamental medallions,pants-PG002,Nordstrom Mens Shop — Grey (Brushed/flannel),shoe-13,Hermes Loafers — Black Kelly Hardware,watch-AP09,Audemars Piguet — RO Dark Blue,B06,DS019,9.093797,9.285493,Tie gives a clear focal point; jacket-shirt contrast need not be maximized.
B06,baseline_heuristic,2,"{""blazerId"":""B06"",""pantId"":""PB001"",""shirtId"":""DS027"",""state"":""T041"",""shoeId"":""shoe-13"",""watchId"":""watch-AP09""}",blazer-source-B06,"very pale highly desaturated sage, very thin lightweight cloth",shirt-DS027,White/light ground; Bengal stripe,T041,Silver / navy monogram,pants-PB001,"Charles Tyrwhitt — Chino Navy (34W 30L, Slim Fit)",shoe-13,Hermes Loafers — Black Kelly Hardware,watch-AP09,Audemars Piguet — RO Dark Blue,B06,DS027,9.062424,9.026513,Tie gives a clear focal point; jacket-shirt contrast need not be maximized.
B06,baseline_heuristic,3,"{""blazerId"":""B06"",""pantId"":""PB001"",""shirtId"":""DS025"",""state"":""T032"",""shoeId"":""shoe-17"",""watchId"":""watch-R09""}",blazer-source-B06,"very pale highly desaturated sage, very thin lightweight cloth",shirt-DS025,Light pink; Solid,T032,Purple / navy-white diagonal stripe,pants-PB001,"Charles Tyrwhitt — Chino Navy (34W 30L, Slim Fit)",shoe-17,Louis Vuitton Loafers — Black Damier,watch-R09,Rolex — Datejust White Dial,B06,DS025,9.086947,9.29898,Tie gives a clear focal point; jacket-shirt contrast need not be maximized.
B06,baseline_heuristic,4,"{""blazerId"":""B06"",""pantId"":""PG002"",""shirtId"":""DS023"",""state"":""T014"",""shoeId"":""shoe-17"",""watchId"":""watch-R09""}",blazer-source-B06,"very pale highly desaturated sage, very thin lightweight cloth",shirt-DS023,Deep burgundy/oxblood; Solid color with micro-texture,T014,Dark ground / silver ring dots,pants-PG002,Nordstrom Mens Shop — Grey (Brushed/flannel),shoe-17,Louis Vuitton Loafers — Black Damier,watch-R09,Rolex — Datejust White Dial,B06,DS023,9.085688,9.195395,Tie gives a clear focal point; jacket-shirt contrast need not be maximized.
B06,baseline_heuristic,5,"{""blazerId"":""B06"",""pantId"":""PG001"",""shirtId"":""DS022"",""state"":""T016"",""shoeId"":""shoe-8"",""watchId"":""watch-R11""}",blazer-source-B06,"very pale highly desaturated sage, very thin lightweight cloth",shirt-DS022,Darker lavender; Solid,T016,Burgundy-red / silver diagonal stripe,pants-PG001,Prada — Dark grey (Cream lining),shoe-8,Gucci Loafers — Black Horsebit,watch-R11,Rolex — Day-Date Green,B06,DS022,9.074666,9.072927,Tie gives a clear focal point; jacket-shirt contrast need not be maximized.
B06,baseline_heuristic,6,"{""blazerId"":""B06"",""pantId"":""PB002"",""shirtId"":""DS006"",""state"":""T018"",""shoeId"":""shoe-8"",""watchId"":""watch-R11""}",blazer-source-B06,"very pale highly desaturated sage, very thin lightweight cloth",shirt-DS006,Brunello Cucinelli — light blue solid,T018,Dark brown / slate-blue paisley,pants-PB002,"Nordstrom — Navy (Workers United label, previously unbranded)",shoe-8,Gucci Loafers — Black Horsebit,watch-R11,Rolex — Day-Date Green,B06,DS006,9.068156,9.090197,Tie gives a clear focal point; jacket-shirt contrast need not be maximized.
B06,baseline_heuristic,7,"{""blazerId"":""B06"",""pantId"":""PG001"",""shirtId"":""DS018"",""state"":""T036"",""shoeId"":""shoe-15"",""watchId"":""watch-R13""}",blazer-source-B06,"very pale highly desaturated sage, very thin lightweight cloth",shirt-DS018,Mauve/rose; Prince of Wales/glen check,T036,Purple / grey ornamental medallions,pants-PG001,Prada — Dark grey (Cream lining),shoe-15,Loro Piana Loafers — Brown Suede Penny,watch-R13,Rolex — Day-Date Champagne,B06,DS018,9.070626,9.032204,Tie gives a clear focal point; jacket-shirt contrast need not be maximized.
B06,baseline_heuristic,8,"{""blazerId"":""B06"",""pantId"":""PT001"",""shirtId"":""DS014"",""state"":""T010"",""shoeId"":""shoe-15"",""watchId"":""watch-R13""}",blazer-source-B06,"very pale highly desaturated sage, very thin lightweight cloth",shirt-DS014,White; Solid,T010,Near-black / white spaced dots,pants-PT001,Prada — Black (matte) (Triangle logo plate),shoe-15,Loro Piana Loafers — Brown Suede Penny,watch-R13,Rolex — Day-Date Champagne,B06,DS014,9.081326,9.240691,Tie gives a clear focal point; jacket-shirt contrast need not be maximized.
B06,baseline_heuristic,9,"{""blazerId"":""B06"",""pantId"":""PB002"",""shirtId"":""DS025"",""state"":""T007"",""shoeId"":""shoe-11"",""watchId"":""watch-R14""}",blazer-source-B06,"very pale highly desaturated sage, very thin lightweight cloth",shirt-DS025,Light pink; Solid,T007,Charcoal / pale-pink diagonal lattice,pants-PB002,"Nordstrom — Navy (Workers United label, previously unbranded)",shoe-11,"Gucci Loafers — Dark Espresso Brown/Oxblood Horsebit, Polished Leather",watch-R14,Rolex — Day-Date White Roman,B06,DS025,9.073794,9.182006,Tie gives a clear focal point; jacket-shirt contrast need not be maximized.
B06,baseline_heuristic,10,"{""blazerId"":""B06"",""pantId"":""PT001"",""shirtId"":""DS006"",""state"":""T033"",""shoeId"":""shoe-11"",""watchId"":""watch-R14""}",blazer-source-B06,"very pale highly desaturated sage, very thin lightweight cloth",shirt-DS006,Brunello Cucinelli — light blue solid,T033,Dark navy / blue-gold monogram,pants-PT001,Prada — Black (matte) (Triangle logo plate),shoe-11,"Gucci Loafers — Dark Espresso Brown/Oxblood Horsebit, Polished Leather",watch-R14,Rolex — Day-Date White Roman,B06,DS006,9.074197,9.18648,Tie gives a clear focal point; jacket-shirt contrast need not be maximized.
B06,baseline_heuristic,11,"{""blazerId"":""B06"",""pantId"":""PB003"",""shirtId"":""DS022"",""state"":""T032"",""shoeId"":""shoe-14"",""watchId"":""watch-AP06""}",blazer-source-B06,"very pale highly desaturated sage, very thin lightweight cloth",shirt-DS022,Darker lavender; Solid,T032,Purple / navy-white diagonal stripe,pants-PB003,Theory — Navy (Size 32),shoe-14,"Hermes Loafers — Cognac/Chestnut Kelly Hardware, Dark Espresso Patina",watch-AP06,"Audemars Piguet — RO Black Dial, Rose Gold",B06,DS022,9.077381,9.232961,Tie gives a clear focal point; jacket-shirt contrast need not be maximized.
B06,baseline_heuristic,12,"{""blazerId"":""B06"",""pantId"":""PB003"",""shirtId"":""DS004"",""state"":""T018"",""shoeId"":""shoe-14"",""watchId"":""watch-AP06""}",blazer-source-B06,"very pale highly desaturated sage, very thin lightweight cloth",shirt-DS004,DS004 - source-repaired collar/body pilot,T018,Dark brown / slate-blue paisley,pants-PB003,Theory — Navy (Size 32),shoe-14,"Hermes Loafers — Cognac/Chestnut Kelly Hardware, Dark Espresso Patina",watch-AP06,"Audemars Piguet — RO Black Dial, Rose Gold",B06,DS004,9.058609,9.11398,Tie gives a clear focal point; jacket-shirt contrast need not be maximized.
B06,baseline_heuristic,13,"{""blazerId"":""B06"",""pantId"":""PB004"",""shirtId"":""DS024"",""state"":""T041"",""shoeId"":""shoe-9"",""watchId"":""watch-AP10""}",blazer-source-B06,"very pale highly desaturated sage, very thin lightweight cloth",shirt-DS024,Pale pink; Solid,T041,Silver / navy monogram,pants-PB004,Prada — Navy (Cuffed hem),shoe-9,Gucci Loafers — Cognac Horsebit,watch-AP10,Audemars Piguet — RO Blue RG Bracelet,B06,DS024,9.056584,9.09148,Tie gives a clear focal point; jacket-shirt contrast need not be maximized.
B06,baseline_heuristic,14,"{""blazerId"":""B06"",""pantId"":""PB004"",""shirtId"":""DS019"",""state"":""T043"",""shoeId"":""shoe-9"",""watchId"":""watch-AP10""}",blazer-source-B06,"very pale highly desaturated sage, very thin lightweight cloth",shirt-DS019,Chestnut/warm mid-brown; Solid,T043,Black / muted pale floral outline,pants-PB004,Prada — Navy (Cuffed hem),shoe-9,Gucci Loafers — Cognac Horsebit,watch-AP10,Audemars Piguet — RO Blue RG Bracelet,B06,DS019,9.053141,9.363618,Tie gives a clear focal point; jacket-shirt contrast need not be maximized.
B06,baseline_heuristic,15,"{""blazerId"":""B06"",""pantId"":""PT002"",""shirtId"":""DS027"",""state"":""T010"",""shoeId"":""shoe-19"",""watchId"":""watch-AP13""}",blazer-source-B06,"very pale highly desaturated sage, very thin lightweight cloth",shirt-DS027,White/light ground; Bengal stripe,T010,Near-black / white spaced dots,pants-PT002,Theory — Black (Size 32),shoe-19,Louis Vuitton Loafers — Black Monogram,watch-AP13,Audemars Piguet — RO Blue RG Leather,B06,DS027,9.066103,9.207664,Tie gives a clear focal point; jacket-shirt contrast need not be maximized.
B06,research,1,"{""blazerId"":""B06"",""pantId"":""PB001"",""shirtId"":""DS006"",""state"":""T004"",""shoeId"":""shoe-1"",""watchId"":""watch-AP09""}",blazer-source-B06,"very pale highly desaturated sage, very thin lightweight cloth",shirt-DS006,Brunello Cucinelli — light blue solid,T004,Burnt-orange near-solid geometric,pants-PB001,"Charles Tyrwhitt — Chino Navy (34W 30L, Slim Fit)",shoe-1,Christian Louboutin Dress Shoes — Black Single Monk,watch-AP09,Audemars Piguet — RO Dark Blue,B06,DS006,9.353097,8.871349,"The tie is deeper than the shirt, giving a readable focal point. Pattern scale and prominence leave a clear visual hierarchy. Separate trousers have deliberate colour/value separation from the blazer."
B06,research,2,"{""blazerId"":""B06"",""pantId"":""PB001"",""shirtId"":""DS019"",""state"":""NO_TIE"",""shoeId"":""shoe-13"",""watchId"":""watch-AP09""}",blazer-source-B06,"very pale highly desaturated sage, very thin lightweight cloth",shirt-DS019,Chestnut/warm mid-brown; Solid,,No tie,pants-PB001,"Charles Tyrwhitt — Chino Navy (34W 30L, Slim Fit)",shoe-13,Hermes Loafers — Black Kelly Hardware,watch-AP09,Audemars Piguet — RO Dark Blue,B06,DS019,9.275083,9.020263,Open collar keeps the outfit uncluttered; no missing-tie penalty. Pattern scale and prominence leave a clear visual hierarchy. Separate trousers have deliberate colour/value separation from the blazer.
B06,research,3,"{""blazerId"":""B06"",""pantId"":""PG002"",""shirtId"":""DS005"",""state"":""T015"",""shoeId"":""shoe-1"",""watchId"":""watch-R09""}",blazer-source-B06,"very pale highly desaturated sage, very thin lightweight cloth",shirt-DS005,Cream/off-white; Visually near-solid; subtle windowpane metadata retained,T015,Navy / fine diagonal stripe,pants-PG002,Nordstrom Mens Shop — Grey (Brushed/flannel),shoe-1,Christian Louboutin Dress Shoes — Black Single Monk,watch-R09,Rolex — Datejust White Dial,B06,DS005,9.281808,9.055559,"The tie is deeper than the shirt, giving a readable focal point. Pattern scale and prominence leave a clear visual hierarchy. Separate trousers have deliberate colour/value separation from the blazer."
B06,research,4,"{""blazerId"":""B06"",""pantId"":""PG001"",""shirtId"":""DS004"",""state"":""T005"",""shoeId"":""shoe-2"",""watchId"":""watch-R09""}",blazer-source-B06,"very pale highly desaturated sage, very thin lightweight cloth",shirt-DS004,DS004 - source-repaired collar/body pilot,T005,Dark brown / gold medallions,pants-PG001,Prada — Dark grey (Cream lining),shoe-2,Berluti Dress Shoes — Black Double Monk,watch-R09,Rolex — Datejust White Dial,B06,DS004,9.277794,9.007105,"The tie is deeper than the shirt, giving a readable focal point. A recorded accent links the tie to another garment. Separate trousers have deliberate colour/value separation from the blazer."
B06,research,5,"{""blazerId"":""B06"",""pantId"":""PB002"",""shirtId"":""DS007"",""state"":""T004"",""shoeId"":""shoe-2"",""watchId"":""watch-R11""}",blazer-source-B06,"very pale highly desaturated sage, very thin lightweight cloth",shirt-DS007,Paul Fredrick — Light blue micro-check,T004,Burnt-orange near-solid geometric,pants-PB002,"Nordstrom — Navy (Workers United label, previously unbranded)",shoe-2,Berluti Dress Shoes — Black Double Monk,watch-R11,Rolex — Day-Date Green,B06,DS007,9.34926,8.626349,"The tie is deeper than the shirt, giving a readable focal point. Pattern scale and prominence leave a clear visual hierarchy. Separate trousers have deliberate colour/value separation from the blazer."
B06,research,6,"{""blazerId"":""B06"",""pantId"":""PB002"",""shirtId"":""DS007"",""state"":""T003"",""shoeId"":""shoe-3"",""watchId"":""watch-R11""}",blazer-source-B06,"very pale highly desaturated sage, very thin lightweight cloth",shirt-DS007,Paul Fredrick — Light blue micro-check,T003,Rust / blue-grey linked scroll,pants-PB002,"Nordstrom — Navy (Workers United label, previously unbranded)",shoe-3,Ecco Dress Shoes — Black Oxford/Derby,watch-R11,Rolex — Day-Date Green,B06,DS007,9.317338,8.898947,"The tie is deeper than the shirt, giving a readable focal point. Pattern scale and prominence leave a clear visual hierarchy. A recorded accent links the tie to another garment. Separate trousers have deliberate colour/value separation from the blazer."
B06,research,7,"{""blazerId"":""B06"",""pantId"":""PB003"",""shirtId"":""DS006"",""state"":""T003"",""shoeId"":""shoe-3"",""watchId"":""watch-R13""}",blazer-source-B06,"very pale highly desaturated sage, very thin lightweight cloth",shirt-DS006,Brunello Cucinelli — light blue solid,T003,Rust / blue-grey linked scroll,pants-PB003,Theory — Navy (Size 32),shoe-3,Ecco Dress Shoes — Black Oxford/Derby,watch-R13,Rolex — Day-Date Champagne,B06,DS006,9.31679,8.863947,"The tie is deeper than the shirt, giving a readable focal point. Pattern scale and prominence leave a clear visual hierarchy. A recorded accent links the tie to another garment. Separate trousers have deliberate colour/value separation from the blazer."
B06,research,8,"{""blazerId"":""B06"",""pantId"":""PG002"",""shirtId"":""DS002"",""state"":""T028"",""shoeId"":""shoe-4"",""watchId"":""watch-R13""}",blazer-source-B06,"very pale highly desaturated sage, very thin lightweight cloth",shirt-DS002,DS002 - source-repaired collar/body pilot,T028,Midnight-navy tonal paisley,pants-PG002,Nordstrom Mens Shop — Grey (Brushed/flannel),shoe-4,Christian Louboutin Dress Shoes — Dark Brown Derby Lace-up,watch-R13,Rolex — Day-Date Champagne,B06,DS002,9.227734,8.949441,"The tie is deeper than the shirt, giving a readable focal point. Pattern scale and prominence leave a clear visual hierarchy. Separate trousers have deliberate colour/value separation from the blazer."
B06,research,9,"{""blazerId"":""B06"",""pantId"":""PG001"",""shirtId"":""DS014"",""state"":""T005"",""shoeId"":""shoe-4"",""watchId"":""watch-R14""}",blazer-source-B06,"very pale highly desaturated sage, very thin lightweight cloth",shirt-DS014,White; Solid,T005,Dark brown / gold medallions,pants-PG001,Prada — Dark grey (Cream lining),shoe-4,Christian Louboutin Dress Shoes — Dark Brown Derby Lace-up,watch-R14,Rolex — Day-Date White Roman,B06,DS014,9.265809,9.089507,"The tie is deeper than the shirt, giving a readable focal point. Separate trousers have deliberate colour/value separation from the blazer."
B06,research,10,"{""blazerId"":""B06"",""pantId"":""PB003"",""shirtId"":""DS019"",""state"":""NO_TIE"",""shoeId"":""shoe-13"",""watchId"":""watch-R14""}",blazer-source-B06,"very pale highly desaturated sage, very thin lightweight cloth",shirt-DS019,Chestnut/warm mid-brown; Solid,,No tie,pants-PB003,Theory — Navy (Size 32),shoe-13,Hermes Loafers — Black Kelly Hardware,watch-R14,Rolex — Day-Date White Roman,B06,DS019,9.275083,9.020263,Open collar keeps the outfit uncluttered; no missing-tie penalty. Pattern scale and prominence leave a clear visual hierarchy. Separate trousers have deliberate colour/value separation from the blazer.
B06,research,11,"{""blazerId"":""B06"",""pantId"":""PT001"",""shirtId"":""DS005"",""state"":""T015"",""shoeId"":""shoe-0"",""watchId"":""watch-AP06""}",blazer-source-B06,"very pale highly desaturated sage, very thin lightweight cloth",shirt-DS005,Cream/off-white; Visually near-solid; subtle windowpane metadata retained,T015,Navy / fine diagonal stripe,pants-PT001,Prada — Black (matte) (Triangle logo plate),shoe-0,Louis Vuitton Dress Shoes — Black Embossed Monogram Lace-up,watch-AP06,"Audemars Piguet — RO Black Dial, Rose Gold",B06,DS005,9.230224,9.055559,"The tie is deeper than the shirt, giving a readable focal point. Pattern scale and prominence leave a clear visual hierarchy. Separate trousers have deliberate colour/value separation from the blazer."
B06,research,12,"{""blazerId"":""B06"",""pantId"":""PB004"",""shirtId"":""DS021"",""state"":""T030"",""shoeId"":""shoe-0"",""watchId"":""watch-AP06""}",blazer-source-B06,"very pale highly desaturated sage, very thin lightweight cloth",shirt-DS021,Very light lavender; Pinstripe,T030,Aubergine tonal geometric,pants-PB004,Prada — Navy (Cuffed hem),shoe-0,Louis Vuitton Dress Shoes — Black Embossed Monogram Lace-up,watch-AP06,"Audemars Piguet — RO Black Dial, Rose Gold",B06,DS021,9.153818,9.179309,"The tie is deeper than the shirt, giving a readable focal point. Pattern scale and prominence leave a clear visual hierarchy. Separate trousers have deliberate colour/value separation from the blazer."
B06,research,13,"{""blazerId"":""B06"",""pantId"":""PB004"",""shirtId"":""DS008"",""state"":""T028"",""shoeId"":""shoe-8"",""watchId"":""watch-AP10""}",blazer-source-B06,"very pale highly desaturated sage, very thin lightweight cloth",shirt-DS008,Brunello Cucinelli — White with thin horizontal stripe,T028,Midnight-navy tonal paisley,pants-PB004,Prada — Navy (Cuffed hem),shoe-8,Gucci Loafers — Black Horsebit,watch-AP10,Audemars Piguet — RO Blue RG Bracelet,B06,DS008,9.160117,9.156513,"The tie is deeper than the shirt, giving a readable focal point. Pattern scale and prominence leave a clear visual hierarchy. Separate trousers have deliberate colour/value separation from the blazer."
B06,research,14,"{""blazerId"":""B06"",""pantId"":""PT001"",""shirtId"":""DS008"",""state"":""T018"",""shoeId"":""shoe-8"",""watchId"":""watch-AP10""}",blazer-source-B06,"very pale highly desaturated sage, very thin lightweight cloth",shirt-DS008,Brunello Cucinelli — White with thin horizontal stripe,T018,Dark brown / slate-blue paisley,pants-PT001,Prada — Black (matte) (Triangle logo plate),shoe-8,Gucci Loafers — Black Horsebit,watch-AP10,Audemars Piguet — RO Blue RG Bracelet,B06,DS008,9.172409,9.09148,"The tie is deeper than the shirt, giving a readable focal point. Separate trousers have deliberate colour/value separation from the blazer."
B06,research,15,"{""blazerId"":""B06"",""pantId"":""PT002"",""shirtId"":""DS014"",""state"":""T021"",""shoeId"":""shoe-12"",""watchId"":""watch-AP13""}",blazer-source-B06,"very pale highly desaturated sage, very thin lightweight cloth",shirt-DS014,White; Solid,T021,Dark navy / gold medallions,pants-PT002,Theory — Black (Size 32),shoe-12,Gucci Loafers — Navy Suede Horsebit Loafer,watch-AP13,Audemars Piguet — RO Blue RG Leather,B06,DS014,9.141178,9.124507,"The tie is deeper than the shirt, giving a readable focal point. Separate trousers have deliberate colour/value separation from the blazer."
B07,baseline_curated,1,"{""blazerId"":""B07"",""shirtId"":""DS019"",""state"":""NO_TIE"",""shoeId"":""shoe-15"",""watchId"":""watch-P02"",""pantId"":""PB001""}",blazer-source-B07,Warm-Neutral Melange Grey Brushed Blazer,shirt-DS019,Chestnut/warm mid-brown; Solid,,No tie,pants-PB001,"Charles Tyrwhitt — Chino Navy (34W 30L, Slim Fit)",shoe-15,Loro Piana Loafers — Brown Suede Penny,watch-P02,Patek Philippe — Aquanaut Chocolate RG,B07,DS019,,9.102895,"Chestnut under brushed grey with navy trousers keeps the soft, warm-neutral direction deliberate."
B07,baseline_curated,2,"{""blazerId"":""B07"",""shirtId"":""DS006"",""state"":""T030"",""shoeId"":""shoe-4"",""watchId"":""watch-P08"",""pantId"":""PG001""}",blazer-source-B07,Warm-Neutral Melange Grey Brushed Blazer,shirt-DS006,Brunello Cucinelli — light blue solid,T030,Aubergine tonal geometric,pants-PG001,Prada — Dark grey (Cream lining),shoe-4,Christian Louboutin Dress Shoes — Dark Brown Derby Lace-up,watch-P08,Patek Philippe — Nautilus 5811,B07,DS006,,8.968092,Blue and aubergine sit quietly against melange grey; darker trousers define the jacket.
B07,baseline_heuristic,1,"{""blazerId"":""B07"",""pantId"":""PG002"",""shirtId"":""DS019"",""state"":""T020"",""shoeId"":""shoe-13"",""watchId"":""watch-AP09""}",blazer-source-B07,Warm-Neutral Melange Grey Brushed Blazer,shirt-DS019,Chestnut/warm mid-brown; Solid,T020,Navy / burgundy-tan paisley,pants-PG002,Nordstrom Mens Shop — Grey (Brushed/flannel),shoe-13,Hermes Loafers — Black Kelly Hardware,watch-AP09,Audemars Piguet — RO Dark Blue,B07,DS019,9.103513,9.393454,Tie gives a clear focal point; jacket-shirt contrast need not be maximized.
B07,baseline_heuristic,2,"{""blazerId"":""B07"",""pantId"":""PG002"",""shirtId"":""DS027"",""state"":""T010"",""shoeId"":""shoe-13"",""watchId"":""watch-AP09""}",blazer-source-B07,Warm-Neutral Melange Grey Brushed Blazer,shirt-DS027,White/light ground; Bengal stripe,T010,Near-black / white spaced dots,pants-PG002,Nordstrom Mens Shop — Grey (Brushed/flannel),shoe-13,Hermes Loafers — Black Kelly Hardware,watch-AP09,Audemars Piguet — RO Dark Blue,B07,DS027,9.096542,9.315987,Tie gives a clear focal point; jacket-shirt contrast need not be maximized.
B07,baseline_heuristic,3,"{""blazerId"":""B07"",""pantId"":""PG001"",""shirtId"":""DS021"",""state"":""T030"",""shoeId"":""shoe-17"",""watchId"":""watch-R09""}",blazer-source-B07,Warm-Neutral Melange Grey Brushed Blazer,shirt-DS021,Very light lavender; Pinstripe,T030,Aubergine tonal geometric,pants-PG001,Prada — Dark grey (Cream lining),shoe-17,Louis Vuitton Loafers — Black Damier,watch-R09,Rolex — Datejust White Dial,B07,DS021,9.088539,9.227072,Tie gives a clear focal point; jacket-shirt contrast need not be maximized.
B07,baseline_heuristic,4,"{""blazerId"":""B07"",""pantId"":""PG001"",""shirtId"":""DS023"",""state"":""T012"",""shoeId"":""shoe-17"",""watchId"":""watch-R09""}",blazer-source-B07,Warm-Neutral Melange Grey Brushed Blazer,shirt-DS023,Deep burgundy/oxblood; Solid color with micro-texture,T012,Black tonal lattice,pants-PG001,Prada — Dark grey (Cream lining),shoe-17,Louis Vuitton Loafers — Black Damier,watch-R09,Rolex — Datejust White Dial,B07,DS023,9.095582,9.305329,Tie gives a clear focal point; jacket-shirt contrast need not be maximized.
B07,baseline_heuristic,5,"{""blazerId"":""B07"",""pantId"":""PB001"",""shirtId"":""DS008"",""state"":""T028"",""shoeId"":""shoe-8"",""watchId"":""watch-R11""}",blazer-source-B07,Warm-Neutral Melange Grey Brushed Blazer,shirt-DS008,Brunello Cucinelli — White with thin horizontal stripe,T028,Midnight-navy tonal paisley,pants-PB001,"Charles Tyrwhitt — Chino Navy (34W 30L, Slim Fit)",shoe-8,Gucci Loafers — Black Horsebit,watch-R11,Rolex — Day-Date Green,B07,DS008,9.097894,9.33102,Tie gives a clear focal point; jacket-shirt contrast need not be maximized.
B07,baseline_heuristic,6,"{""blazerId"":""B07"",""pantId"":""PB001"",""shirtId"":""DS019"",""state"":""T014"",""shoeId"":""shoe-8"",""watchId"":""watch-R11""}",blazer-source-B07,Warm-Neutral Melange Grey Brushed Blazer,shirt-DS019,Chestnut/warm mid-brown; Solid,T014,Dark ground / silver ring dots,pants-PB001,"Charles Tyrwhitt — Chino Navy (34W 30L, Slim Fit)",shoe-8,Gucci Loafers — Black Horsebit,watch-R11,Rolex — Day-Date Green,B07,DS019,9.09822,9.334638,Tie gives a clear focal point; jacket-shirt contrast need not be maximized.
B07,baseline_heuristic,7,"{""blazerId"":""B07"",""pantId"":""PB002"",""shirtId"":""DS008"",""state"":""T040"",""shoeId"":""shoe-15"",""watchId"":""watch-R13""}",blazer-source-B07,Warm-Neutral Melange Grey Brushed Blazer,shirt-DS008,Brunello Cucinelli — White with thin horizontal stripe,T040,Charcoal tonal geometric,pants-PB002,"Nordstrom — Navy (Workers United label, previously unbranded)",shoe-15,Loro Piana Loafers — Brown Suede Penny,watch-R13,Rolex — Day-Date Champagne,B07,DS008,9.097519,9.33102,Tie gives a clear focal point; jacket-shirt contrast need not be maximized.
B07,baseline_heuristic,8,"{""blazerId"":""B07"",""pantId"":""PB002"",""shirtId"":""DS014"",""state"":""T032"",""shoeId"":""shoe-15"",""watchId"":""watch-R13""}",blazer-source-B07,Warm-Neutral Melange Grey Brushed Blazer,shirt-DS014,White; Solid,T032,Purple / navy-white diagonal stripe,pants-PB002,"Nordstrom — Navy (Workers United label, previously unbranded)",shoe-15,Loro Piana Loafers — Brown Suede Penny,watch-R13,Rolex — Day-Date Champagne,B07,DS014,9.092172,9.271612,Tie gives a clear focal point; jacket-shirt contrast need not be maximized.
B07,baseline_heuristic,9,"{""blazerId"":""B07"",""pantId"":""PB003"",""shirtId"":""DS021"",""state"":""T014"",""shoeId"":""shoe-11"",""watchId"":""watch-R14""}",blazer-source-B07,Warm-Neutral Melange Grey Brushed Blazer,shirt-DS021,Very light lavender; Pinstripe,T014,Dark ground / silver ring dots,pants-PB003,Theory — Navy (Size 32),shoe-11,"Gucci Loafers — Dark Espresso Brown/Oxblood Horsebit, Polished Leather",watch-R14,Rolex — Day-Date White Roman,B07,DS021,9.087249,9.241908,Tie gives a clear focal point; jacket-shirt contrast need not be maximized.
B07,baseline_heuristic,10,"{""blazerId"":""B07"",""pantId"":""PB003"",""shirtId"":""DS004"",""state"":""T018"",""shoeId"":""shoe-11"",""watchId"":""watch-R14""}",blazer-source-B07,Warm-Neutral Melange Grey Brushed Blazer,shirt-DS004,DS004 - source-repaired collar/body pilot,T018,Dark brown / slate-blue paisley,pants-PB003,Theory — Navy (Size 32),shoe-11,"Gucci Loafers — Dark Espresso Brown/Oxblood Horsebit, Polished Leather",watch-R14,Rolex — Day-Date White Roman,B07,DS004,9.08756,9.245362,Tie gives a clear focal point; jacket-shirt contrast need not be maximized.
B07,baseline_heuristic,11,"{""blazerId"":""B07"",""pantId"":""PG003"",""shirtId"":""DS027"",""state"":""T028"",""shoeId"":""shoe-14"",""watchId"":""watch-AP06""}",blazer-source-B07,Warm-Neutral Melange Grey Brushed Blazer,shirt-DS027,White/light ground; Bengal stripe,T028,Midnight-navy tonal paisley,pants-PG003,Very light grey,shoe-14,"Hermes Loafers — Cognac/Chestnut Kelly Hardware, Dark Espresso Patina",watch-AP06,"Audemars Piguet — RO Black Dial, Rose Gold",B07,DS027,9.081263,9.276086,Tie gives a clear focal point; jacket-shirt contrast need not be maximized.
B07,baseline_heuristic,12,"{""blazerId"":""B07"",""pantId"":""PG003"",""shirtId"":""DS014"",""state"":""T043"",""shoeId"":""shoe-14"",""watchId"":""watch-AP06""}",blazer-source-B07,Warm-Neutral Melange Grey Brushed Blazer,shirt-DS014,White; Solid,T043,Black / muted pale floral outline,pants-PG003,Very light grey,shoe-14,"Hermes Loafers — Cognac/Chestnut Kelly Hardware, Dark Espresso Patina",watch-AP06,"Audemars Piguet — RO Black Dial, Rose Gold",B07,DS014,9.084235,9.309112,Tie gives a clear focal point; jacket-shirt contrast need not be maximized.
B07,baseline_heuristic,13,"{""blazerId"":""B07"",""pantId"":""PB004"",""shirtId"":""DS001"",""state"":""T010"",""shoeId"":""shoe-9"",""watchId"":""watch-AP10""}",blazer-source-B07,Warm-Neutral Melange Grey Brushed Blazer,shirt-DS001,White; Solid,T010,Near-black / white spaced dots,pants-PB004,Prada — Navy (Cuffed hem),shoe-9,Gucci Loafers — Cognac Horsebit,watch-AP10,Audemars Piguet — RO Blue RG Bracelet,B07,DS001,9.081133,9.274638,Tie gives a clear focal point; jacket-shirt contrast need not be maximized.
B07,baseline_heuristic,14,"{""blazerId"":""B07"",""pantId"":""PB004"",""shirtId"":""DS004"",""state"":""T018"",""shoeId"":""shoe-9"",""watchId"":""watch-AP10""}",blazer-source-B07,Warm-Neutral Melange Grey Brushed Blazer,shirt-DS004,DS004 - source-repaired collar/body pilot,T018,Dark brown / slate-blue paisley,pants-PB004,Prada — Navy (Cuffed hem),shoe-9,Gucci Loafers — Cognac Horsebit,watch-AP10,Audemars Piguet — RO Blue RG Bracelet,B07,DS004,9.078497,9.245362,Tie gives a clear focal point; jacket-shirt contrast need not be maximized.
B07,baseline_heuristic,15,"{""blazerId"":""B07"",""pantId"":""PN002"",""shirtId"":""DS002"",""state"":""T023"",""shoeId"":""shoe-19"",""watchId"":""watch-AP13""}",blazer-source-B07,Warm-Neutral Melange Grey Brushed Blazer,shirt-DS002,DS002 - source-repaired collar/body pilot,T023,Burgundy / blue paisley,pants-PN002,The Rising Sun Mfg Co. — Chino Light stone/grey-beige (Leather patch),shoe-19,Louis Vuitton Loafers — Black Monogram,watch-AP13,Audemars Piguet — RO Blue RG Leather,B07,DS002,9.044917,8.882664,Tie gives a clear focal point; jacket-shirt contrast need not be maximized.
B07,research,1,"{""blazerId"":""B07"",""pantId"":""PG001"",""shirtId"":""DS004"",""state"":""T005"",""shoeId"":""shoe-1"",""watchId"":""watch-AP09""}",blazer-source-B07,Warm-Neutral Melange Grey Brushed Blazer,shirt-DS004,DS004 - source-repaired collar/body pilot,T005,Dark brown / gold medallions,pants-PG001,Prada — Dark grey (Cream lining),shoe-1,Christian Louboutin Dress Shoes — Black Single Monk,watch-AP09,Audemars Piguet — RO Dark Blue,B07,DS004,9.336633,9.136612,"The tie is deeper than the shirt, giving a readable focal point. A recorded accent links the tie to another garment. Separate trousers have deliberate colour/value separation from the blazer."
B07,research,2,"{""blazerId"":""B07"",""pantId"":""PB001"",""shirtId"":""DS019"",""state"":""NO_TIE"",""shoeId"":""shoe-13"",""watchId"":""watch-AP09""}",blazer-source-B07,Warm-Neutral Melange Grey Brushed Blazer,shirt-DS019,Chestnut/warm mid-brown; Solid,,No tie,pants-PB001,"Charles Tyrwhitt — Chino Navy (34W 30L, Slim Fit)",shoe-13,Hermes Loafers — Black Kelly Hardware,watch-AP09,Audemars Piguet — RO Dark Blue,B07,DS019,9.291167,9.102895,Open collar keeps the outfit uncluttered; no missing-tie penalty. Pattern scale and prominence leave a clear visual hierarchy. Separate trousers have deliberate colour/value separation from the blazer.
B07,research,3,"{""blazerId"":""B07"",""pantId"":""PG003"",""shirtId"":""DS005"",""state"":""T015"",""shoeId"":""shoe-1"",""watchId"":""watch-R09""}",blazer-source-B07,Warm-Neutral Melange Grey Brushed Blazer,shirt-DS005,Cream/off-white; Visually near-solid; subtle windowpane metadata retained,T015,Navy / fine diagonal stripe,pants-PG003,Very light grey,shoe-1,Christian Louboutin Dress Shoes — Black Single Monk,watch-R09,Rolex — Datejust White Dial,B07,DS005,9.305617,9.139441,"The tie is deeper than the shirt, giving a readable focal point. Pattern scale and prominence leave a clear visual hierarchy. Separate trousers have deliberate colour/value separation from the blazer."
B07,research,4,"{""blazerId"":""B07"",""pantId"":""PB001"",""shirtId"":""DS006"",""state"":""T004"",""shoeId"":""shoe-2"",""watchId"":""watch-R09""}",blazer-source-B07,Warm-Neutral Melange Grey Brushed Blazer,shirt-DS006,Brunello Cucinelli — light blue solid,T004,Burnt-orange near-solid geometric,pants-PB001,"Charles Tyrwhitt — Chino Navy (34W 30L, Slim Fit)",shoe-2,Berluti Dress Shoes — Black Double Monk,watch-R09,Rolex — Datejust White Dial,B07,DS006,9.272803,8.769079,"The tie is deeper than the shirt, giving a readable focal point. Pattern scale and prominence leave a clear visual hierarchy. Separate trousers have deliberate colour/value separation from the blazer."
B07,research,5,"{""blazerId"":""B07"",""pantId"":""PG001"",""shirtId"":""DS014"",""state"":""T029"",""shoeId"":""shoe-2"",""watchId"":""watch-R11""}",blazer-source-B07,Warm-Neutral Melange Grey Brushed Blazer,shirt-DS014,White; Solid,T029,Navy / silver ornamental medallions,pants-PG001,Prada — Dark grey (Cream lining),shoe-2,Berluti Dress Shoes — Black Double Monk,watch-R11,Rolex — Day-Date Green,B07,DS014,9.29292,9.292862,"The tie is deeper than the shirt, giving a readable focal point. A recorded accent links the tie to another garment. Separate trousers have deliberate colour/value separation from the blazer."
B07,research,6,"{""blazerId"":""B07"",""pantId"":""PG003"",""shirtId"":""DS002"",""state"":""T028"",""shoeId"":""shoe-3"",""watchId"":""watch-R11""}",blazer-source-B07,Warm-Neutral Melange Grey Brushed Blazer,shirt-DS002,DS002 - source-repaired collar/body pilot,T028,Midnight-navy tonal paisley,pants-PG003,Very light grey,shoe-3,Ecco Dress Shoes — Black Oxford/Derby,watch-R11,Rolex — Day-Date Green,B07,DS002,9.261524,9.032138,"The tie is deeper than the shirt, giving a readable focal point. Pattern scale and prominence leave a clear visual hierarchy. Separate trousers have deliberate colour/value separation from the blazer."
B07,research,7,"{""blazerId"":""B07"",""pantId"":""PT001"",""shirtId"":""DS008"",""state"":""T005"",""shoeId"":""shoe-3"",""watchId"":""watch-R13""}",blazer-source-B07,Warm-Neutral Melange Grey Brushed Blazer,shirt-DS008,Brunello Cucinelli — White with thin horizontal stripe,T005,Dark brown / gold medallions,pants-PT001,Prada — Black (matte) (Triangle logo plate),shoe-3,Ecco Dress Shoes — Black Oxford/Derby,watch-R13,Rolex — Day-Date Champagne,B07,DS008,9.299057,9.195296,"The tie is deeper than the shirt, giving a readable focal point. Separate trousers have deliberate colour/value separation from the blazer."
B07,research,8,"{""blazerId"":""B07"",""pantId"":""PB002"",""shirtId"":""DS019"",""state"":""NO_TIE"",""shoeId"":""shoe-13"",""watchId"":""watch-R13""}",blazer-source-B07,Warm-Neutral Melange Grey Brushed Blazer,shirt-DS019,Chestnut/warm mid-brown; Solid,,No tie,pants-PB002,"Nordstrom — Navy (Workers United label, previously unbranded)",shoe-13,Hermes Loafers — Black Kelly Hardware,watch-R13,Rolex — Day-Date Champagne,B07,DS019,9.291167,9.102895,Open collar keeps the outfit uncluttered; no missing-tie penalty. Pattern scale and prominence leave a clear visual hierarchy. Separate trousers have deliberate colour/value separation from the blazer.
B07,research,9,"{""blazerId"":""B07"",""pantId"":""PB002"",""shirtId"":""DS007"",""state"":""T004"",""shoeId"":""shoe-4"",""watchId"":""watch-R14""}",blazer-source-B07,Warm-Neutral Melange Grey Brushed Blazer,shirt-DS007,Paul Fredrick — Light blue micro-check,T004,Burnt-orange near-solid geometric,pants-PB002,"Nordstrom — Navy (Workers United label, previously unbranded)",shoe-4,Christian Louboutin Dress Shoes — Dark Brown Derby Lace-up,watch-R14,Rolex — Day-Date White Roman,B07,DS007,9.266967,8.524079,"The tie is deeper than the shirt, giving a readable focal point. Pattern scale and prominence leave a clear visual hierarchy. Separate trousers have deliberate colour/value separation from the blazer."
B07,research,10,"{""blazerId"":""B07"",""pantId"":""PN002"",""shirtId"":""DS005"",""state"":""T015"",""shoeId"":""shoe-4"",""watchId"":""watch-R14""}",blazer-source-B07,Warm-Neutral Melange Grey Brushed Blazer,shirt-DS005,Cream/off-white; Visually near-solid; subtle windowpane metadata retained,T015,Navy / fine diagonal stripe,pants-PN002,The Rising Sun Mfg Co. — Chino Light stone/grey-beige (Leather patch),shoe-4,Christian Louboutin Dress Shoes — Dark Brown Derby Lace-up,watch-R14,Rolex — Day-Date White Roman,B07,DS005,9.281237,9.147566,"The tie is deeper than the shirt, giving a readable focal point. Pattern scale and prominence leave a clear visual hierarchy. Separate trousers have deliberate colour/value separation from the blazer."
B07,research,11,"{""blazerId"":""B07"",""pantId"":""PN002"",""shirtId"":""DS014"",""state"":""T018"",""shoeId"":""shoe-49"",""watchId"":""watch-AP06""}",blazer-source-B07,Warm-Neutral Melange Grey Brushed Blazer,shirt-DS014,White; Solid,T018,Dark brown / slate-blue paisley,pants-PN002,The Rising Sun Mfg Co. — Chino Light stone/grey-beige (Leather patch),shoe-49,"Berluti Dress Shoes — Alessandro Infini Alto Oxford, Venezia calf, brown patina, lug sole",watch-AP06,"Audemars Piguet — RO Black Dial, Rose Gold",B07,DS014,9.239479,9.212763,"The tie is deeper than the shirt, giving a readable focal point. Separate trousers have deliberate colour/value separation from the blazer."
B07,research,12,"{""blazerId"":""B07"",""pantId"":""PT001"",""shirtId"":""DS004"",""state"":""T018"",""shoeId"":""shoe-8"",""watchId"":""watch-AP06""}",blazer-source-B07,Warm-Neutral Melange Grey Brushed Blazer,shirt-DS004,DS004 - source-repaired collar/body pilot,T018,Dark brown / slate-blue paisley,pants-PT001,Prada — Black (matte) (Triangle logo plate),shoe-8,Gucci Loafers — Black Horsebit,watch-AP06,"Audemars Piguet — RO Black Dial, Rose Gold",B07,DS004,9.242846,9.241612,"The tie is deeper than the shirt, giving a readable focal point. A recorded accent links the tie to another garment. Separate trousers have deliberate colour/value separation from the blazer."
B07,research,13,"{""blazerId"":""B07"",""pantId"":""PT002"",""shirtId"":""DS008"",""state"":""T022"",""shoeId"":""shoe-0"",""watchId"":""watch-AP10""}",blazer-source-B07,Warm-Neutral Melange Grey Brushed Blazer,shirt-DS008,Brunello Cucinelli — White with thin horizontal stripe,T022,Deep navy tonal honeycomb,pants-PT002,Theory — Black (Size 32),shoe-0,Louis Vuitton Dress Shoes — Black Embossed Monogram Lace-up,watch-AP10,Audemars Piguet — RO Blue RG Bracelet,B07,DS008,9.22586,9.29602,"The tie is deeper than the shirt, giving a readable focal point. Pattern scale and prominence leave a clear visual hierarchy. Separate trousers have deliberate colour/value separation from the blazer."
B07,research,14,"{""blazerId"":""B07"",""pantId"":""PT002"",""shirtId"":""DS001"",""state"":""T029"",""shoeId"":""shoe-8"",""watchId"":""watch-AP10""}",blazer-source-B07,Warm-Neutral Melange Grey Brushed Blazer,shirt-DS001,White; Solid,T029,Navy / silver ornamental medallions,pants-PT002,Theory — Black (Size 32),shoe-8,Gucci Loafers — Black Horsebit,watch-AP10,Audemars Piguet — RO Blue RG Bracelet,B07,DS001,9.23716,9.117862,"The tie is deeper than the shirt, giving a readable focal point. A recorded accent links the tie to another garment. Separate trousers have deliberate colour/value separation from the blazer."
B07,research,15,"{""blazerId"":""B07"",""pantId"":""PB003"",""shirtId"":""DS007"",""state"":""T003"",""shoeId"":""shoe-0"",""watchId"":""watch-AP13""}",blazer-source-B07,Warm-Neutral Melange Grey Brushed Blazer,shirt-DS007,Paul Fredrick — Light blue micro-check,T003,Rust / blue-grey linked scroll,pants-PB003,Theory — Navy (Size 32),shoe-0,Louis Vuitton Dress Shoes — Black Embossed Monogram Lace-up,watch-AP13,Audemars Piguet — RO Blue RG Leather,B07,DS007,9.218645,8.796677,"The tie is deeper than the shirt, giving a readable focal point. Pattern scale and prominence leave a clear visual hierarchy. A recorded accent links the tie to another garment. Separate trousers have deliberate colour/value separation from the blazer."
B08,baseline_curated,1,"{""blazerId"":""B08"",""pantId"":""PB002"",""shirtId"":""DS019"",""state"":""NO_TIE"",""shoeId"":""shoe-15"",""watchId"":""watch-P02""}",blazer-source-B08,Cream / Ivory Textured Blazer,shirt-DS019,Chestnut/warm mid-brown; Solid,,No tie,pants-PB002,"Nordstrom — Navy (Workers United label, previously unbranded)",shoe-15,Loro Piana Loafers — Brown Suede Penny,watch-P02,Patek Philippe — Aquanaut Chocolate RG,B08,DS019,,9.165526,"Cream blazer, chestnut shirt and navy trousers form a warm/cool open-collar alternative. Brown suede repeats the soft brown without adding shine."
B08,baseline_curated,2,"{""blazerId"":""B08"",""shirtId"":""DS022"",""state"":""NO_TIE"",""shoeId"":""shoe-15"",""watchId"":""watch-P05"",""pantId"":""PB001""}",blazer-source-B08,Cream / Ivory Textured Blazer,shirt-DS022,Darker lavender; Solid,,No tie,pants-PB001,"Charles Tyrwhitt — Chino Navy (34W 30L, Slim Fit)",shoe-15,Loro Piana Loafers — Brown Suede Penny,watch-P05,Patek Philippe — Nautilus 5712,B08,DS022,,8.169649,"Lavender under cream with navy trousers and soft brown shoes, without compulsory bright contrast."
B08,baseline_heuristic,1,"{""blazerId"":""B08"",""pantId"":""PB001"",""shirtId"":""DS019"",""state"":""T020"",""shoeId"":""shoe-15"",""watchId"":""watch-AP06""}",blazer-source-B08,Cream / Ivory Textured Blazer,shirt-DS019,Chestnut/warm mid-brown; Solid,T020,Navy / burgundy-tan paisley,pants-PB001,"Charles Tyrwhitt — Chino Navy (34W 30L, Slim Fit)",shoe-15,Loro Piana Loafers — Brown Suede Penny,watch-AP06,"Audemars Piguet — RO Black Dial, Rose Gold",B08,DS019,9.115445,9.437138,Tie gives a clear focal point; jacket-shirt contrast need not be maximized.
B08,baseline_heuristic,2,"{""blazerId"":""B08"",""pantId"":""PB001"",""shirtId"":""DS027"",""state"":""T010"",""shoeId"":""shoe-15"",""watchId"":""watch-AP06""}",blazer-source-B08,Cream / Ivory Textured Blazer,shirt-DS027,White/light ground; Bengal stripe,T010,Near-black / white spaced dots,pants-PB001,"Charles Tyrwhitt — Chino Navy (34W 30L, Slim Fit)",shoe-15,Loro Piana Loafers — Brown Suede Penny,watch-AP06,"Audemars Piguet — RO Black Dial, Rose Gold",B08,DS027,9.086728,9.207664,Tie gives a clear focal point; jacket-shirt contrast need not be maximized.
B08,baseline_heuristic,3,"{""blazerId"":""B08"",""pantId"":""PB002"",""shirtId"":""DS025"",""state"":""T032"",""shoeId"":""shoe-11"",""watchId"":""watch-AP10""}",blazer-source-B08,Cream / Ivory Textured Blazer,shirt-DS025,Light pink; Solid,T032,Purple / navy-white diagonal stripe,pants-PB002,"Nordstrom — Navy (Workers United label, previously unbranded)",shoe-11,"Gucci Loafers — Dark Espresso Brown/Oxblood Horsebit, Polished Leather",watch-AP10,Audemars Piguet — RO Blue RG Bracelet,B08,DS025,9.090779,9.277665,Tie gives a clear focal point; jacket-shirt contrast need not be maximized.
B08,baseline_heuristic,4,"{""blazerId"":""B08"",""pantId"":""PG002"",""shirtId"":""DS023"",""state"":""T014"",""shoeId"":""shoe-11"",""watchId"":""watch-AP10""}",blazer-source-B08,Cream / Ivory Textured Blazer,shirt-DS023,Deep burgundy/oxblood; Solid color with micro-texture,T014,Dark ground / silver ring dots,pants-PG002,Nordstrom Mens Shop — Grey (Brushed/flannel),shoe-11,"Gucci Loafers — Dark Espresso Brown/Oxblood Horsebit, Polished Leather",watch-AP10,Audemars Piguet — RO Blue RG Bracelet,B08,DS023,9.093738,9.220954,Tie gives a clear focal point; jacket-shirt contrast need not be maximized.
B08,baseline_heuristic,5,"{""blazerId"":""B08"",""pantId"":""PG002"",""shirtId"":""DS021"",""state"":""T025"",""shoeId"":""shoe-13"",""watchId"":""watch-AP13""}",blazer-source-B08,Cream / Ivory Textured Blazer,shirt-DS021,Very light lavender; Pinstripe,T025,Muted slate-brown / wine paisley,pants-PG002,Nordstrom Mens Shop — Grey (Brushed/flannel),shoe-13,Hermes Loafers — Black Kelly Hardware,watch-AP13,Audemars Piguet — RO Blue RG Leather,B08,DS021,9.070542,9.111151,Tie gives a clear focal point; jacket-shirt contrast need not be maximized.
B08,baseline_heuristic,6,"{""blazerId"":""B08"",""pantId"":""PB002"",""shirtId"":""DS006"",""state"":""T033"",""shoeId"":""shoe-13"",""watchId"":""watch-AP13""}",blazer-source-B08,Cream / Ivory Textured Blazer,shirt-DS006,Brunello Cucinelli — light blue solid,T033,Dark navy / blue-gold monogram,pants-PB002,"Nordstrom — Navy (Workers United label, previously unbranded)",shoe-13,Hermes Loafers — Black Kelly Hardware,watch-AP13,Audemars Piguet — RO Blue RG Leather,B08,DS006,9.081815,9.236414,Tie gives a clear focal point; jacket-shirt contrast need not be maximized.
B08,baseline_heuristic,7,"{""blazerId"":""B08"",""pantId"":""PB003"",""shirtId"":""DS019"",""state"":""T010"",""shoeId"":""shoe-17"",""watchId"":""watch-AP09""}",blazer-source-B08,Cream / Ivory Textured Blazer,shirt-DS019,Chestnut/warm mid-brown; Solid,T010,Near-black / white spaced dots,pants-PB003,Theory — Navy (Size 32),shoe-17,Louis Vuitton Loafers — Black Damier,watch-AP09,Audemars Piguet — RO Dark Blue,B08,DS019,9.10137,9.369638,Tie gives a clear focal point; jacket-shirt contrast need not be maximized.
B08,baseline_heuristic,8,"{""blazerId"":""B08"",""pantId"":""PB003"",""shirtId"":""DS018"",""state"":""T018"",""shoeId"":""shoe-17"",""watchId"":""watch-AP09""}",blazer-source-B08,Cream / Ivory Textured Blazer,shirt-DS018,Mauve/rose; Prince of Wales/glen check,T018,Dark brown / slate-blue paisley,pants-PB003,Theory — Navy (Size 32),shoe-17,Louis Vuitton Loafers — Black Damier,watch-AP09,Audemars Piguet — RO Dark Blue,B08,DS018,9.080262,9.135099,Tie gives a clear focal point; jacket-shirt contrast need not be maximized.
B08,baseline_heuristic,9,"{""blazerId"":""B08"",""pantId"":""PB004"",""shirtId"":""DS022"",""state"":""T032"",""shoeId"":""shoe-8"",""watchId"":""watch-R09""}",blazer-source-B08,Cream / Ivory Textured Blazer,shirt-DS022,Darker lavender; Solid,T032,Purple / navy-white diagonal stripe,pants-PB004,Prada — Navy (Cuffed hem),shoe-8,Gucci Loafers — Black Horsebit,watch-R09,Rolex — Datejust White Dial,B08,DS022,9.08025,9.134967,Tie gives a clear focal point; jacket-shirt contrast need not be maximized.
B08,baseline_heuristic,10,"{""blazerId"":""B08"",""pantId"":""PB004"",""shirtId"":""DS025"",""state"":""T025"",""shoeId"":""shoe-8"",""watchId"":""watch-R09""}",blazer-source-B08,Cream / Ivory Textured Blazer,shirt-DS025,Light pink; Solid,T025,Muted slate-brown / wine paisley,pants-PB004,Prada — Navy (Cuffed hem),shoe-8,Gucci Loafers — Black Horsebit,watch-R09,Rolex — Datejust White Dial,B08,DS025,9.084619,9.273125,Tie gives a clear focal point; jacket-shirt contrast need not be maximized.
B08,baseline_heuristic,11,"{""blazerId"":""B08"",""pantId"":""PG001"",""shirtId"":""DS018"",""state"":""T014"",""shoeId"":""shoe-4"",""watchId"":""watch-R11""}",blazer-source-B08,Cream / Ivory Textured Blazer,shirt-DS018,Mauve/rose; Prince of Wales/glen check,T014,Dark ground / silver ring dots,pants-PG001,Prada — Dark grey (Cream lining),shoe-4,Christian Louboutin Dress Shoes — Dark Brown Derby Lace-up,watch-R11,Rolex — Day-Date Green,B08,DS018,9.073386,9.11704,Tie gives a clear focal point; jacket-shirt contrast need not be maximized.
B08,baseline_heuristic,12,"{""blazerId"":""B08"",""pantId"":""PG001"",""shirtId"":""DS024"",""state"":""T029"",""shoeId"":""shoe-4"",""watchId"":""watch-R11""}",blazer-source-B08,Cream / Ivory Textured Blazer,shirt-DS024,Pale pink; Solid,T029,Navy / silver ornamental medallions,pants-PG001,Prada — Dark grey (Cream lining),shoe-4,Christian Louboutin Dress Shoes — Dark Brown Derby Lace-up,watch-R11,Rolex — Day-Date Green,B08,DS024,9.074547,9.219539,Tie gives a clear focal point; jacket-shirt contrast need not be maximized.
B08,baseline_heuristic,13,"{""blazerId"":""B08"",""pantId"":""PT001"",""shirtId"":""DS014"",""state"":""T018"",""shoeId"":""shoe-49"",""watchId"":""watch-R13""}",blazer-source-B08,Cream / Ivory Textured Blazer,shirt-DS014,White; Solid,T018,Dark brown / slate-blue paisley,pants-PT001,Prada — Black (matte) (Triangle logo plate),shoe-49,"Berluti Dress Shoes — Alessandro Infini Alto Oxford, Venezia calf, brown patina, lug sole",watch-R13,Rolex — Day-Date Champagne,B08,DS014,9.072283,9.194375,Tie gives a clear focal point; jacket-shirt contrast need not be maximized.
B08,baseline_heuristic,14,"{""blazerId"":""B08"",""pantId"":""PT001"",""shirtId"":""DS014"",""state"":""T011"",""shoeId"":""shoe-49"",""watchId"":""watch-R13""}",blazer-source-B08,Cream / Ivory Textured Blazer,shirt-DS014,White; Solid,T011,Near-black / fine white dots,pants-PT001,Prada — Black (matte) (Triangle logo plate),shoe-49,"Berluti Dress Shoes — Alessandro Infini Alto Oxford, Venezia calf, brown patina, lug sole",watch-R13,Rolex — Day-Date Champagne,B08,DS014,9.073301,9.205691,Tie gives a clear focal point; jacket-shirt contrast need not be maximized.
B08,baseline_heuristic,15,"{""blazerId"":""B08"",""pantId"":""PT002"",""shirtId"":""DS006"",""state"":""T039"",""shoeId"":""shoe-5"",""watchId"":""watch-R14""}",blazer-source-B08,Cream / Ivory Textured Blazer,shirt-DS006,Brunello Cucinelli — light blue solid,T039,Navy / light-blue floral,pants-PT002,Theory — Black (Size 32),shoe-5,Ecco Dress Shoes — Brown Oxford/Derby,watch-R14,Rolex — Day-Date White Roman,B08,DS006,9.076065,9.236414,Tie gives a clear focal point; jacket-shirt contrast need not be maximized.
B08,research,1,"{""blazerId"":""B08"",""pantId"":""PG001"",""shirtId"":""DS014"",""state"":""T005"",""shoeId"":""shoe-1"",""watchId"":""watch-AP06""}",blazer-source-B08,Cream / Ivory Textured Blazer,shirt-DS014,White; Solid,T005,Dark brown / gold medallions,pants-PG001,Prada — Dark grey (Cream lining),shoe-1,Christian Louboutin Dress Shoes — Black Single Monk,watch-AP06,"Audemars Piguet — RO Black Dial, Rose Gold",B08,DS014,9.364733,9.159375,"The tie is deeper than the shirt, giving a readable focal point. A recorded accent links the tie to another garment. Separate trousers have deliberate colour/value separation from the blazer."
B08,research,2,"{""blazerId"":""B08"",""pantId"":""PB001"",""shirtId"":""DS019"",""state"":""NO_TIE"",""shoeId"":""shoe-13"",""watchId"":""watch-AP06""}",blazer-source-B08,Cream / Ivory Textured Blazer,shirt-DS019,Chestnut/warm mid-brown; Solid,,No tie,pants-PB001,"Charles Tyrwhitt — Chino Navy (34W 30L, Slim Fit)",shoe-13,Hermes Loafers — Black Kelly Hardware,watch-AP06,"Audemars Piguet — RO Black Dial, Rose Gold",B08,DS019,9.357693,9.165526,Open collar keeps the outfit uncluttered; no missing-tie penalty. Pattern scale and prominence leave a clear visual hierarchy. Separate trousers have deliberate colour/value separation from the blazer.
B08,research,3,"{""blazerId"":""B08"",""pantId"":""PB001"",""shirtId"":""DS006"",""state"":""T004"",""shoeId"":""shoe-1"",""watchId"":""watch-AP10""}",blazer-source-B08,Cream / Ivory Textured Blazer,shirt-DS006,Brunello Cucinelli — light blue solid,T004,Burnt-orange near-solid geometric,pants-PB001,"Charles Tyrwhitt — Chino Navy (34W 30L, Slim Fit)",shoe-1,Christian Louboutin Dress Shoes — Black Single Monk,watch-AP10,Audemars Piguet — RO Blue RG Bracelet,B08,DS006,9.304806,8.924342,"The tie is deeper than the shirt, giving a readable focal point. Pattern scale and prominence leave a clear visual hierarchy. Separate trousers have deliberate colour/value separation from the blazer."
B08,research,4,"{""blazerId"":""B08"",""pantId"":""PG002"",""shirtId"":""DS005"",""state"":""T015"",""shoeId"":""shoe-2"",""watchId"":""watch-AP10""}",blazer-source-B08,Cream / Ivory Textured Blazer,shirt-DS005,Cream/off-white; Visually near-solid; subtle windowpane metadata retained,T015,Navy / fine diagonal stripe,pants-PG002,Nordstrom Mens Shop — Grey (Brushed/flannel),shoe-2,Berluti Dress Shoes — Black Double Monk,watch-AP10,Audemars Piguet — RO Blue RG Bracelet,B08,DS005,9.289464,9.081118,"The tie is deeper than the shirt, giving a readable focal point. Pattern scale and prominence leave a clear visual hierarchy. Separate trousers have deliberate colour/value separation from the blazer."
B08,research,5,"{""blazerId"":""B08"",""pantId"":""PG001"",""shirtId"":""DS005"",""state"":""T005"",""shoeId"":""shoe-2"",""watchId"":""watch-AP13""}",blazer-source-B08,Cream / Ivory Textured Blazer,shirt-DS005,Cream/off-white; Visually near-solid; subtle windowpane metadata retained,T005,Dark brown / gold medallions,pants-PG001,Prada — Dark grey (Cream lining),shoe-2,Berluti Dress Shoes — Black Double Monk,watch-AP13,Audemars Piguet — RO Blue RG Leather,B08,DS005,9.336595,9.055427,"The tie is deeper than the shirt, giving a readable focal point. A recorded accent links the tie to another garment. Separate trousers have deliberate colour/value separation from the blazer."
B08,research,6,"{""blazerId"":""B08"",""pantId"":""PB002"",""shirtId"":""DS019"",""state"":""NO_TIE"",""shoeId"":""shoe-13"",""watchId"":""watch-AP13""}",blazer-source-B08,Cream / Ivory Textured Blazer,shirt-DS019,Chestnut/warm mid-brown; Solid,,No tie,pants-PB002,"Nordstrom — Navy (Workers United label, previously unbranded)",shoe-13,Hermes Loafers — Black Kelly Hardware,watch-AP13,Audemars Piguet — RO Blue RG Leather,B08,DS019,9.357693,9.165526,Open collar keeps the outfit uncluttered; no missing-tie penalty. Pattern scale and prominence leave a clear visual hierarchy. Separate trousers have deliberate colour/value separation from the blazer.
B08,research,7,"{""blazerId"":""B08"",""pantId"":""PG002"",""shirtId"":""DS004"",""state"":""T018"",""shoeId"":""shoe-3"",""watchId"":""watch-AP09""}",blazer-source-B08,Cream / Ivory Textured Blazer,shirt-DS004,DS004 - source-repaired collar/body pilot,T018,Dark brown / slate-blue paisley,pants-PG002,Nordstrom Mens Shop — Grey (Brushed/flannel),shoe-3,Ecco Dress Shoes — Black Oxford/Derby,watch-AP09,Audemars Piguet — RO Dark Blue,B08,DS004,9.311634,9.181974,"The tie is deeper than the shirt, giving a readable focal point. A recorded accent links the tie to another garment. Separate trousers have deliberate colour/value separation from the blazer."
B08,research,8,"{""blazerId"":""B08"",""pantId"":""PB002"",""shirtId"":""DS007"",""state"":""T004"",""shoeId"":""shoe-3"",""watchId"":""watch-AP09""}",blazer-source-B08,Cream / Ivory Textured Blazer,shirt-DS007,Paul Fredrick — Light blue micro-check,T004,Burnt-orange near-solid geometric,pants-PB002,"Nordstrom — Navy (Workers United label, previously unbranded)",shoe-3,Ecco Dress Shoes — Black Oxford/Derby,watch-AP09,Audemars Piguet — RO Dark Blue,B08,DS007,9.300369,8.679342,"The tie is deeper than the shirt, giving a readable focal point. Pattern scale and prominence leave a clear visual hierarchy. Separate trousers have deliberate colour/value separation from the blazer."
B08,research,9,"{""blazerId"":""B08"",""pantId"":""PB003"",""shirtId"":""DS008"",""state"":""T018"",""shoeId"":""shoe-4"",""watchId"":""watch-R09""}",blazer-source-B08,Cream / Ivory Textured Blazer,shirt-DS008,Brunello Cucinelli — White with thin horizontal stripe,T018,Dark brown / slate-blue paisley,pants-PB003,Theory — Navy (Size 32),shoe-4,Christian Louboutin Dress Shoes — Dark Brown Derby Lace-up,watch-R09,Rolex — Datejust White Dial,B08,DS008,9.278796,9.165099,"The tie is deeper than the shirt, giving a readable focal point. A recorded accent links the tie to another garment. Separate trousers have deliberate colour/value separation from the blazer."
B08,research,10,"{""blazerId"":""B08"",""pantId"":""PB003"",""shirtId"":""DS001"",""state"":""T002"",""shoeId"":""shoe-4"",""watchId"":""watch-R09""}",blazer-source-B08,Cream / Ivory Textured Blazer,shirt-DS001,White; Solid,T002,Tobacco / blue medallion grid,pants-PB003,Theory — Navy (Size 32),shoe-4,Christian Louboutin Dress Shoes — Dark Brown Derby Lace-up,watch-R09,Rolex — Datejust White Dial,B08,DS001,9.258392,9.052664,"The tie is deeper than the shirt, giving a readable focal point. A recorded accent links the tie to another garment. Separate trousers have deliberate colour/value separation from the blazer."
B08,research,11,"{""blazerId"":""B08"",""pantId"":""PT001"",""shirtId"":""DS004"",""state"":""T021"",""shoeId"":""shoe-8"",""watchId"":""watch-R11""}",blazer-source-B08,Cream / Ivory Textured Blazer,shirt-DS004,DS004 - source-repaired collar/body pilot,T021,Dark navy / gold medallions,pants-PT001,Prada — Black (matte) (Triangle logo plate),shoe-8,Gucci Loafers — Black Horsebit,watch-R11,Rolex — Day-Date Green,B08,DS004,9.219685,9.04704,"The tie is deeper than the shirt, giving a readable focal point. Separate trousers have deliberate colour/value separation from the blazer."
B08,research,12,"{""blazerId"":""B08"",""pantId"":""PB004"",""shirtId"":""DS007"",""state"":""T003"",""shoeId"":""shoe-0"",""watchId"":""watch-R11""}",blazer-source-B08,Cream / Ivory Textured Blazer,shirt-DS007,Paul Fredrick — Light blue micro-check,T003,Rust / blue-grey linked scroll,pants-PB004,Prada — Navy (Cuffed hem),shoe-0,Louis Vuitton Dress Shoes — Black Embossed Monogram Lace-up,watch-R11,Rolex — Day-Date Green,B08,DS007,9.253047,8.951941,"The tie is deeper than the shirt, giving a readable focal point. Pattern scale and prominence leave a clear visual hierarchy. A recorded accent links the tie to another garment. Separate trousers have deliberate colour/value separation from the blazer."
B08,research,13,"{""blazerId"":""B08"",""pantId"":""PB004"",""shirtId"":""DS006"",""state"":""T003"",""shoeId"":""shoe-0"",""watchId"":""watch-R13""}",blazer-source-B08,Cream / Ivory Textured Blazer,shirt-DS006,Brunello Cucinelli — light blue solid,T003,Rust / blue-grey linked scroll,pants-PB004,Prada — Navy (Cuffed hem),shoe-0,Louis Vuitton Dress Shoes — Black Embossed Monogram Lace-up,watch-R13,Rolex — Day-Date Champagne,B08,DS006,9.252499,8.916941,"The tie is deeper than the shirt, giving a readable focal point. Pattern scale and prominence leave a clear visual hierarchy. A recorded accent links the tie to another garment. Separate trousers have deliberate colour/value separation from the blazer."
B08,research,14,"{""blazerId"":""B08"",""pantId"":""PT001"",""shirtId"":""DS014"",""state"":""T002"",""shoeId"":""shoe-8"",""watchId"":""watch-R13""}",blazer-source-B08,Cream / Ivory Textured Blazer,shirt-DS014,White; Solid,T002,Tobacco / blue medallion grid,pants-PT001,Prada — Black (matte) (Triangle logo plate),shoe-8,Gucci Loafers — Black Horsebit,watch-R13,Rolex — Day-Date Champagne,B08,DS014,9.251877,9.083914,"The tie is deeper than the shirt, giving a readable focal point. A recorded accent links the tie to another garment. Separate trousers have deliberate colour/value separation from the blazer."
B08,research,15,"{""blazerId"":""B08"",""pantId"":""PT002"",""shirtId"":""DS001"",""state"":""T001"",""shoeId"":""shoe-17"",""watchId"":""watch-R14""}",blazer-source-B08,Cream / Ivory Textured Blazer,shirt-DS001,White; Solid,T001,Taupe horsebit,pants-PT002,Theory — Black (Size 32),shoe-17,Louis Vuitton Loafers — Black Damier,watch-R14,Rolex — Day-Date White Roman,B08,DS001,9.229298,9.153914,"The tie is deeper than the shirt, giving a readable focal point. Pattern scale and prominence leave a clear visual hierarchy. A recorded accent links the tie to another garment. Separate trousers have deliberate colour/value separation from the blazer."
B09,baseline_curated,1,"{""blazerId"":""B09"",""shirtId"":""DS005"",""state"":""T018"",""shoeId"":""shoe-4"",""watchId"":""watch-P02"",""pantId"":""PN002""}",blazer-source-B09,charcoal herringbone with taupe suede elbow patches; passed,shirt-DS005,Cream/off-white; Visually near-solid; subtle windowpane metadata retained,T018,Dark brown / slate-blue paisley,pants-PN002,The Rising Sun Mfg Co. — Chino Light stone/grey-beige (Leather patch),shoe-4,Christian Louboutin Dress Shoes — Dark Brown Derby Lace-up,watch-P02,Patek Philippe — Aquanaut Chocolate RG,B09,DS005,,9.156678,Cream and brown/slate paisley echo taupe patches while pale trousers distinguish the charcoal jacket.
B09,baseline_curated,2,"{""blazerId"":""B09"",""shirtId"":""DS024"",""state"":""T030"",""shoeId"":""shoe-3"",""watchId"":""watch-R09"",""pantId"":""PG003""}",blazer-source-B09,charcoal herringbone with taupe suede elbow patches; passed,shirt-DS024,Pale pink; Solid,T030,Aubergine tonal geometric,pants-PG003,Very light grey,shoe-3,Ecco Dress Shoes — Black Oxford/Derby,watch-R09,Rolex — Datejust White Dial,B09,DS024,,9.189803,"Pink and aubergine support charcoal herringbone, with light-grey trousers."
B09,baseline_heuristic,1,"{""blazerId"":""B09"",""pantId"":""PN002"",""shirtId"":""DS025"",""state"":""T024"",""shoeId"":""shoe-13"",""watchId"":""watch-AP09""}",blazer-source-B09,charcoal herringbone with taupe suede elbow patches; passed,shirt-DS025,Light pink; Solid,T024,Royal blue / beige-gold paisley,pants-PN002,The Rising Sun Mfg Co. — Chino Light stone/grey-beige (Leather patch),shoe-13,Hermes Loafers — Black Kelly Hardware,watch-AP09,Audemars Piguet — RO Dark Blue,B09,DS025,9.107676,9.439704,Tie gives a clear focal point; jacket-shirt contrast need not be maximized.
B09,baseline_heuristic,2,"{""blazerId"":""B09"",""pantId"":""PG002"",""shirtId"":""DS027"",""state"":""T010"",""shoeId"":""shoe-13"",""watchId"":""watch-AP09""}",blazer-source-B09,charcoal herringbone with taupe suede elbow patches; passed,shirt-DS027,White/light ground; Bengal stripe,T010,Near-black / white spaced dots,pants-PG002,Nordstrom Mens Shop — Grey (Brushed/flannel),shoe-13,Hermes Loafers — Black Kelly Hardware,watch-AP09,Audemars Piguet — RO Dark Blue,B09,DS027,9.09761,9.327862,Tie gives a clear focal point; jacket-shirt contrast need not be maximized.
B09,baseline_heuristic,3,"{""blazerId"":""B09"",""pantId"":""PN002"",""shirtId"":""DS002"",""state"":""NO_TIE"",""shoeId"":""shoe-17"",""watchId"":""watch-R09""}",blazer-source-B09,charcoal herringbone with taupe suede elbow patches; passed,shirt-DS002,DS002 - source-repaired collar/body pilot,,No tie,pants-PN002,The Rising Sun Mfg Co. — Chino Light stone/grey-beige (Leather patch),shoe-17,Louis Vuitton Loafers — Black Damier,watch-R09,Rolex — Datejust White Dial,B09,DS002,9.086818,9.303947,Open collar has its own readable value/texture structure on the same quality scale; no missing-tie penalty.
B09,baseline_heuristic,4,"{""blazerId"":""B09"",""pantId"":""PG002"",""shirtId"":""DS022"",""state"":""T036"",""shoeId"":""shoe-17"",""watchId"":""watch-R09""}",blazer-source-B09,charcoal herringbone with taupe suede elbow patches; passed,shirt-DS022,Darker lavender; Solid,T036,Purple / grey ornamental medallions,pants-PG002,Nordstrom Mens Shop — Grey (Brushed/flannel),shoe-17,Louis Vuitton Loafers — Black Damier,watch-R09,Rolex — Datejust White Dial,B09,DS022,9.090529,9.249178,Tie gives a clear focal point; jacket-shirt contrast need not be maximized.
B09,baseline_heuristic,5,"{""blazerId"":""B09"",""pantId"":""PG003"",""shirtId"":""DS006"",""state"":""T033"",""shoeId"":""shoe-8"",""watchId"":""watch-R11""}",blazer-source-B09,charcoal herringbone with taupe suede elbow patches; passed,shirt-DS006,Brunello Cucinelli — light blue solid,T033,Dark navy / blue-gold monogram,pants-PG003,Very light grey,shoe-8,Gucci Loafers — Black Horsebit,watch-R11,Rolex — Day-Date Green,B09,DS006,9.086929,9.209178,Tie gives a clear focal point; jacket-shirt contrast need not be maximized.
B09,baseline_heuristic,6,"{""blazerId"":""B09"",""pantId"":""PG003"",""shirtId"":""DS019"",""state"":""T043"",""shoeId"":""shoe-8"",""watchId"":""watch-R11""}",blazer-source-B09,charcoal herringbone with taupe suede elbow patches; passed,shirt-DS019,Chestnut/warm mid-brown; Solid,T043,Black / muted pale floral outline,pants-PG003,Very light grey,shoe-8,Gucci Loafers — Black Horsebit,watch-R11,Rolex — Day-Date Green,B09,DS019,9.087124,9.211349,Tie gives a clear focal point; jacket-shirt contrast need not be maximized.
B09,baseline_heuristic,7,"{""blazerId"":""B09"",""pantId"":""PT001"",""shirtId"":""DS008"",""state"":""T044"",""shoeId"":""shoe-15"",""watchId"":""watch-R13""}",blazer-source-B09,charcoal herringbone with taupe suede elbow patches; passed,shirt-DS008,Brunello Cucinelli — White with thin horizontal stripe,T044,Silver-grey tonal floral-paisley,pants-PT001,Prada — Black (matte) (Triangle logo plate),shoe-15,Loro Piana Loafers — Brown Suede Penny,watch-R13,Rolex — Day-Date Champagne,B09,DS008,9.090556,9.253651,Tie gives a clear focal point; jacket-shirt contrast need not be maximized.
B09,baseline_heuristic,8,"{""blazerId"":""B09"",""pantId"":""PT001"",""shirtId"":""DS005"",""state"":""T001"",""shoeId"":""shoe-15"",""watchId"":""watch-R13""}",blazer-source-B09,charcoal herringbone with taupe suede elbow patches; passed,shirt-DS005,Cream/off-white; Visually near-solid; subtle windowpane metadata retained,T001,Taupe horsebit,pants-PT001,Prada — Black (matte) (Triangle logo plate),shoe-15,Loro Piana Loafers — Brown Suede Penny,watch-R13,Rolex — Day-Date Champagne,B09,DS005,9.087566,9.220428,Tie gives a clear focal point; jacket-shirt contrast need not be maximized.
B09,baseline_heuristic,9,"{""blazerId"":""B09"",""pantId"":""PT002"",""shirtId"":""DS021"",""state"":""T025"",""shoeId"":""shoe-11"",""watchId"":""watch-R14""}",blazer-source-B09,charcoal herringbone with taupe suede elbow patches; passed,shirt-DS021,Very light lavender; Pinstripe,T025,Muted slate-brown / wine paisley,pants-PT002,Theory — Black (Size 32),shoe-11,"Gucci Loafers — Dark Espresso Brown/Oxblood Horsebit, Polished Leather",watch-R14,Rolex — Day-Date White Roman,B09,DS021,9.08523,9.219474,Tie gives a clear focal point; jacket-shirt contrast need not be maximized.
B09,baseline_heuristic,10,"{""blazerId"":""B09"",""pantId"":""PT002"",""shirtId"":""DS027"",""state"":""T038"",""shoeId"":""shoe-11"",""watchId"":""watch-R14""}",blazer-source-B09,charcoal herringbone with taupe suede elbow patches; passed,shirt-DS027,White/light ground; Bengal stripe,T038,Fuchsia / pale-blue floral,pants-PT002,Theory — Black (Size 32),shoe-11,"Gucci Loafers — Dark Espresso Brown/Oxblood Horsebit, Polished Leather",watch-R14,Rolex — Day-Date White Roman,B09,DS027,9.080094,9.162401,Tie gives a clear focal point; jacket-shirt contrast need not be maximized.
B09,baseline_heuristic,11,"{""blazerId"":""B09"",""pantId"":""PT003"",""shirtId"":""DS007"",""state"":""T024"",""shoeId"":""shoe-14"",""watchId"":""watch-AP06""}",blazer-source-B09,charcoal herringbone with taupe suede elbow patches; passed,shirt-DS007,Paul Fredrick — Light blue micro-check,T024,Royal blue / beige-gold paisley,pants-PT003,Burberry — Black (Perforated mesh panel),shoe-14,"Hermes Loafers — Cognac/Chestnut Kelly Hardware, Dark Espresso Patina",watch-AP06,"Audemars Piguet — RO Black Dial, Rose Gold",B09,DS007,9.074838,9.204704,Tie gives a clear focal point; jacket-shirt contrast need not be maximized.
B09,baseline_heuristic,12,"{""blazerId"":""B09"",""pantId"":""PT003"",""shirtId"":""DS025"",""state"":""T007"",""shoeId"":""shoe-14"",""watchId"":""watch-AP06""}",blazer-source-B09,charcoal herringbone with taupe suede elbow patches; passed,shirt-DS025,Light pink; Solid,T007,Charcoal / pale-pink diagonal lattice,pants-PT003,Burberry — Black (Perforated mesh panel),shoe-14,"Hermes Loafers — Cognac/Chestnut Kelly Hardware, Dark Espresso Patina",watch-AP06,"Audemars Piguet — RO Black Dial, Rose Gold",B09,DS025,9.070072,9.151744,Tie gives a clear focal point; jacket-shirt contrast need not be maximized.
B09,baseline_heuristic,13,"{""blazerId"":""B09"",""pantId"":""PT004"",""shirtId"":""DS024"",""state"":""T001"",""shoeId"":""shoe-9"",""watchId"":""watch-AP10""}",blazer-source-B09,charcoal herringbone with taupe suede elbow patches; passed,shirt-DS024,Pale pink; Solid,T001,Taupe horsebit,pants-PT004,Zegna — Black (Made in Italy),shoe-9,Gucci Loafers — Cognac Horsebit,watch-AP10,Audemars Piguet — RO Blue RG Bracelet,B09,DS024,9.073216,9.186678,Tie gives a clear focal point; jacket-shirt contrast need not be maximized.
B09,baseline_heuristic,14,"{""blazerId"":""B09"",""pantId"":""PT004"",""shirtId"":""DS014"",""state"":""T010"",""shoeId"":""shoe-9"",""watchId"":""watch-AP10""}",blazer-source-B09,charcoal herringbone with taupe suede elbow patches; passed,shirt-DS014,White; Solid,T010,Near-black / white spaced dots,pants-PT004,Zegna — Black (Made in Italy),shoe-9,Gucci Loafers — Cognac Horsebit,watch-AP10,Audemars Piguet — RO Blue RG Bracelet,B09,DS014,9.087433,9.344638,Tie gives a clear focal point; jacket-shirt contrast need not be maximized.
B09,baseline_heuristic,15,"{""blazerId"":""B09"",""pantId"":""PT005"",""shirtId"":""DS008"",""state"":""T017"",""shoeId"":""shoe-19"",""watchId"":""watch-AP13""}",blazer-source-B09,charcoal herringbone with taupe suede elbow patches; passed,shirt-DS008,Brunello Cucinelli — White with thin horizontal stripe,T017,Pale blue / white paisley,pants-PT005,Prada — Black (shiny/satin) (Triangle logo plate),shoe-19,Louis Vuitton Loafers — Black Monogram,watch-AP13,Audemars Piguet — RO Blue RG Leather,B09,DS008,9.077229,9.241677,Tie gives a clear focal point; jacket-shirt contrast need not be maximized.
B09,research,1,"{""blazerId"":""B09"",""pantId"":""PG003"",""shirtId"":""DS005"",""state"":""T015"",""shoeId"":""shoe-1"",""watchId"":""watch-AP09""}",blazer-source-B09,charcoal herringbone with taupe suede elbow patches; passed,shirt-DS005,Cream/off-white; Visually near-solid; subtle windowpane metadata retained,T015,Navy / fine diagonal stripe,pants-PG003,Very light grey,shoe-1,Christian Louboutin Dress Shoes — Black Single Monk,watch-AP09,Audemars Piguet — RO Dark Blue,B09,DS005,9.344022,9.147368,"The tie is deeper than the shirt, giving a readable focal point. Pattern scale and prominence leave a clear visual hierarchy. Separate trousers have deliberate colour/value separation from the blazer."
B09,research,2,"{""blazerId"":""B09"",""pantId"":""PG002"",""shirtId"":""DS014"",""state"":""T005"",""shoeId"":""shoe-1"",""watchId"":""watch-AP09""}",blazer-source-B09,charcoal herringbone with taupe suede elbow patches; passed,shirt-DS014,White; Solid,T005,Dark brown / gold medallions,pants-PG002,Nordstrom Mens Shop — Grey (Brushed/flannel),shoe-1,Christian Louboutin Dress Shoes — Black Single Monk,watch-AP09,Audemars Piguet — RO Dark Blue,B09,DS014,9.287679,9.121678,"The tie is deeper than the shirt, giving a readable focal point. A recorded accent links the tie to another garment. Separate trousers have deliberate colour/value separation from the blazer."
B09,research,3,"{""blazerId"":""B09"",""pantId"":""PG003"",""shirtId"":""DS002"",""state"":""T028"",""shoeId"":""shoe-2"",""watchId"":""watch-R09""}",blazer-source-B09,charcoal herringbone with taupe suede elbow patches; passed,shirt-DS002,DS002 - source-repaired collar/body pilot,T028,Midnight-navy tonal paisley,pants-PG003,Very light grey,shoe-2,Berluti Dress Shoes — Black Double Monk,watch-R09,Rolex — Datejust White Dial,B09,DS002,9.300092,9.050526,"The tie is deeper than the shirt, giving a readable focal point. Pattern scale and prominence leave a clear visual hierarchy. Separate trousers have deliberate colour/value separation from the blazer."
B09,research,4,"{""blazerId"":""B09"",""pantId"":""PG002"",""shirtId"":""DS025"",""state"":""T012"",""shoeId"":""shoe-2"",""watchId"":""watch-R09""}",blazer-source-B09,charcoal herringbone with taupe suede elbow patches; passed,shirt-DS025,Light pink; Solid,T012,Black tonal lattice,pants-PG002,Nordstrom Mens Shop — Grey (Brushed/flannel),shoe-2,Berluti Dress Shoes — Black Double Monk,watch-R09,Rolex — Datejust White Dial,B09,DS025,9.217412,9.340263,"The tie is deeper than the shirt, giving a readable focal point. Pattern scale and prominence leave a clear visual hierarchy. Separate trousers have deliberate colour/value separation from the blazer."
B09,research,5,"{""blazerId"":""B09"",""pantId"":""PT001"",""shirtId"":""DS019"",""state"":""NO_TIE"",""shoeId"":""shoe-13"",""watchId"":""watch-R11""}",blazer-source-B09,charcoal herringbone with taupe suede elbow patches; passed,shirt-DS019,Chestnut/warm mid-brown; Solid,,No tie,pants-PT001,Prada — Black (matte) (Triangle logo plate),shoe-13,Hermes Loafers — Black Kelly Hardware,watch-R11,Rolex — Day-Date Green,B09,DS019,9.196131,8.431053,Open collar keeps the outfit uncluttered; no missing-tie penalty. Pattern scale and prominence leave a clear visual hierarchy. Separate trousers have deliberate colour/value separation from the blazer.
B09,research,6,"{""blazerId"":""B09"",""pantId"":""PT001"",""shirtId"":""DS006"",""state"":""T004"",""shoeId"":""shoe-3"",""watchId"":""watch-R11""}",blazer-source-B09,charcoal herringbone with taupe suede elbow patches; passed,shirt-DS006,Brunello Cucinelli — light blue solid,T004,Burnt-orange near-solid geometric,pants-PT001,Prada — Black (matte) (Triangle logo plate),shoe-3,Ecco Dress Shoes — Black Oxford/Derby,watch-R11,Rolex — Day-Date Green,B09,DS006,9.19229,9.024539,"The tie is deeper than the shirt, giving a readable focal point. Pattern scale and prominence leave a clear visual hierarchy. Separate trousers have deliberate colour/value separation from the blazer."
B09,research,7,"{""blazerId"":""B09"",""pantId"":""PN002"",""shirtId"":""DS005"",""state"":""T015"",""shoeId"":""shoe-4"",""watchId"":""watch-R13""}",blazer-source-B09,charcoal herringbone with taupe suede elbow patches; passed,shirt-DS005,Cream/off-white; Visually near-solid; subtle windowpane metadata retained,T015,Navy / fine diagonal stripe,pants-PN002,The Rising Sun Mfg Co. — Chino Light stone/grey-beige (Leather patch),shoe-4,Christian Louboutin Dress Shoes — Dark Brown Derby Lace-up,watch-R13,Rolex — Day-Date Champagne,B09,DS005,9.319573,9.151118,"The tie is deeper than the shirt, giving a readable focal point. Pattern scale and prominence leave a clear visual hierarchy. Separate trousers have deliberate colour/value separation from the blazer."
B09,research,8,"{""blazerId"":""B09"",""pantId"":""PT002"",""shirtId"":""DS001"",""state"":""T005"",""shoeId"":""shoe-3"",""watchId"":""watch-R13""}",blazer-source-B09,charcoal herringbone with taupe suede elbow patches; passed,shirt-DS001,White; Solid,T005,Dark brown / gold medallions,pants-PT002,Theory — Black (Size 32),shoe-3,Ecco Dress Shoes — Black Oxford/Derby,watch-R13,Rolex — Day-Date Champagne,B09,DS001,9.270098,9.070428,"The tie is deeper than the shirt, giving a readable focal point. A recorded accent links the tie to another garment. Separate trousers have deliberate colour/value separation from the blazer."
B09,research,9,"{""blazerId"":""B09"",""pantId"":""PN002"",""shirtId"":""DS008"",""state"":""T039"",""shoeId"":""shoe-4"",""watchId"":""watch-R14""}",blazer-source-B09,charcoal herringbone with taupe suede elbow patches; passed,shirt-DS008,Brunello Cucinelli — White with thin horizontal stripe,T039,Navy / light-blue floral,pants-PN002,The Rising Sun Mfg Co. — Chino Light stone/grey-beige (Leather patch),shoe-4,Christian Louboutin Dress Shoes — Dark Brown Derby Lace-up,watch-R14,Rolex — Day-Date White Roman,B09,DS008,9.2175,9.159276,"The tie is deeper than the shirt, giving a readable focal point. Pattern scale and prominence leave a clear visual hierarchy. Separate trousers have deliberate colour/value separation from the blazer."
B09,research,10,"{""blazerId"":""B09"",""pantId"":""PT002"",""shirtId"":""DS004"",""state"":""T018"",""shoeId"":""shoe-13"",""watchId"":""watch-R14""}",blazer-source-B09,charcoal herringbone with taupe suede elbow patches; passed,shirt-DS004,DS004 - source-repaired collar/body pilot,T018,Dark brown / slate-blue paisley,pants-PT002,Theory — Black (Size 32),shoe-13,Hermes Loafers — Black Kelly Hardware,watch-R14,Rolex — Day-Date White Roman,B09,DS004,9.205787,9.128026,"The tie is deeper than the shirt, giving a readable focal point. A recorded accent links the tie to another garment. Separate trousers have deliberate colour/value separation from the blazer."
B09,research,11,"{""blazerId"":""B09"",""pantId"":""PT003"",""shirtId"":""DS002"",""state"":""T028"",""shoeId"":""shoe-0"",""watchId"":""watch-AP06""}",blazer-source-B09,charcoal herringbone with taupe suede elbow patches; passed,shirt-DS002,DS002 - source-repaired collar/body pilot,T028,Midnight-navy tonal paisley,pants-PT003,Burberry — Black (Perforated mesh panel),shoe-0,Louis Vuitton Dress Shoes — Black Embossed Monogram Lace-up,watch-AP06,"Audemars Piguet — RO Black Dial, Rose Gold",B09,DS002,9.237068,9.034276,"The tie is deeper than the shirt, giving a readable focal point. Pattern scale and prominence leave a clear visual hierarchy. Separate trousers have deliberate colour/value separation from the blazer."
B09,research,12,"{""blazerId"":""B09"",""pantId"":""PT003"",""shirtId"":""DS014"",""state"":""T018"",""shoeId"":""shoe-8"",""watchId"":""watch-AP06""}",blazer-source-B09,charcoal herringbone with taupe suede elbow patches; passed,shirt-DS014,White; Solid,T018,Dark brown / slate-blue paisley,pants-PT003,Burberry — Black (Perforated mesh panel),shoe-8,Gucci Loafers — Black Horsebit,watch-AP06,"Audemars Piguet — RO Black Dial, Rose Gold",B09,DS014,9.202981,9.140428,"The tie is deeper than the shirt, giving a readable focal point. A recorded accent links the tie to another garment. Separate trousers have deliberate colour/value separation from the blazer."
B09,research,13,"{""blazerId"":""B09"",""pantId"":""PT004"",""shirtId"":""DS004"",""state"":""T021"",""shoeId"":""shoe-8"",""watchId"":""watch-AP10""}",blazer-source-B09,charcoal herringbone with taupe suede elbow patches; passed,shirt-DS004,DS004 - source-repaired collar/body pilot,T021,Dark navy / gold medallions,pants-PT004,Zegna — Black (Made in Italy),shoe-8,Gucci Loafers — Black Horsebit,watch-AP10,Audemars Piguet — RO Blue RG Bracelet,B09,DS004,9.185651,8.993092,"The tie is deeper than the shirt, giving a readable focal point. Separate trousers have deliberate colour/value separation from the blazer."
B09,research,14,"{""blazerId"":""B09"",""pantId"":""PT004"",""shirtId"":""DS001"",""state"":""T002"",""shoeId"":""shoe-0"",""watchId"":""watch-AP10""}",blazer-source-B09,charcoal herringbone with taupe suede elbow patches; passed,shirt-DS001,White; Solid,T002,Tobacco / blue medallion grid,pants-PT004,Zegna — Black (Made in Italy),shoe-0,Louis Vuitton Dress Shoes — Black Embossed Monogram Lace-up,watch-AP10,Audemars Piguet — RO Blue RG Bracelet,B09,DS001,9.178199,9.080428,"The tie is deeper than the shirt, giving a readable focal point. A recorded accent links the tie to another garment. Separate trousers have deliberate colour/value separation from the blazer."
B09,research,15,"{""blazerId"":""B09"",""pantId"":""PT005"",""shirtId"":""DS008"",""state"":""T025"",""shoeId"":""shoe-12"",""watchId"":""watch-AP13""}",blazer-source-B09,charcoal herringbone with taupe suede elbow patches; passed,shirt-DS008,Brunello Cucinelli — White with thin horizontal stripe,T025,Muted slate-brown / wine paisley,pants-PT005,Prada — Black (shiny/satin) (Triangle logo plate),shoe-12,Gucci Loafers — Navy Suede Horsebit Loafer,watch-AP13,Audemars Piguet — RO Blue RG Leather,B09,DS008,9.157058,9.186349,"The tie is deeper than the shirt, giving a readable focal point. A recorded accent links the tie to another garment. Separate trousers have deliberate colour/value separation from the blazer."
B10,baseline_curated,1,"{""blazerId"":""B10"",""pantId"":""PG001"",""shirtId"":""DS014"",""state"":""T005"",""shoeId"":""shoe-6"",""watchId"":""watch-R13""}",blazer-source-B10,Light Camel / Warm Taupe-Beige Near-Solid Textured Blazer,shirt-DS014,White; Solid,T005,Dark brown / gold medallions,pants-PG001,Prada — Dark grey (Cream lining),shoe-6,Allen Edmonds Dress Shoes — Brown Double Monk Strap,watch-R13,Rolex — Day-Date Champagne,B10,DS014,,9.219013,"Camel, white and dark grey provide a clear sport-coat structure. Dark-brown/gold tie accents link the jacket and brown monks."
B10,baseline_curated,2,"{""blazerId"":""B10"",""shirtId"":""DS006"",""state"":""T028"",""shoeId"":""shoe-6"",""watchId"":""watch-P05"",""pantId"":""PG001""}",blazer-source-B10,Light Camel / Warm Taupe-Beige Near-Solid Textured Blazer,shirt-DS006,Brunello Cucinelli — light blue solid,T028,Midnight-navy tonal paisley,pants-PG001,Prada — Dark grey (Cream lining),shoe-6,Allen Edmonds Dress Shoes — Brown Double Monk Strap,watch-P05,Patek Philippe — Nautilus 5712,B10,DS006,,9.13671,"Camel, blue and navy over dark grey; the shirt and tie support the warm jacket."
B10,baseline_curated,3,"{""blazerId"":""B10"",""shirtId"":""DS022"",""state"":""T018"",""shoeId"":""shoe-4"",""watchId"":""watch-P02"",""pantId"":""PB001""}",blazer-source-B10,Light Camel / Warm Taupe-Beige Near-Solid Textured Blazer,shirt-DS022,Darker lavender; Solid,T018,Dark brown / slate-blue paisley,pants-PB001,"Charles Tyrwhitt — Chino Navy (34W 30L, Slim Fit)",shoe-4,Christian Louboutin Dress Shoes — Dark Brown Derby Lace-up,watch-P02,Patek Philippe — Aquanaut Chocolate RG,B10,DS022,,8.852434,Lavender and muted brown/slate with camel and navy; no mandatory cognac accent.
B10,baseline_heuristic,1,"{""blazerId"":""B10"",""pantId"":""PG002"",""shirtId"":""DS019"",""state"":""T029"",""shoeId"":""shoe-15"",""watchId"":""watch-AP06""}",blazer-source-B10,Light Camel / Warm Taupe-Beige Near-Solid Textured Blazer,shirt-DS019,Chestnut/warm mid-brown; Solid,T029,Navy / silver ornamental medallions,pants-PG002,Nordstrom Mens Shop — Grey (Brushed/flannel),shoe-15,Loro Piana Loafers — Brown Suede Penny,watch-AP06,"Audemars Piguet — RO Black Dial, Rose Gold",B10,DS019,9.109216,9.367928,Tie gives a clear focal point; jacket-shirt contrast need not be maximized.
B10,baseline_heuristic,2,"{""blazerId"":""B10"",""pantId"":""PB001"",""shirtId"":""DS027"",""state"":""T024"",""shoeId"":""shoe-15"",""watchId"":""watch-AP06""}",blazer-source-B10,Light Camel / Warm Taupe-Beige Near-Solid Textured Blazer,shirt-DS027,White/light ground; Bengal stripe,T024,Royal blue / beige-gold paisley,pants-PB001,"Charles Tyrwhitt — Chino Navy (34W 30L, Slim Fit)",shoe-15,Loro Piana Loafers — Brown Suede Penny,watch-AP06,"Audemars Piguet — RO Black Dial, Rose Gold",B10,DS027,9.093549,9.193849,Tie gives a clear focal point; jacket-shirt contrast need not be maximized.
B10,baseline_heuristic,3,"{""blazerId"":""B10"",""pantId"":""PB001"",""shirtId"":""DS002"",""state"":""T010"",""shoeId"":""shoe-11"",""watchId"":""watch-AP10""}",blazer-source-B10,Light Camel / Warm Taupe-Beige Near-Solid Textured Blazer,shirt-DS002,DS002 - source-repaired collar/body pilot,T010,Near-black / white spaced dots,pants-PB001,"Charles Tyrwhitt — Chino Navy (34W 30L, Slim Fit)",shoe-11,"Gucci Loafers — Dark Espresso Brown/Oxblood Horsebit, Polished Leather",watch-AP10,Audemars Piguet — RO Blue RG Bracelet,B10,DS002,9.080648,9.165099,Tie gives a clear focal point; jacket-shirt contrast need not be maximized.
B10,baseline_heuristic,4,"{""blazerId"":""B10"",""pantId"":""PB002"",""shirtId"":""DS025"",""state"":""T032"",""shoeId"":""shoe-11"",""watchId"":""watch-AP10""}",blazer-source-B10,Light Camel / Warm Taupe-Beige Near-Solid Textured Blazer,shirt-DS025,Light pink; Solid,T032,Purple / navy-white diagonal stripe,pants-PB002,"Nordstrom — Navy (Workers United label, previously unbranded)",shoe-11,"Gucci Loafers — Dark Espresso Brown/Oxblood Horsebit, Polished Leather",watch-AP10,Audemars Piguet — RO Blue RG Bracelet,B10,DS025,9.0811,9.170131,Tie gives a clear focal point; jacket-shirt contrast need not be maximized.
B10,baseline_heuristic,5,"{""blazerId"":""B10"",""pantId"":""PG002"",""shirtId"":""DS023"",""state"":""T014"",""shoeId"":""shoe-13"",""watchId"":""watch-AP13""}",blazer-source-B10,Light Camel / Warm Taupe-Beige Near-Solid Textured Blazer,shirt-DS023,Deep burgundy/oxblood; Solid color with micro-texture,T014,Dark ground / silver ring dots,pants-PG002,Nordstrom Mens Shop — Grey (Brushed/flannel),shoe-13,Hermes Loafers — Black Kelly Hardware,watch-AP13,Audemars Piguet — RO Blue RG Leather,B10,DS023,9.088559,9.221743,Tie gives a clear focal point; jacket-shirt contrast need not be maximized.
B10,baseline_heuristic,6,"{""blazerId"":""B10"",""pantId"":""PG001"",""shirtId"":""DS008"",""state"":""T028"",""shoeId"":""shoe-13"",""watchId"":""watch-AP13""}",blazer-source-B10,Light Camel / Warm Taupe-Beige Near-Solid Textured Blazer,shirt-DS008,Brunello Cucinelli — White with thin horizontal stripe,T028,Midnight-navy tonal paisley,pants-PG001,Prada — Dark grey (Cream lining),shoe-13,Hermes Loafers — Black Kelly Hardware,watch-AP13,Audemars Piguet — RO Blue RG Leather,B10,DS008,9.098794,9.335461,Tie gives a clear focal point; jacket-shirt contrast need not be maximized.
B10,baseline_heuristic,7,"{""blazerId"":""B10"",""pantId"":""PB002"",""shirtId"":""DS006"",""state"":""T039"",""shoeId"":""shoe-17"",""watchId"":""watch-AP09""}",blazer-source-B10,Light Camel / Warm Taupe-Beige Near-Solid Textured Blazer,shirt-DS006,Brunello Cucinelli — light blue solid,T039,Navy / light-blue floral,pants-PB002,"Nordstrom — Navy (Workers United label, previously unbranded)",shoe-17,Louis Vuitton Loafers — Black Damier,watch-AP09,Audemars Piguet — RO Dark Blue,B10,DS006,9.081287,9.236085,Tie gives a clear focal point; jacket-shirt contrast need not be maximized.
B10,baseline_heuristic,8,"{""blazerId"":""B10"",""pantId"":""PB003"",""shirtId"":""DS027"",""state"":""T010"",""shoeId"":""shoe-17"",""watchId"":""watch-AP09""}",blazer-source-B10,Light Camel / Warm Taupe-Beige Near-Solid Textured Blazer,shirt-DS027,White/light ground; Bengal stripe,T010,Near-black / white spaced dots,pants-PB003,Theory — Navy (Size 32),shoe-17,Louis Vuitton Loafers — Black Damier,watch-AP09,Audemars Piguet — RO Dark Blue,B10,DS027,9.096485,9.315362,Tie gives a clear focal point; jacket-shirt contrast need not be maximized.
B10,baseline_heuristic,9,"{""blazerId"":""B10"",""pantId"":""PB003"",""shirtId"":""DS022"",""state"":""T032"",""shoeId"":""shoe-8"",""watchId"":""watch-R09""}",blazer-source-B10,Light Camel / Warm Taupe-Beige Near-Solid Textured Blazer,shirt-DS022,Darker lavender; Solid,T032,Purple / navy-white diagonal stripe,pants-PB003,Theory — Navy (Size 32),shoe-8,Gucci Loafers — Black Horsebit,watch-R09,Rolex — Datejust White Dial,B10,DS022,9.076093,9.088783,Tie gives a clear focal point; jacket-shirt contrast need not be maximized.
B10,baseline_heuristic,10,"{""blazerId"":""B10"",""pantId"":""PG001"",""shirtId"":""DS008"",""state"":""T040"",""shoeId"":""shoe-8"",""watchId"":""watch-R09""}",blazer-source-B10,Light Camel / Warm Taupe-Beige Near-Solid Textured Blazer,shirt-DS008,Brunello Cucinelli — White with thin horizontal stripe,T040,Charcoal tonal geometric,pants-PG001,Prada — Dark grey (Cream lining),shoe-8,Gucci Loafers — Black Horsebit,watch-R09,Rolex — Datejust White Dial,B10,DS008,9.093906,9.286711,Tie gives a clear focal point; jacket-shirt contrast need not be maximized.
B10,baseline_heuristic,11,"{""blazerId"":""B10"",""pantId"":""PB004"",""shirtId"":""DS004"",""state"":""T018"",""shoeId"":""shoe-4"",""watchId"":""watch-R11""}",blazer-source-B10,Light Camel / Warm Taupe-Beige Near-Solid Textured Blazer,shirt-DS004,DS004 - source-repaired collar/body pilot,T018,Dark brown / slate-blue paisley,pants-PB004,Prada — Navy (Cuffed hem),shoe-4,Christian Louboutin Dress Shoes — Dark Brown Derby Lace-up,watch-R11,Rolex — Day-Date Green,B10,DS004,9.085272,9.249112,Tie gives a clear focal point; jacket-shirt contrast need not be maximized.
B10,baseline_heuristic,12,"{""blazerId"":""B10"",""pantId"":""PB004"",""shirtId"":""DS021"",""state"":""T024"",""shoeId"":""shoe-4"",""watchId"":""watch-R11""}",blazer-source-B10,Light Camel / Warm Taupe-Beige Near-Solid Textured Blazer,shirt-DS021,Very light lavender; Pinstripe,T024,Royal blue / beige-gold paisley,pants-PB004,Prada — Navy (Cuffed hem),shoe-4,Christian Louboutin Dress Shoes — Dark Brown Derby Lace-up,watch-R11,Rolex — Day-Date Green,B10,DS021,9.067554,9.141842,Tie gives a clear focal point; jacket-shirt contrast need not be maximized.
B10,baseline_heuristic,13,"{""blazerId"":""B10"",""pantId"":""PT001"",""shirtId"":""DS002"",""state"":""T028"",""shoeId"":""shoe-49"",""watchId"":""watch-R13""}",blazer-source-B10,Light Camel / Warm Taupe-Beige Near-Solid Textured Blazer,shirt-DS002,DS002 - source-repaired collar/body pilot,T028,Midnight-navy tonal paisley,pants-PT001,Prada — Black (matte) (Triangle logo plate),shoe-49,"Berluti Dress Shoes — Alessandro Infini Alto Oxford, Venezia calf, brown patina, lug sole",watch-R13,Rolex — Day-Date Champagne,B10,DS002,9.070162,9.170822,Tie gives a clear focal point; jacket-shirt contrast need not be maximized.
B10,baseline_heuristic,14,"{""blazerId"":""B10"",""pantId"":""PT001"",""shirtId"":""DS014"",""state"":""T011"",""shoeId"":""shoe-49"",""watchId"":""watch-R13""}",blazer-source-B10,Light Camel / Warm Taupe-Beige Near-Solid Textured Blazer,shirt-DS014,White; Solid,T011,Near-black / fine white dots,pants-PT001,Prada — Black (matte) (Triangle logo plate),shoe-49,"Berluti Dress Shoes — Alessandro Infini Alto Oxford, Venezia calf, brown patina, lug sole",watch-R13,Rolex — Day-Date Champagne,B10,DS014,9.09072,9.309638,Tie gives a clear focal point; jacket-shirt contrast need not be maximized.
B10,baseline_heuristic,15,"{""blazerId"":""B10"",""pantId"":""PT002"",""shirtId"":""DS006"",""state"":""T033"",""shoeId"":""shoe-5"",""watchId"":""watch-R14""}",blazer-source-B10,Light Camel / Warm Taupe-Beige Near-Solid Textured Blazer,shirt-DS006,Brunello Cucinelli — light blue solid,T033,Dark navy / blue-gold monogram,pants-PT002,Theory — Black (Size 32),shoe-5,Ecco Dress Shoes — Brown Oxford/Derby,watch-R14,Rolex — Day-Date White Roman,B10,DS006,9.075699,9.232335,Tie gives a clear focal point; jacket-shirt contrast need not be maximized.
B10,research,1,"{""blazerId"":""B10"",""pantId"":""PG001"",""shirtId"":""DS004"",""state"":""T005"",""shoeId"":""shoe-1"",""watchId"":""watch-AP06""}",blazer-source-B10,Light Camel / Warm Taupe-Beige Near-Solid Textured Blazer,shirt-DS004,DS004 - source-repaired collar/body pilot,T005,Dark brown / gold medallions,pants-PG001,Prada — Dark grey (Cream lining),shoe-1,Christian Louboutin Dress Shoes — Black Single Monk,watch-AP06,"Audemars Piguet — RO Black Dial, Rose Gold",B10,DS004,9.412227,9.136612,"The tie is deeper than the shirt, giving a readable focal point. A recorded accent links the tie to another garment. Separate trousers have deliberate colour/value separation from the blazer."
B10,research,2,"{""blazerId"":""B10"",""pantId"":""PB001"",""shirtId"":""DS019"",""state"":""NO_TIE"",""shoeId"":""shoe-13"",""watchId"":""watch-AP06""}",blazer-source-B10,Light Camel / Warm Taupe-Beige Near-Solid Textured Blazer,shirt-DS019,Chestnut/warm mid-brown; Solid,,No tie,pants-PB001,"Charles Tyrwhitt — Chino Navy (34W 30L, Slim Fit)",shoe-13,Hermes Loafers — Black Kelly Hardware,watch-AP06,"Audemars Piguet — RO Black Dial, Rose Gold",B10,DS019,9.309489,9.142895,Open collar keeps the outfit uncluttered; no missing-tie penalty. Pattern scale and prominence leave a clear visual hierarchy. Separate trousers have deliberate colour/value separation from the blazer.
B10,research,3,"{""blazerId"":""B10"",""pantId"":""PG001"",""shirtId"":""DS005"",""state"":""T005"",""shoeId"":""shoe-1"",""watchId"":""watch-AP10""}",blazer-source-B10,Light Camel / Warm Taupe-Beige Near-Solid Textured Blazer,shirt-DS005,Cream/off-white; Visually near-solid; subtle windowpane metadata retained,T005,Dark brown / gold medallions,pants-PG001,Prada — Dark grey (Cream lining),shoe-1,Christian Louboutin Dress Shoes — Black Single Monk,watch-AP10,Audemars Piguet — RO Blue RG Bracelet,B10,DS005,9.374103,9.115066,"The tie is deeper than the shirt, giving a readable focal point. Separate trousers have deliberate colour/value separation from the blazer."
B10,research,4,"{""blazerId"":""B10"",""pantId"":""PB001"",""shirtId"":""DS006"",""state"":""T004"",""shoeId"":""shoe-2"",""watchId"":""watch-AP10""}",blazer-source-B10,Light Camel / Warm Taupe-Beige Near-Solid Textured Blazer,shirt-DS006,Brunello Cucinelli — light blue solid,T004,Burnt-orange near-solid geometric,pants-PB001,"Charles Tyrwhitt — Chino Navy (34W 30L, Slim Fit)",shoe-2,Berluti Dress Shoes — Black Double Monk,watch-AP10,Audemars Piguet — RO Blue RG Bracelet,B10,DS006,9.298014,8.823947,"The tie is deeper than the shirt, giving a readable focal point. Pattern scale and prominence leave a clear visual hierarchy. Separate trousers have deliberate colour/value separation from the blazer."
B10,research,5,"{""blazerId"":""B10"",""pantId"":""PG002"",""shirtId"":""DS014"",""state"":""T018"",""shoeId"":""shoe-2"",""watchId"":""watch-AP13""}",blazer-source-B10,Light Camel / Warm Taupe-Beige Near-Solid Textured Blazer,shirt-DS014,White; Solid,T018,Dark brown / slate-blue paisley,pants-PG002,Nordstrom Mens Shop — Grey (Brushed/flannel),shoe-2,Berluti Dress Shoes — Black Double Monk,watch-AP13,Audemars Piguet — RO Blue RG Leather,B10,DS014,9.349682,9.237763,"The tie is deeper than the shirt, giving a readable focal point. Separate trousers have deliberate colour/value separation from the blazer."
B10,research,6,"{""blazerId"":""B10"",""pantId"":""PG002"",""shirtId"":""DS008"",""state"":""T022"",""shoeId"":""shoe-3"",""watchId"":""watch-AP13""}",blazer-source-B10,Light Camel / Warm Taupe-Beige Near-Solid Textured Blazer,shirt-DS008,Brunello Cucinelli — White with thin horizontal stripe,T022,Deep navy tonal honeycomb,pants-PG002,Nordstrom Mens Shop — Grey (Brushed/flannel),shoe-3,Ecco Dress Shoes — Black Oxford/Derby,watch-AP13,Audemars Piguet — RO Blue RG Leather,B10,DS008,9.301537,9.304835,"The tie is deeper than the shirt, giving a readable focal point. Pattern scale and prominence leave a clear visual hierarchy. Separate trousers have deliberate colour/value separation from the blazer."
B10,research,7,"{""blazerId"":""B10"",""pantId"":""PT001"",""shirtId"":""DS004"",""state"":""T018"",""shoeId"":""shoe-3"",""watchId"":""watch-AP09""}",blazer-source-B10,Light Camel / Warm Taupe-Beige Near-Solid Textured Blazer,shirt-DS004,DS004 - source-repaired collar/body pilot,T018,Dark brown / slate-blue paisley,pants-PT001,Prada — Black (matte) (Triangle logo plate),shoe-3,Ecco Dress Shoes — Black Oxford/Derby,watch-AP09,Audemars Piguet — RO Dark Blue,B10,DS004,9.34364,9.241612,"The tie is deeper than the shirt, giving a readable focal point. A recorded accent links the tie to another garment. Separate trousers have deliberate colour/value separation from the blazer."
B10,research,8,"{""blazerId"":""B10"",""pantId"":""PB002"",""shirtId"":""DS001"",""state"":""T002"",""shoeId"":""shoe-4"",""watchId"":""watch-AP09""}",blazer-source-B10,Light Camel / Warm Taupe-Beige Near-Solid Textured Blazer,shirt-DS001,White; Solid,T002,Tobacco / blue medallion grid,pants-PB002,"Nordstrom — Navy (Workers United label, previously unbranded)",shoe-4,Christian Louboutin Dress Shoes — Dark Brown Derby Lace-up,watch-AP09,Audemars Piguet — RO Dark Blue,B10,DS001,9.295979,9.117237,"The tie is deeper than the shirt, giving a readable focal point. Separate trousers have deliberate colour/value separation from the blazer."
B10,research,9,"{""blazerId"":""B10"",""pantId"":""PB002"",""shirtId"":""DS019"",""state"":""NO_TIE"",""shoeId"":""shoe-13"",""watchId"":""watch-R09""}",blazer-source-B10,Light Camel / Warm Taupe-Beige Near-Solid Textured Blazer,shirt-DS019,Chestnut/warm mid-brown; Solid,,No tie,pants-PB002,"Nordstrom — Navy (Workers United label, previously unbranded)",shoe-13,Hermes Loafers — Black Kelly Hardware,watch-R09,Rolex — Datejust White Dial,B10,DS019,9.308889,9.142895,Open collar keeps the outfit uncluttered; no missing-tie penalty. Pattern scale and prominence leave a clear visual hierarchy. Separate trousers have deliberate colour/value separation from the blazer.
B10,research,10,"{""blazerId"":""B10"",""pantId"":""PB003"",""shirtId"":""DS007"",""state"":""T004"",""shoeId"":""shoe-4"",""watchId"":""watch-R09""}",blazer-source-B10,Light Camel / Warm Taupe-Beige Near-Solid Textured Blazer,shirt-DS007,Paul Fredrick — Light blue micro-check,T004,Burnt-orange near-solid geometric,pants-PB003,Theory — Navy (Size 32),shoe-4,Christian Louboutin Dress Shoes — Dark Brown Derby Lace-up,watch-R09,Rolex — Datejust White Dial,B10,DS007,9.291577,8.578947,"The tie is deeper than the shirt, giving a readable focal point. Pattern scale and prominence leave a clear visual hierarchy. Separate trousers have deliberate colour/value separation from the blazer."
B10,research,11,"{""blazerId"":""B10"",""pantId"":""PT001"",""shirtId"":""DS008"",""state"":""T001"",""shoeId"":""shoe-0"",""watchId"":""watch-R11""}",blazer-source-B10,Light Camel / Warm Taupe-Beige Near-Solid Textured Blazer,shirt-DS008,Brunello Cucinelli — White with thin horizontal stripe,T001,Taupe horsebit,pants-PT001,Prada — Black (matte) (Triangle logo plate),shoe-0,Louis Vuitton Dress Shoes — Black Embossed Monogram Lace-up,watch-R11,Rolex — Day-Date Green,B10,DS008,9.287307,9.066711,"The tie is deeper than the shirt, giving a readable focal point. Pattern scale and prominence leave a clear visual hierarchy. Separate trousers have deliberate colour/value separation from the blazer."
B10,research,12,"{""blazerId"":""B10"",""pantId"":""PT002"",""shirtId"":""DS014"",""state"":""T021"",""shoeId"":""shoe-8"",""watchId"":""watch-R11""}",blazer-source-B10,Light Camel / Warm Taupe-Beige Near-Solid Textured Blazer,shirt-DS014,White; Solid,T021,Dark navy / gold medallions,pants-PT002,Theory — Black (Size 32),shoe-8,Gucci Loafers — Black Horsebit,watch-R11,Rolex — Day-Date Green,B10,DS014,9.271577,9.305132,"The tie is deeper than the shirt, giving a readable focal point. Separate trousers have deliberate colour/value separation from the blazer."
B10,research,13,"{""blazerId"":""B10"",""pantId"":""PT002"",""shirtId"":""DS001"",""state"":""T025"",""shoeId"":""shoe-8"",""watchId"":""watch-R13""}",blazer-source-B10,Light Camel / Warm Taupe-Beige Near-Solid Textured Blazer,shirt-DS001,White; Solid,T025,Muted slate-brown / wine paisley,pants-PT002,Theory — Black (Size 32),shoe-8,Gucci Loafers — Black Horsebit,watch-R13,Rolex — Day-Date Champagne,B10,DS001,9.288924,9.114013,"The tie is deeper than the shirt, giving a readable focal point. Separate trousers have deliberate colour/value separation from the blazer."
B10,research,14,"{""blazerId"":""B10"",""pantId"":""PT003"",""shirtId"":""DS005"",""state"":""T002"",""shoeId"":""shoe-0"",""watchId"":""watch-R13""}",blazer-source-B10,Light Camel / Warm Taupe-Beige Near-Solid Textured Blazer,shirt-DS005,Cream/off-white; Visually near-solid; subtle windowpane metadata retained,T002,Tobacco / blue medallion grid,pants-PT003,Burberry — Black (Perforated mesh panel),shoe-0,Louis Vuitton Dress Shoes — Black Embossed Monogram Lace-up,watch-R13,Rolex — Day-Date Champagne,B10,DS005,9.256066,9.040789,"The tie is deeper than the shirt, giving a readable focal point. Separate trousers have deliberate colour/value separation from the blazer."
B10,research,15,"{""blazerId"":""B10"",""pantId"":""PT003"",""shirtId"":""DS002"",""state"":""T028"",""shoeId"":""shoe-17"",""watchId"":""watch-R14""}",blazer-source-B10,Light Camel / Warm Taupe-Beige Near-Solid Textured Blazer,shirt-DS002,DS002 - source-repaired collar/body pilot,T028,Midnight-navy tonal paisley,pants-PT003,Burberry — Black (Perforated mesh panel),shoe-17,Louis Vuitton Loafers — Black Damier,watch-R14,Rolex — Day-Date White Roman,B10,DS002,9.177342,9.170822,"The tie is deeper than the shirt, giving a readable focal point. Pattern scale and prominence leave a clear visual hierarchy. Separate trousers have deliberate colour/value separation from the blazer."
B11,baseline_curated,1,"{""blazerId"":""B11"",""shirtId"":""DS005"",""state"":""NO_TIE"",""shoeId"":""shoe-15"",""watchId"":""watch-P02"",""pantId"":""PB001""}",blazer-source-B11,Dark Brown / Espresso Camel Leather Safari-Utility Blazer,shirt-DS005,Cream/off-white; Visually near-solid; subtle windowpane metadata retained,,No tie,pants-PB001,"Charles Tyrwhitt — Chino Navy (34W 30L, Slim Fit)",shoe-15,Loro Piana Loafers — Brown Suede Penny,watch-P02,Patek Philippe — Aquanaut Chocolate RG,B11,DS005,,8.772895,"Quiet cream check, navy trousers and brown suede suit the leather safari jacket without another formal focal point."
B11,baseline_curated,2,"{""blazerId"":""B11"",""shirtId"":""DS007"",""state"":""NO_TIE"",""shoeId"":""shoe-5"",""watchId"":""watch-R09"",""pantId"":""PG003""}",blazer-source-B11,Dark Brown / Espresso Camel Leather Safari-Utility Blazer,shirt-DS007,Paul Fredrick — Light blue micro-check,,No tie,pants-PG003,Very light grey,shoe-5,Ecco Dress Shoes — Brown Oxford/Derby,watch-R09,Rolex — Datejust White Dial,B11,DS007,,9.188158,Pale blue micro-check and grey trousers lighten dark leather while keeping the shirt relaxed.
B11,baseline_heuristic,1,"{""blazerId"":""B11"",""pantId"":""PN002"",""shirtId"":""DS025"",""state"":""T024"",""shoeId"":""shoe-15"",""watchId"":""watch-AP06""}",blazer-source-B11,Dark Brown / Espresso Camel Leather Safari-Utility Blazer,shirt-DS025,Light pink; Solid,T024,Royal blue / beige-gold paisley,pants-PN002,The Rising Sun Mfg Co. — Chino Light stone/grey-beige (Leather patch),shoe-15,Loro Piana Loafers — Brown Suede Penny,watch-AP06,"Audemars Piguet — RO Black Dial, Rose Gold",B11,DS025,9.110087,9.377599,Tie gives a clear focal point; jacket-shirt contrast need not be maximized.
B11,baseline_heuristic,2,"{""blazerId"":""B11"",""pantId"":""PN002"",""shirtId"":""DS002"",""state"":""NO_TIE"",""shoeId"":""shoe-15"",""watchId"":""watch-AP06""}",blazer-source-B11,Dark Brown / Espresso Camel Leather Safari-Utility Blazer,shirt-DS002,DS002 - source-repaired collar/body pilot,,No tie,pants-PN002,The Rising Sun Mfg Co. — Chino Light stone/grey-beige (Leather patch),shoe-15,Loro Piana Loafers — Brown Suede Penny,watch-AP06,"Audemars Piguet — RO Black Dial, Rose Gold",B11,DS002,9.100455,9.366579,Open collar has its own readable value/texture structure on the same quality scale; no missing-tie penalty.
B11,baseline_heuristic,3,"{""blazerId"":""B11"",""pantId"":""PG003"",""shirtId"":""DS027"",""state"":""T010"",""shoeId"":""shoe-11"",""watchId"":""watch-AP10""}",blazer-source-B11,Dark Brown / Espresso Camel Leather Safari-Utility Blazer,shirt-DS027,White/light ground; Bengal stripe,T010,Near-black / white spaced dots,pants-PG003,Very light grey,shoe-11,"Gucci Loafers — Dark Espresso Brown/Oxblood Horsebit, Polished Leather",watch-AP10,Audemars Piguet — RO Blue RG Bracelet,B11,DS027,9.096254,9.248914,Tie gives a clear focal point; jacket-shirt contrast need not be maximized.
B11,baseline_heuristic,4,"{""blazerId"":""B11"",""pantId"":""PG003"",""shirtId"":""DS006"",""state"":""T033"",""shoeId"":""shoe-11"",""watchId"":""watch-AP10""}",blazer-source-B11,Dark Brown / Espresso Camel Leather Safari-Utility Blazer,shirt-DS006,Brunello Cucinelli — light blue solid,T033,Dark navy / blue-gold monogram,pants-PG003,Very light grey,shoe-11,"Gucci Loafers — Dark Espresso Brown/Oxblood Horsebit, Polished Leather",watch-AP10,Audemars Piguet — RO Blue RG Bracelet,B11,DS006,9.101667,9.309046,Tie gives a clear focal point; jacket-shirt contrast need not be maximized.
B11,baseline_heuristic,5,"{""blazerId"":""B11"",""pantId"":""PG002"",""shirtId"":""DS018"",""state"":""T014"",""shoeId"":""shoe-13"",""watchId"":""watch-AP13""}",blazer-source-B11,Dark Brown / Espresso Camel Leather Safari-Utility Blazer,shirt-DS018,Mauve/rose; Prince of Wales/glen check,T014,Dark ground / silver ring dots,pants-PG002,Nordstrom Mens Shop — Grey (Brushed/flannel),shoe-13,Hermes Loafers — Black Kelly Hardware,watch-AP13,Audemars Piguet — RO Blue RG Leather,B11,DS018,9.084776,9.179704,Tie gives a clear focal point; jacket-shirt contrast need not be maximized.
B11,baseline_heuristic,6,"{""blazerId"":""B11"",""pantId"":""PG002"",""shirtId"":""DS014"",""state"":""T046"",""shoeId"":""shoe-13"",""watchId"":""watch-AP13""}",blazer-source-B11,Dark Brown / Espresso Camel Leather Safari-Utility Blazer,shirt-DS014,White; Solid,T046,Pink / silver check,pants-PG002,Nordstrom Mens Shop — Grey (Brushed/flannel),shoe-13,Hermes Loafers — Black Kelly Hardware,watch-AP13,Audemars Piguet — RO Blue RG Leather,B11,DS014,9.084504,9.176678,Tie gives a clear focal point; jacket-shirt contrast need not be maximized.
B11,baseline_heuristic,7,"{""blazerId"":""B11"",""pantId"":""PT001"",""shirtId"":""DS006"",""state"":""T006"",""shoeId"":""shoe-17"",""watchId"":""watch-AP09""}",blazer-source-B11,Dark Brown / Espresso Camel Leather Safari-Utility Blazer,shirt-DS006,Brunello Cucinelli — light blue solid,T006,Dark ground / blue-gold floral,pants-PT001,Prada — Black (matte) (Triangle logo plate),shoe-17,Louis Vuitton Loafers — Black Damier,watch-AP09,Audemars Piguet — RO Dark Blue,B11,DS006,9.087503,9.215559,Tie gives a clear focal point; jacket-shirt contrast need not be maximized.
B11,baseline_heuristic,8,"{""blazerId"":""B11"",""pantId"":""PT001"",""shirtId"":""DS004"",""state"":""T017"",""shoeId"":""shoe-17"",""watchId"":""watch-AP09""}",blazer-source-B11,Dark Brown / Espresso Camel Leather Safari-Utility Blazer,shirt-DS004,DS004 - source-repaired collar/body pilot,T017,Pale blue / white paisley,pants-PT001,Prada — Black (matte) (Triangle logo plate),shoe-17,Louis Vuitton Loafers — Black Damier,watch-AP09,Audemars Piguet — RO Dark Blue,B11,DS004,9.088187,9.223158,Tie gives a clear focal point; jacket-shirt contrast need not be maximized.
B11,baseline_heuristic,9,"{""blazerId"":""B11"",""pantId"":""PT002"",""shirtId"":""DS004"",""state"":""T028"",""shoeId"":""shoe-8"",""watchId"":""watch-R09""}",blazer-source-B11,Dark Brown / Espresso Camel Leather Safari-Utility Blazer,shirt-DS004,DS004 - source-repaired collar/body pilot,T028,Midnight-navy tonal paisley,pants-PT002,Theory — Black (Size 32),shoe-8,Gucci Loafers — Black Horsebit,watch-R09,Rolex — Datejust White Dial,B11,DS004,9.085863,9.197336,Tie gives a clear focal point; jacket-shirt contrast need not be maximized.
B11,baseline_heuristic,10,"{""blazerId"":""B11"",""pantId"":""PT002"",""shirtId"":""DS025"",""state"":""T007"",""shoeId"":""shoe-8"",""watchId"":""watch-R09""}",blazer-source-B11,Dark Brown / Espresso Camel Leather Safari-Utility Blazer,shirt-DS025,Light pink; Solid,T007,Charcoal / pale-pink diagonal lattice,pants-PT002,Theory — Black (Size 32),shoe-8,Gucci Loafers — Black Horsebit,watch-R09,Rolex — Datejust White Dial,B11,DS025,9.076188,9.089835,Tie gives a clear focal point; jacket-shirt contrast need not be maximized.
B11,baseline_heuristic,11,"{""blazerId"":""B11"",""pantId"":""PT003"",""shirtId"":""DS027"",""state"":""T038"",""shoeId"":""shoe-4"",""watchId"":""watch-R11""}",blazer-source-B11,Dark Brown / Espresso Camel Leather Safari-Utility Blazer,shirt-DS027,White/light ground; Bengal stripe,T038,Fuchsia / pale-blue floral,pants-PT003,Burberry — Black (Perforated mesh panel),shoe-4,Christian Louboutin Dress Shoes — Dark Brown Derby Lace-up,watch-R11,Rolex — Day-Date Green,B11,DS027,9.072181,9.103651,Tie gives a clear focal point; jacket-shirt contrast need not be maximized.
B11,baseline_heuristic,12,"{""blazerId"":""B11"",""pantId"":""PT003"",""shirtId"":""DS007"",""state"":""T024"",""shoeId"":""shoe-4"",""watchId"":""watch-R11""}",blazer-source-B11,Dark Brown / Espresso Camel Leather Safari-Utility Blazer,shirt-DS007,Paul Fredrick — Light blue micro-check,T024,Royal blue / beige-gold paisley,pants-PT003,Burberry — Black (Perforated mesh panel),shoe-4,Christian Louboutin Dress Shoes — Dark Brown Derby Lace-up,watch-R11,Rolex — Day-Date Green,B11,DS007,9.078754,9.176677,Tie gives a clear focal point; jacket-shirt contrast need not be maximized.
B11,baseline_heuristic,13,"{""blazerId"":""B11"",""pantId"":""PT004"",""shirtId"":""DS014"",""state"":""T010"",""shoeId"":""shoe-49"",""watchId"":""watch-R13""}",blazer-source-B11,Dark Brown / Espresso Camel Leather Safari-Utility Blazer,shirt-DS014,White; Solid,T010,Near-black / white spaced dots,pants-PT004,Zegna — Black (Made in Italy),shoe-49,"Berluti Dress Shoes — Alessandro Infini Alto Oxford, Venezia calf, brown patina, lug sole",watch-R13,Rolex — Day-Date Champagne,B11,DS014,9.086765,9.265691,Tie gives a clear focal point; jacket-shirt contrast need not be maximized.
B11,baseline_heuristic,14,"{""blazerId"":""B11"",""pantId"":""PT004"",""shirtId"":""DS007"",""state"":""T039"",""shoeId"":""shoe-49"",""watchId"":""watch-R13""}",blazer-source-B11,Dark Brown / Espresso Camel Leather Safari-Utility Blazer,shirt-DS007,Paul Fredrick — Light blue micro-check,T039,Navy / light-blue floral,pants-PT004,Zegna — Black (Made in Italy),shoe-49,"Berluti Dress Shoes — Alessandro Infini Alto Oxford, Venezia calf, brown patina, lug sole",watch-R13,Rolex — Day-Date Champagne,B11,DS007,9.086055,9.257796,Tie gives a clear focal point; jacket-shirt contrast need not be maximized.
B11,baseline_heuristic,15,"{""blazerId"":""B11"",""pantId"":""PT005"",""shirtId"":""DS008"",""state"":""T044"",""shoeId"":""shoe-5"",""watchId"":""watch-R14""}",blazer-source-B11,Dark Brown / Espresso Camel Leather Safari-Utility Blazer,shirt-DS008,Brunello Cucinelli — White with thin horizontal stripe,T044,Silver-grey tonal floral-paisley,pants-PT005,Prada — Black (shiny/satin) (Triangle logo plate),shoe-5,Ecco Dress Shoes — Brown Oxford/Derby,watch-R14,Rolex — Day-Date White Roman,B11,DS008,9.074544,9.129901,Tie gives a clear focal point; jacket-shirt contrast need not be maximized.
B11,research,1,"{""blazerId"":""B11"",""pantId"":""PG003"",""shirtId"":""DS005"",""state"":""T015"",""shoeId"":""shoe-1"",""watchId"":""watch-AP06""}",blazer-source-B11,Dark Brown / Espresso Camel Leather Safari-Utility Blazer,shirt-DS005,Cream/off-white; Visually near-solid; subtle windowpane metadata retained,T015,Navy / fine diagonal stripe,pants-PG003,Very light grey,shoe-1,Christian Louboutin Dress Shoes — Black Single Monk,watch-AP06,"Audemars Piguet — RO Black Dial, Rose Gold",B11,DS005,9.348598,9.198487,"The tie is deeper than the shirt, giving a readable focal point. Pattern scale and prominence leave a clear visual hierarchy. Separate trousers have deliberate colour/value separation from the blazer."
B11,research,2,"{""blazerId"":""B11"",""pantId"":""PG002"",""shirtId"":""DS004"",""state"":""T005"",""shoeId"":""shoe-1"",""watchId"":""watch-AP06""}",blazer-source-B11,Dark Brown / Espresso Camel Leather Safari-Utility Blazer,shirt-DS004,DS004 - source-repaired collar/body pilot,T005,Dark brown / gold medallions,pants-PG002,Nordstrom Mens Shop — Grey (Brushed/flannel),shoe-1,Christian Louboutin Dress Shoes — Black Single Monk,watch-AP06,"Audemars Piguet — RO Black Dial, Rose Gold",B11,DS004,9.261888,8.925329,"The tie is deeper than the shirt, giving a readable focal point. A recorded accent links the tie to another garment. Separate trousers have deliberate colour/value separation from the blazer."
B11,research,3,"{""blazerId"":""B11"",""pantId"":""PG003"",""shirtId"":""DS002"",""state"":""T028"",""shoeId"":""shoe-2"",""watchId"":""watch-AP10""}",blazer-source-B11,Dark Brown / Espresso Camel Leather Safari-Utility Blazer,shirt-DS002,DS002 - source-repaired collar/body pilot,T028,Midnight-navy tonal paisley,pants-PG003,Very light grey,shoe-2,Berluti Dress Shoes — Black Double Monk,watch-AP10,Audemars Piguet — RO Blue RG Bracelet,B11,DS002,9.305325,9.143586,"The tie is deeper than the shirt, giving a readable focal point. Pattern scale and prominence leave a clear visual hierarchy. Separate trousers have deliberate colour/value separation from the blazer."
B11,research,4,"{""blazerId"":""B11"",""pantId"":""PT001"",""shirtId"":""DS006"",""state"":""T004"",""shoeId"":""shoe-2"",""watchId"":""watch-AP10""}",blazer-source-B11,Dark Brown / Espresso Camel Leather Safari-Utility Blazer,shirt-DS006,Brunello Cucinelli — light blue solid,T004,Burnt-orange near-solid geometric,pants-PT001,Prada — Black (matte) (Triangle logo plate),shoe-2,Berluti Dress Shoes — Black Double Monk,watch-AP10,Audemars Piguet — RO Blue RG Bracelet,B11,DS006,9.211333,8.99671,"The tie is deeper than the shirt, giving a readable focal point. Pattern scale and prominence leave a clear visual hierarchy. Separate trousers have deliberate colour/value separation from the blazer."
B11,research,5,"{""blazerId"":""B11"",""pantId"":""PG002"",""shirtId"":""DS025"",""state"":""T012"",""shoeId"":""shoe-3"",""watchId"":""watch-AP13""}",blazer-source-B11,Dark Brown / Espresso Camel Leather Safari-Utility Blazer,shirt-DS025,Light pink; Solid,T012,Black tonal lattice,pants-PG002,Nordstrom Mens Shop — Grey (Brushed/flannel),shoe-3,Ecco Dress Shoes — Black Oxford/Derby,watch-AP13,Audemars Piguet — RO Blue RG Leather,B11,DS025,9.203434,9.262105,"The tie is deeper than the shirt, giving a readable focal point. Pattern scale and prominence leave a clear visual hierarchy. Separate trousers have deliberate colour/value separation from the blazer."
B11,research,6,"{""blazerId"":""B11"",""pantId"":""PN002"",""shirtId"":""DS005"",""state"":""T015"",""shoeId"":""shoe-4"",""watchId"":""watch-AP13""}",blazer-source-B11,Dark Brown / Espresso Camel Leather Safari-Utility Blazer,shirt-DS005,Cream/off-white; Visually near-solid; subtle windowpane metadata retained,T015,Navy / fine diagonal stripe,pants-PN002,The Rising Sun Mfg Co. — Chino Light stone/grey-beige (Leather patch),shoe-4,Christian Louboutin Dress Shoes — Dark Brown Derby Lace-up,watch-AP13,Audemars Piguet — RO Blue RG Leather,B11,DS005,9.324149,9.202237,"The tie is deeper than the shirt, giving a readable focal point. Pattern scale and prominence leave a clear visual hierarchy. Separate trousers have deliberate colour/value separation from the blazer."
B11,research,7,"{""blazerId"":""B11"",""pantId"":""PT001"",""shirtId"":""DS019"",""state"":""NO_TIE"",""shoeId"":""shoe-13"",""watchId"":""watch-AP09""}",blazer-source-B11,Dark Brown / Espresso Camel Leather Safari-Utility Blazer,shirt-DS019,Chestnut/warm mid-brown; Solid,,No tie,pants-PT001,Prada — Black (matte) (Triangle logo plate),shoe-13,Hermes Loafers — Black Kelly Hardware,watch-AP09,Audemars Piguet — RO Dark Blue,B11,DS019,9.154341,8.026316,Open collar keeps the outfit uncluttered; no missing-tie penalty. Pattern scale and prominence leave a clear visual hierarchy. Separate trousers have deliberate colour/value separation from the blazer.
B11,research,8,"{""blazerId"":""B11"",""pantId"":""PN002"",""shirtId"":""DS002"",""state"":""T028"",""shoeId"":""shoe-4"",""watchId"":""watch-AP09""}",blazer-source-B11,Dark Brown / Espresso Camel Leather Safari-Utility Blazer,shirt-DS002,DS002 - source-repaired collar/body pilot,T028,Midnight-navy tonal paisley,pants-PN002,The Rising Sun Mfg Co. — Chino Light stone/grey-beige (Leather patch),shoe-4,Christian Louboutin Dress Shoes — Dark Brown Derby Lace-up,watch-AP09,Audemars Piguet — RO Dark Blue,B11,DS002,9.2806,9.167961,"The tie is deeper than the shirt, giving a readable focal point. Pattern scale and prominence leave a clear visual hierarchy. Separate trousers have deliberate colour/value separation from the blazer."
B11,research,9,"{""blazerId"":""B11"",""pantId"":""PT002"",""shirtId"":""DS014"",""state"":""T005"",""shoeId"":""shoe-3"",""watchId"":""watch-R09""}",blazer-source-B11,Dark Brown / Espresso Camel Leather Safari-Utility Blazer,shirt-DS014,White; Solid,T005,Dark brown / gold medallions,pants-PT002,Theory — Black (Size 32),shoe-3,Ecco Dress Shoes — Black Oxford/Derby,watch-R09,Rolex — Datejust White Dial,B11,DS014,9.234124,8.982171,"The tie is deeper than the shirt, giving a readable focal point. Separate trousers have deliberate colour/value separation from the blazer."
B11,research,10,"{""blazerId"":""B11"",""pantId"":""PT002"",""shirtId"":""DS007"",""state"":""T004"",""shoeId"":""shoe-0"",""watchId"":""watch-R09""}",blazer-source-B11,Dark Brown / Espresso Camel Leather Safari-Utility Blazer,shirt-DS007,Paul Fredrick — Light blue micro-check,T004,Burnt-orange near-solid geometric,pants-PT002,Theory — Black (Size 32),shoe-0,Louis Vuitton Dress Shoes — Black Embossed Monogram Lace-up,watch-R09,Rolex — Datejust White Dial,B11,DS007,9.191497,8.75171,"The tie is deeper than the shirt, giving a readable focal point. Pattern scale and prominence leave a clear visual hierarchy. Separate trousers have deliberate colour/value separation from the blazer."
B11,research,11,"{""blazerId"":""B11"",""pantId"":""PT003"",""shirtId"":""DS014"",""state"":""T031"",""shoeId"":""shoe-13"",""watchId"":""watch-R11""}",blazer-source-B11,Dark Brown / Espresso Camel Leather Safari-Utility Blazer,shirt-DS014,White; Solid,T031,Navy / purple-white regimental stripe,pants-PT003,Burberry — Black (Perforated mesh panel),shoe-13,Hermes Loafers — Black Kelly Hardware,watch-R11,Rolex — Day-Date Green,B11,DS014,9.163747,9.221053,"The tie is deeper than the shirt, giving a readable focal point. Separate trousers have deliberate colour/value separation from the blazer."
B11,research,12,"{""blazerId"":""B11"",""pantId"":""PT003"",""shirtId"":""DS008"",""state"":""T018"",""shoeId"":""shoe-8"",""watchId"":""watch-R11""}",blazer-source-B11,Dark Brown / Espresso Camel Leather Safari-Utility Blazer,shirt-DS008,Brunello Cucinelli — White with thin horizontal stripe,T018,Dark brown / slate-blue paisley,pants-PT003,Burberry — Black (Perforated mesh panel),shoe-8,Gucci Loafers — Black Horsebit,watch-R11,Rolex — Day-Date Green,B11,DS008,9.168943,8.984145,"The tie is deeper than the shirt, giving a readable focal point. Separate trousers have deliberate colour/value separation from the blazer."
B11,research,13,"{""blazerId"":""B11"",""pantId"":""PT004"",""shirtId"":""DS004"",""state"":""T018"",""shoeId"":""shoe-8"",""watchId"":""watch-R13""}",blazer-source-B11,Dark Brown / Espresso Camel Leather Safari-Utility Blazer,shirt-DS004,DS004 - source-repaired collar/body pilot,T018,Dark brown / slate-blue paisley,pants-PT004,Zegna — Black (Made in Italy),shoe-8,Gucci Loafers — Black Horsebit,watch-R13,Rolex — Day-Date Champagne,B11,DS004,9.180941,9.030329,"The tie is deeper than the shirt, giving a readable focal point. A recorded accent links the tie to another garment. Separate trousers have deliberate colour/value separation from the blazer."
B11,research,14,"{""blazerId"":""B11"",""pantId"":""PT004"",""shirtId"":""DS001"",""state"":""T031"",""shoeId"":""shoe-0"",""watchId"":""watch-R13""}",blazer-source-B11,Dark Brown / Espresso Camel Leather Safari-Utility Blazer,shirt-DS001,White; Solid,T031,Navy / purple-white regimental stripe,pants-PT004,Zegna — Black (Made in Italy),shoe-0,Louis Vuitton Dress Shoes — Black Embossed Monogram Lace-up,watch-R13,Rolex — Day-Date Champagne,B11,DS001,9.156903,9.116053,"The tie is deeper than the shirt, giving a readable focal point. Separate trousers have deliberate colour/value separation from the blazer."
B11,research,15,"{""blazerId"":""B11"",""pantId"":""PT005"",""shirtId"":""DS006"",""state"":""T039"",""shoeId"":""shoe-17"",""watchId"":""watch-R14""}",blazer-source-B11,Dark Brown / Espresso Camel Leather Safari-Utility Blazer,shirt-DS006,Brunello Cucinelli — light blue solid,T039,Navy / light-blue floral,pants-PT005,Prada — Black (shiny/satin) (Triangle logo plate),shoe-17,Louis Vuitton Loafers — Black Damier,watch-R14,Rolex — Day-Date White Roman,B11,DS006,9.123425,9.292796,"The tie is deeper than the shirt, giving a readable focal point. Pattern scale and prominence leave a clear visual hierarchy. A recorded accent links the tie to another garment. Separate trousers have deliberate colour/value separation from the blazer."
B12,baseline_curated,1,"{""blazerId"":""B12"",""shirtId"":""DS022"",""state"":""T028"",""shoeId"":""shoe-4"",""watchId"":""watch-P05"",""pantId"":""PG003""}",blazer-source-B12,Deep Warm Brown / Chestnut Solid Blazer,shirt-DS022,Darker lavender; Solid,T028,Midnight-navy tonal paisley,pants-PG003,Very light grey,shoe-4,Christian Louboutin Dress Shoes — Dark Brown Derby Lace-up,watch-P05,Patek Philippe — Nautilus 5712,B12,DS022,,9.002993,Lavender and dark navy frame chestnut tailoring with lighter grey trousers.
B12,baseline_curated,2,"{""blazerId"":""B12"",""shirtId"":""DS005"",""state"":""T023"",""shoeId"":""shoe-11"",""watchId"":""watch-P02"",""pantId"":""PB001""}",blazer-source-B12,Deep Warm Brown / Chestnut Solid Blazer,shirt-DS005,Cream/off-white; Visually near-solid; subtle windowpane metadata retained,T023,Burgundy / blue paisley,pants-PB001,"Charles Tyrwhitt — Chino Navy (34W 30L, Slim Fit)",shoe-11,"Gucci Loafers — Dark Espresso Brown/Oxblood Horsebit, Polished Leather",watch-P02,Patek Philippe — Aquanaut Chocolate RG,B12,DS005,,9.104967,"Subtle cream windowpane, warm brown and navy, with burgundy in the tie rather than another bright color."
B12,baseline_heuristic,1,"{""blazerId"":""B12"",""pantId"":""PN002"",""shirtId"":""DS025"",""state"":""T024"",""shoeId"":""shoe-15"",""watchId"":""watch-AP06""}",blazer-source-B12,Deep Warm Brown / Chestnut Solid Blazer,shirt-DS025,Light pink; Solid,T024,Royal blue / beige-gold paisley,pants-PN002,The Rising Sun Mfg Co. — Chino Light stone/grey-beige (Leather patch),shoe-15,Loro Piana Loafers — Brown Suede Penny,watch-AP06,"Audemars Piguet — RO Black Dial, Rose Gold",B12,DS025,9.117192,9.456546,Tie gives a clear focal point; jacket-shirt contrast need not be maximized.
B12,baseline_heuristic,2,"{""blazerId"":""B12"",""pantId"":""PG003"",""shirtId"":""DS027"",""state"":""T010"",""shoeId"":""shoe-15"",""watchId"":""watch-AP06""}",blazer-source-B12,Deep Warm Brown / Chestnut Solid Blazer,shirt-DS027,White/light ground; Bengal stripe,T010,Near-black / white spaced dots,pants-PG003,Very light grey,shoe-15,Loro Piana Loafers — Brown Suede Penny,watch-AP06,"Audemars Piguet — RO Black Dial, Rose Gold",B12,DS027,9.10561,9.327862,Tie gives a clear focal point; jacket-shirt contrast need not be maximized.
B12,baseline_heuristic,3,"{""blazerId"":""B12"",""pantId"":""PN002"",""shirtId"":""DS002"",""state"":""NO_TIE"",""shoeId"":""shoe-11"",""watchId"":""watch-AP10""}",blazer-source-B12,Deep Warm Brown / Chestnut Solid Blazer,shirt-DS002,DS002 - source-repaired collar/body pilot,,No tie,pants-PN002,The Rising Sun Mfg Co. — Chino Light stone/grey-beige (Leather patch),shoe-11,"Gucci Loafers — Dark Espresso Brown/Oxblood Horsebit, Polished Leather",watch-AP10,Audemars Piguet — RO Blue RG Bracelet,B12,DS002,9.098205,9.366579,Open collar has its own readable value/texture structure on the same quality scale; no missing-tie penalty.
B12,baseline_heuristic,4,"{""blazerId"":""B12"",""pantId"":""PG003"",""shirtId"":""DS006"",""state"":""T033"",""shoeId"":""shoe-11"",""watchId"":""watch-AP10""}",blazer-source-B12,Deep Warm Brown / Chestnut Solid Blazer,shirt-DS006,Brunello Cucinelli — light blue solid,T033,Dark navy / blue-gold monogram,pants-PG003,Very light grey,shoe-11,"Gucci Loafers — Dark Espresso Brown/Oxblood Horsebit, Polished Leather",watch-AP10,Audemars Piguet — RO Blue RG Bracelet,B12,DS006,9.108417,9.384046,Tie gives a clear focal point; jacket-shirt contrast need not be maximized.
B12,baseline_heuristic,5,"{""blazerId"":""B12"",""pantId"":""PG002"",""shirtId"":""DS022"",""state"":""T023"",""shoeId"":""shoe-13"",""watchId"":""watch-AP13""}",blazer-source-B12,Deep Warm Brown / Chestnut Solid Blazer,shirt-DS022,Darker lavender; Solid,T023,Burgundy / blue paisley,pants-PG002,Nordstrom Mens Shop — Grey (Brushed/flannel),shoe-13,Hermes Loafers — Black Kelly Hardware,watch-AP13,Audemars Piguet — RO Blue RG Leather,B12,DS022,9.086887,9.203158,Tie gives a clear focal point; jacket-shirt contrast need not be maximized.
B12,baseline_heuristic,6,"{""blazerId"":""B12"",""pantId"":""PG002"",""shirtId"":""DS018"",""state"":""T014"",""shoeId"":""shoe-13"",""watchId"":""watch-AP13""}",blazer-source-B12,Deep Warm Brown / Chestnut Solid Blazer,shirt-DS018,Mauve/rose; Prince of Wales/glen check,T014,Dark ground / silver ring dots,pants-PG002,Nordstrom Mens Shop — Grey (Brushed/flannel),shoe-13,Hermes Loafers — Black Kelly Hardware,watch-AP13,Audemars Piguet — RO Blue RG Leather,B12,DS018,9.091881,9.258651,Tie gives a clear focal point; jacket-shirt contrast need not be maximized.
B12,baseline_heuristic,7,"{""blazerId"":""B12"",""pantId"":""PT001"",""shirtId"":""DS008"",""state"":""T044"",""shoeId"":""shoe-17"",""watchId"":""watch-AP09""}",blazer-source-B12,Deep Warm Brown / Chestnut Solid Blazer,shirt-DS008,Brunello Cucinelli — White with thin horizontal stripe,T044,Silver-grey tonal floral-paisley,pants-PT001,Prada — Black (matte) (Triangle logo plate),shoe-17,Louis Vuitton Loafers — Black Damier,watch-AP09,Audemars Piguet — RO Dark Blue,B12,DS008,9.086544,9.204901,Tie gives a clear focal point; jacket-shirt contrast need not be maximized.
B12,baseline_heuristic,8,"{""blazerId"":""B12"",""pantId"":""PT001"",""shirtId"":""DS006"",""state"":""T006"",""shoeId"":""shoe-17"",""watchId"":""watch-AP09""}",blazer-source-B12,Deep Warm Brown / Chestnut Solid Blazer,shirt-DS006,Brunello Cucinelli — light blue solid,T006,Dark ground / blue-gold floral,pants-PT001,Prada — Black (matte) (Triangle logo plate),shoe-17,Louis Vuitton Loafers — Black Damier,watch-AP09,Audemars Piguet — RO Dark Blue,B12,DS006,9.094608,9.294507,Tie gives a clear focal point; jacket-shirt contrast need not be maximized.
B12,baseline_heuristic,9,"{""blazerId"":""B12"",""pantId"":""PT002"",""shirtId"":""DS004"",""state"":""T028"",""shoeId"":""shoe-8"",""watchId"":""watch-R09""}",blazer-source-B12,Deep Warm Brown / Chestnut Solid Blazer,shirt-DS004,DS004 - source-repaired collar/body pilot,T028,Midnight-navy tonal paisley,pants-PT002,Theory — Black (Size 32),shoe-8,Gucci Loafers — Black Horsebit,watch-R09,Rolex — Datejust White Dial,B12,DS004,9.092613,9.272336,Tie gives a clear focal point; jacket-shirt contrast need not be maximized.
B12,baseline_heuristic,10,"{""blazerId"":""B12"",""pantId"":""PT002"",""shirtId"":""DS004"",""state"":""T037"",""shoeId"":""shoe-8"",""watchId"":""watch-R09""}",blazer-source-B12,Deep Warm Brown / Chestnut Solid Blazer,shirt-DS004,DS004 - source-repaired collar/body pilot,T037,Dusty rose / blue medallions,pants-PT002,Theory — Black (Size 32),shoe-8,Gucci Loafers — Black Horsebit,watch-R09,Rolex — Datejust White Dial,B12,DS004,9.089913,9.242335,Tie gives a clear focal point; jacket-shirt contrast need not be maximized.
B12,baseline_heuristic,11,"{""blazerId"":""B12"",""pantId"":""PT003"",""shirtId"":""DS025"",""state"":""T007"",""shoeId"":""shoe-4"",""watchId"":""watch-R11""}",blazer-source-B12,Deep Warm Brown / Chestnut Solid Blazer,shirt-DS025,Light pink; Solid,T007,Charcoal / pale-pink diagonal lattice,pants-PT003,Burberry — Black (Perforated mesh panel),shoe-4,Christian Louboutin Dress Shoes — Dark Brown Derby Lace-up,watch-R11,Rolex — Day-Date Green,B12,DS025,9.078043,9.168783,Tie gives a clear focal point; jacket-shirt contrast need not be maximized.
B12,baseline_heuristic,12,"{""blazerId"":""B12"",""pantId"":""PT003"",""shirtId"":""DS027"",""state"":""T017"",""shoeId"":""shoe-4"",""watchId"":""watch-R11""}",blazer-source-B12,Deep Warm Brown / Chestnut Solid Blazer,shirt-DS027,White/light ground; Bengal stripe,T017,Pale blue / white paisley,pants-PT003,Burberry — Black (Perforated mesh panel),shoe-4,Christian Louboutin Dress Shoes — Dark Brown Derby Lace-up,watch-R11,Rolex — Day-Date Green,B12,DS027,9.078855,9.177796,Tie gives a clear focal point; jacket-shirt contrast need not be maximized.
B12,baseline_heuristic,13,"{""blazerId"":""B12"",""pantId"":""PT004"",""shirtId"":""DS007"",""state"":""T024"",""shoeId"":""shoe-49"",""watchId"":""watch-R13""}",blazer-source-B12,Deep Warm Brown / Chestnut Solid Blazer,shirt-DS007,Paul Fredrick — Light blue micro-check,T024,Royal blue / beige-gold paisley,pants-PT004,Zegna — Black (Made in Italy),shoe-49,"Berluti Dress Shoes — Alessandro Infini Alto Oxford, Venezia calf, brown patina, lug sole",watch-R13,Rolex — Day-Date Champagne,B12,DS007,9.085859,9.255625,Tie gives a clear focal point; jacket-shirt contrast need not be maximized.
B12,baseline_heuristic,14,"{""blazerId"":""B12"",""pantId"":""PT004"",""shirtId"":""DS014"",""state"":""T010"",""shoeId"":""shoe-49"",""watchId"":""watch-R13""}",blazer-source-B12,Deep Warm Brown / Chestnut Solid Blazer,shirt-DS014,White; Solid,T010,Near-black / white spaced dots,pants-PT004,Zegna — Black (Made in Italy),shoe-49,"Berluti Dress Shoes — Alessandro Infini Alto Oxford, Venezia calf, brown patina, lug sole",watch-R13,Rolex — Day-Date Champagne,B12,DS014,9.09387,9.344638,Tie gives a clear focal point; jacket-shirt contrast need not be maximized.
B12,baseline_heuristic,15,"{""blazerId"":""B12"",""pantId"":""PT005"",""shirtId"":""DS007"",""state"":""T039"",""shoeId"":""shoe-5"",""watchId"":""watch-R14""}",blazer-source-B12,Deep Warm Brown / Chestnut Solid Blazer,shirt-DS007,Paul Fredrick — Light blue micro-check,T039,Navy / light-blue floral,pants-PT005,Prada — Black (shiny/satin) (Triangle logo plate),shoe-5,Ecco Dress Shoes — Brown Oxford/Derby,watch-R14,Rolex — Day-Date White Roman,B12,DS007,9.092805,9.332796,Tie gives a clear focal point; jacket-shirt contrast need not be maximized.
B12,research,1,"{""blazerId"":""B12"",""pantId"":""PG003"",""shirtId"":""DS005"",""state"":""T015"",""shoeId"":""shoe-1"",""watchId"":""watch-AP06""}",blazer-source-B12,Deep Warm Brown / Chestnut Solid Blazer,shirt-DS005,Cream/off-white; Visually near-solid; subtle windowpane metadata retained,T015,Navy / fine diagonal stripe,pants-PG003,Very light grey,shoe-1,Christian Louboutin Dress Shoes — Black Single Monk,watch-AP06,"Audemars Piguet — RO Black Dial, Rose Gold",B12,DS005,9.349834,9.277434,"The tie is deeper than the shirt, giving a readable focal point. Pattern scale and prominence leave a clear visual hierarchy. Separate trousers have deliberate colour/value separation from the blazer."
B12,research,2,"{""blazerId"":""B12"",""pantId"":""PG002"",""shirtId"":""DS004"",""state"":""T005"",""shoeId"":""shoe-1"",""watchId"":""watch-AP06""}",blazer-source-B12,Deep Warm Brown / Chestnut Solid Blazer,shirt-DS004,DS004 - source-repaired collar/body pilot,T005,Dark brown / gold medallions,pants-PG002,Nordstrom Mens Shop — Grey (Brushed/flannel),shoe-1,Christian Louboutin Dress Shoes — Black Single Monk,watch-AP06,"Audemars Piguet — RO Black Dial, Rose Gold",B12,DS004,9.263124,9.004276,"The tie is deeper than the shirt, giving a readable focal point. A recorded accent links the tie to another garment. Separate trousers have deliberate colour/value separation from the blazer."
B12,research,3,"{""blazerId"":""B12"",""pantId"":""PG003"",""shirtId"":""DS002"",""state"":""T028"",""shoeId"":""shoe-2"",""watchId"":""watch-AP10""}",blazer-source-B12,Deep Warm Brown / Chestnut Solid Blazer,shirt-DS002,DS002 - source-repaired collar/body pilot,T028,Midnight-navy tonal paisley,pants-PG003,Very light grey,shoe-2,Berluti Dress Shoes — Black Double Monk,watch-AP10,Audemars Piguet — RO Blue RG Bracelet,B12,DS002,9.3065,9.218585,"The tie is deeper than the shirt, giving a readable focal point. Pattern scale and prominence leave a clear visual hierarchy. Separate trousers have deliberate colour/value separation from the blazer."
B12,research,4,"{""blazerId"":""B12"",""pantId"":""PT001"",""shirtId"":""DS006"",""state"":""T004"",""shoeId"":""shoe-2"",""watchId"":""watch-AP10""}",blazer-source-B12,Deep Warm Brown / Chestnut Solid Blazer,shirt-DS006,Brunello Cucinelli — light blue solid,T004,Burnt-orange near-solid geometric,pants-PT001,Prada — Black (matte) (Triangle logo plate),shoe-2,Berluti Dress Shoes — Black Double Monk,watch-AP10,Audemars Piguet — RO Blue RG Bracelet,B12,DS006,9.21257,9.075658,"The tie is deeper than the shirt, giving a readable focal point. Pattern scale and prominence leave a clear visual hierarchy. Separate trousers have deliberate colour/value separation from the blazer."
B12,research,5,"{""blazerId"":""B12"",""pantId"":""PG002"",""shirtId"":""DS025"",""state"":""T012"",""shoeId"":""shoe-3"",""watchId"":""watch-AP13""}",blazer-source-B12,Deep Warm Brown / Chestnut Solid Blazer,shirt-DS025,Light pink; Solid,T012,Black tonal lattice,pants-PG002,Nordstrom Mens Shop — Grey (Brushed/flannel),shoe-3,Ecco Dress Shoes — Black Oxford/Derby,watch-AP13,Audemars Piguet — RO Blue RG Leather,B12,DS025,9.20467,9.341052,"The tie is deeper than the shirt, giving a readable focal point. Pattern scale and prominence leave a clear visual hierarchy. Separate trousers have deliberate colour/value separation from the blazer."
B12,research,6,"{""blazerId"":""B12"",""pantId"":""PN002"",""shirtId"":""DS005"",""state"":""T015"",""shoeId"":""shoe-4"",""watchId"":""watch-AP13""}",blazer-source-B12,Deep Warm Brown / Chestnut Solid Blazer,shirt-DS005,Cream/off-white; Visually near-solid; subtle windowpane metadata retained,T015,Navy / fine diagonal stripe,pants-PN002,The Rising Sun Mfg Co. — Chino Light stone/grey-beige (Leather patch),shoe-4,Christian Louboutin Dress Shoes — Dark Brown Derby Lace-up,watch-AP13,Audemars Piguet — RO Blue RG Leather,B12,DS005,9.325385,9.281184,"The tie is deeper than the shirt, giving a readable focal point. Pattern scale and prominence leave a clear visual hierarchy. Separate trousers have deliberate colour/value separation from the blazer."
B12,research,7,"{""blazerId"":""B12"",""pantId"":""PT001"",""shirtId"":""DS019"",""state"":""NO_TIE"",""shoeId"":""shoe-13"",""watchId"":""watch-AP09""}",blazer-source-B12,Deep Warm Brown / Chestnut Solid Blazer,shirt-DS019,Chestnut/warm mid-brown; Solid,,No tie,pants-PT001,Prada — Black (matte) (Triangle logo plate),shoe-13,Hermes Loafers — Black Kelly Hardware,watch-AP09,Audemars Piguet — RO Dark Blue,B12,DS019,9.154341,8.026316,Open collar keeps the outfit uncluttered; no missing-tie penalty. Pattern scale and prominence leave a clear visual hierarchy. Separate trousers have deliberate colour/value separation from the blazer.
B12,research,8,"{""blazerId"":""B12"",""pantId"":""PN002"",""shirtId"":""DS002"",""state"":""T028"",""shoeId"":""shoe-4"",""watchId"":""watch-AP09""}",blazer-source-B12,Deep Warm Brown / Chestnut Solid Blazer,shirt-DS002,DS002 - source-repaired collar/body pilot,T028,Midnight-navy tonal paisley,pants-PN002,The Rising Sun Mfg Co. — Chino Light stone/grey-beige (Leather patch),shoe-4,Christian Louboutin Dress Shoes — Dark Brown Derby Lace-up,watch-AP09,Audemars Piguet — RO Dark Blue,B12,DS002,9.281774,9.242961,"The tie is deeper than the shirt, giving a readable focal point. Pattern scale and prominence leave a clear visual hierarchy. Separate trousers have deliberate colour/value separation from the blazer."
B12,research,9,"{""blazerId"":""B12"",""pantId"":""PT002"",""shirtId"":""DS014"",""state"":""T005"",""shoeId"":""shoe-3"",""watchId"":""watch-R09""}",blazer-source-B12,Deep Warm Brown / Chestnut Solid Blazer,shirt-DS014,White; Solid,T005,Dark brown / gold medallions,pants-PT002,Theory — Black (Size 32),shoe-3,Ecco Dress Shoes — Black Oxford/Derby,watch-R09,Rolex — Datejust White Dial,B12,DS014,9.23536,9.061119,"The tie is deeper than the shirt, giving a readable focal point. Separate trousers have deliberate colour/value separation from the blazer."
B12,research,10,"{""blazerId"":""B12"",""pantId"":""PT002"",""shirtId"":""DS007"",""state"":""T004"",""shoeId"":""shoe-0"",""watchId"":""watch-R09""}",blazer-source-B12,Deep Warm Brown / Chestnut Solid Blazer,shirt-DS007,Paul Fredrick — Light blue micro-check,T004,Burnt-orange near-solid geometric,pants-PT002,Theory — Black (Size 32),shoe-0,Louis Vuitton Dress Shoes — Black Embossed Monogram Lace-up,watch-R09,Rolex — Datejust White Dial,B12,DS007,9.192733,8.830658,"The tie is deeper than the shirt, giving a readable focal point. Pattern scale and prominence leave a clear visual hierarchy. Separate trousers have deliberate colour/value separation from the blazer."
B12,research,11,"{""blazerId"":""B12"",""pantId"":""PT003"",""shirtId"":""DS014"",""state"":""T031"",""shoeId"":""shoe-13"",""watchId"":""watch-R11""}",blazer-source-B12,Deep Warm Brown / Chestnut Solid Blazer,shirt-DS014,White; Solid,T031,Navy / purple-white regimental stripe,pants-PT003,Burberry — Black (Perforated mesh panel),shoe-13,Hermes Loafers — Black Kelly Hardware,watch-R11,Rolex — Day-Date Green,B12,DS014,9.164922,9.296053,"The tie is deeper than the shirt, giving a readable focal point. Separate trousers have deliberate colour/value separation from the blazer."
B12,research,12,"{""blazerId"":""B12"",""pantId"":""PT003"",""shirtId"":""DS008"",""state"":""T018"",""shoeId"":""shoe-8"",""watchId"":""watch-R11""}",blazer-source-B12,Deep Warm Brown / Chestnut Solid Blazer,shirt-DS008,Brunello Cucinelli — White with thin horizontal stripe,T018,Dark brown / slate-blue paisley,pants-PT003,Burberry — Black (Perforated mesh panel),shoe-8,Gucci Loafers — Black Horsebit,watch-R11,Rolex — Day-Date Green,B12,DS008,9.170179,9.063092,"The tie is deeper than the shirt, giving a readable focal point. Separate trousers have deliberate colour/value separation from the blazer."
B12,research,13,"{""blazerId"":""B12"",""pantId"":""PT004"",""shirtId"":""DS004"",""state"":""T018"",""shoeId"":""shoe-8"",""watchId"":""watch-R13""}",blazer-source-B12,Deep Warm Brown / Chestnut Solid Blazer,shirt-DS004,DS004 - source-repaired collar/body pilot,T018,Dark brown / slate-blue paisley,pants-PT004,Zegna — Black (Made in Italy),shoe-8,Gucci Loafers — Black Horsebit,watch-R13,Rolex — Day-Date Champagne,B12,DS004,9.182177,9.109276,"The tie is deeper than the shirt, giving a readable focal point. A recorded accent links the tie to another garment. Separate trousers have deliberate colour/value separation from the blazer."
B12,research,14,"{""blazerId"":""B12"",""pantId"":""PT004"",""shirtId"":""DS001"",""state"":""T031"",""shoeId"":""shoe-0"",""watchId"":""watch-R13""}",blazer-source-B12,Deep Warm Brown / Chestnut Solid Blazer,shirt-DS001,White; Solid,T031,Navy / purple-white regimental stripe,pants-PT004,Zegna — Black (Made in Italy),shoe-0,Louis Vuitton Dress Shoes — Black Embossed Monogram Lace-up,watch-R13,Rolex — Day-Date Champagne,B12,DS001,9.158077,9.191053,"The tie is deeper than the shirt, giving a readable focal point. Separate trousers have deliberate colour/value separation from the blazer."
B12,research,15,"{""blazerId"":""B12"",""pantId"":""PT005"",""shirtId"":""DS006"",""state"":""T039"",""shoeId"":""shoe-17"",""watchId"":""watch-R14""}",blazer-source-B12,Deep Warm Brown / Chestnut Solid Blazer,shirt-DS006,Brunello Cucinelli — light blue solid,T039,Navy / light-blue floral,pants-PT005,Prada — Black (shiny/satin) (Triangle logo plate),shoe-17,Louis Vuitton Loafers — Black Damier,watch-R14,Rolex — Day-Date White Roman,B12,DS006,9.1246,9.367796,"The tie is deeper than the shirt, giving a readable focal point. Pattern scale and prominence leave a clear visual hierarchy. A recorded accent links the tie to another garment. Separate trousers have deliberate colour/value separation from the blazer."
B13,baseline_curated,1,"{""blazerId"":""B13"",""pantId"":""PG002"",""shirtId"":""DS025"",""state"":""T012"",""shoeId"":""shoe-13"",""watchId"":""watch-AP09""}",blazer-source-B13,Deep Plum / Aubergine-Burgundy Multitone Check Blazer,shirt-DS025,Light pink; Solid,T012,Black tonal lattice,pants-PG002,Nordstrom Mens Shop — Grey (Brushed/flannel),shoe-13,Hermes Loafers — Black Kelly Hardware,watch-AP09,Audemars Piguet — RO Dark Blue,B13,DS025,,8.896974,The plum checked blazer leads; pale pink and a near-solid black tie support it. Grey trousers and black shoes keep the lower half quiet.
B13,baseline_curated,2,"{""blazerId"":""B13"",""shirtId"":""DS006"",""state"":""T012"",""shoeId"":""shoe-3"",""watchId"":""watch-P08"",""pantId"":""PG003""}",blazer-source-B13,Deep Plum / Aubergine-Burgundy Multitone Check Blazer,shirt-DS006,Brunello Cucinelli — light blue solid,T012,Black tonal lattice,pants-PG003,Very light grey,shoe-3,Ecco Dress Shoes — Black Oxford/Derby,watch-P08,Patek Philippe — Nautilus 5811,B13,DS006,,8.782533,Pale blue and a near-solid black tie allow plum check to remain the main pattern.
B13,baseline_curated,3,"{""blazerId"":""B13"",""shirtId"":""DS005"",""state"":""NO_TIE"",""shoeId"":""shoe-11"",""watchId"":""watch-P07"",""pantId"":""PG001""}",blazer-source-B13,Deep Plum / Aubergine-Burgundy Multitone Check Blazer,shirt-DS005,Cream/off-white; Visually near-solid; subtle windowpane metadata retained,,No tie,pants-PG001,Prada — Dark grey (Cream lining),shoe-11,"Gucci Loafers — Dark Espresso Brown/Oxblood Horsebit, Polished Leather",watch-P07,Patek Philippe — Nautilus Black Leather,B13,DS005,,8.753947,"Subtle cream windowpane with muted plum and grey, open-collar to reduce focal competition."
B13,baseline_heuristic,1,"{""blazerId"":""B13"",""pantId"":""PN002"",""shirtId"":""DS024"",""state"":""T028"",""shoeId"":""shoe-13"",""watchId"":""watch-AP09""}",blazer-source-B13,Deep Plum / Aubergine-Burgundy Multitone Check Blazer,shirt-DS024,Pale pink; Solid,T028,Midnight-navy tonal paisley,pants-PN002,The Rising Sun Mfg Co. — Chino Light stone/grey-beige (Leather patch),shoe-13,Hermes Loafers — Black Kelly Hardware,watch-AP09,Audemars Piguet — RO Dark Blue,B13,DS024,9.109171,9.456316,Tie gives a clear focal point; jacket-shirt contrast need not be maximized.
B13,baseline_heuristic,2,"{""blazerId"":""B13"",""pantId"":""PG003"",""shirtId"":""DS027"",""state"":""T045"",""shoeId"":""shoe-13"",""watchId"":""watch-AP09""}",blazer-source-B13,Deep Plum / Aubergine-Burgundy Multitone Check Blazer,shirt-DS027,White/light ground; Bengal stripe,T045,Pale pink / blue micro-dot,pants-PG003,Very light grey,shoe-13,Hermes Loafers — Black Kelly Hardware,watch-AP09,Audemars Piguet — RO Dark Blue,B13,DS027,9.065915,8.975691,Tie gives a clear focal point; jacket-shirt contrast need not be maximized.
B13,baseline_heuristic,3,"{""blazerId"":""B13"",""pantId"":""PN002"",""shirtId"":""DS006"",""state"":""T006"",""shoeId"":""shoe-17"",""watchId"":""watch-R09""}",blazer-source-B13,Deep Plum / Aubergine-Burgundy Multitone Check Blazer,shirt-DS006,Brunello Cucinelli — light blue solid,T006,Dark ground / blue-gold floral,pants-PN002,The Rising Sun Mfg Co. — Chino Light stone/grey-beige (Leather patch),shoe-17,Louis Vuitton Loafers — Black Damier,watch-R09,Rolex — Datejust White Dial,B13,DS006,9.090825,9.252467,Tie gives a clear focal point; jacket-shirt contrast need not be maximized.
B13,baseline_heuristic,4,"{""blazerId"":""B13"",""pantId"":""PG003"",""shirtId"":""DS022"",""state"":""T031"",""shoeId"":""shoe-17"",""watchId"":""watch-R09""}",blazer-source-B13,Deep Plum / Aubergine-Burgundy Multitone Check Blazer,shirt-DS022,Darker lavender; Solid,T031,Navy / purple-white regimental stripe,pants-PG003,Very light grey,shoe-17,Louis Vuitton Loafers — Black Damier,watch-R09,Rolex — Datejust White Dial,B13,DS022,9.080356,9.136151,Tie gives a clear focal point; jacket-shirt contrast need not be maximized.
B13,baseline_heuristic,5,"{""blazerId"":""B13"",""pantId"":""PG002"",""shirtId"":""DS006"",""state"":""T028"",""shoeId"":""shoe-8"",""watchId"":""watch-R11""}",blazer-source-B13,Deep Plum / Aubergine-Burgundy Multitone Check Blazer,shirt-DS006,Brunello Cucinelli — light blue solid,T028,Midnight-navy tonal paisley,pants-PG002,Nordstrom Mens Shop — Grey (Brushed/flannel),shoe-8,Gucci Loafers — Black Horsebit,watch-R11,Rolex — Day-Date Green,B13,DS006,9.104778,9.4075,Tie gives a clear focal point; jacket-shirt contrast need not be maximized.
B13,baseline_heuristic,6,"{""blazerId"":""B13"",""pantId"":""PG002"",""shirtId"":""DS005"",""state"":""T014"",""shoeId"":""shoe-8"",""watchId"":""watch-R11""}",blazer-source-B13,Deep Plum / Aubergine-Burgundy Multitone Check Blazer,shirt-DS005,Cream/off-white; Visually near-solid; subtle windowpane metadata retained,T014,Dark ground / silver ring dots,pants-PG002,Nordstrom Mens Shop — Grey (Brushed/flannel),shoe-8,Gucci Loafers — Black Horsebit,watch-R11,Rolex — Day-Date Green,B13,DS005,9.083334,9.169243,Tie gives a clear focal point; jacket-shirt contrast need not be maximized.
B13,baseline_heuristic,7,"{""blazerId"":""B13"",""pantId"":""PT001"",""shirtId"":""DS014"",""state"":""T031"",""shoeId"":""shoe-15"",""watchId"":""watch-R13""}",blazer-source-B13,Deep Plum / Aubergine-Burgundy Multitone Check Blazer,shirt-DS014,White; Solid,T031,Navy / purple-white regimental stripe,pants-PT001,Prada — Black (matte) (Triangle logo plate),shoe-15,Loro Piana Loafers — Brown Suede Penny,watch-R13,Rolex — Day-Date Champagne,B13,DS014,9.091006,9.258651,Tie gives a clear focal point; jacket-shirt contrast need not be maximized.
B13,baseline_heuristic,8,"{""blazerId"":""B13"",""pantId"":""PT001"",""shirtId"":""DS005"",""state"":""T022"",""shoeId"":""shoe-15"",""watchId"":""watch-R13""}",blazer-source-B13,Deep Plum / Aubergine-Burgundy Multitone Check Blazer,shirt-DS005,Cream/off-white; Visually near-solid; subtle windowpane metadata retained,T022,Deep navy tonal honeycomb,pants-PT001,Prada — Black (matte) (Triangle logo plate),shoe-15,Loro Piana Loafers — Brown Suede Penny,watch-R13,Rolex — Day-Date Champagne,B13,DS005,9.095731,9.311151,Tie gives a clear focal point; jacket-shirt contrast need not be maximized.
B13,baseline_heuristic,9,"{""blazerId"":""B13"",""pantId"":""PT002"",""shirtId"":""DS025"",""state"":""T025"",""shoeId"":""shoe-11"",""watchId"":""watch-R14""}",blazer-source-B13,Deep Plum / Aubergine-Burgundy Multitone Check Blazer,shirt-DS025,Light pink; Solid,T025,Muted slate-brown / wine paisley,pants-PT002,Theory — Black (Size 32),shoe-11,"Gucci Loafers — Dark Espresso Brown/Oxblood Horsebit, Polished Leather",watch-R14,Rolex — Day-Date White Roman,B13,DS025,9.077426,9.132763,Tie gives a clear focal point; jacket-shirt contrast need not be maximized.
B13,baseline_heuristic,10,"{""blazerId"":""B13"",""pantId"":""PT002"",""shirtId"":""DS007"",""state"":""T024"",""shoeId"":""shoe-11"",""watchId"":""watch-R14""}",blazer-source-B13,Deep Plum / Aubergine-Burgundy Multitone Check Blazer,shirt-DS007,Paul Fredrick — Light blue micro-check,T024,Royal blue / beige-gold paisley,pants-PT002,Theory — Black (Size 32),shoe-11,"Gucci Loafers — Dark Espresso Brown/Oxblood Horsebit, Polished Leather",watch-R14,Rolex — Day-Date White Roman,B13,DS007,9.082302,9.186941,Tie gives a clear focal point; jacket-shirt contrast need not be maximized.
B13,baseline_heuristic,11,"{""blazerId"":""B13"",""pantId"":""PT003"",""shirtId"":""DS014"",""state"":""T022"",""shoeId"":""shoe-14"",""watchId"":""watch-AP06""}",blazer-source-B13,Deep Plum / Aubergine-Burgundy Multitone Check Blazer,shirt-DS014,White; Solid,T022,Deep navy tonal honeycomb,pants-PT003,Burberry — Black (Perforated mesh panel),shoe-14,"Hermes Loafers — Cognac/Chestnut Kelly Hardware, Dark Espresso Patina",watch-AP06,"Audemars Piguet — RO Black Dial, Rose Gold",B13,DS014,9.087569,9.346151,Tie gives a clear focal point; jacket-shirt contrast need not be maximized.
B13,baseline_heuristic,12,"{""blazerId"":""B13"",""pantId"":""PT003"",""shirtId"":""DS025"",""state"":""T020"",""shoeId"":""shoe-14"",""watchId"":""watch-AP06""}",blazer-source-B13,Deep Plum / Aubergine-Burgundy Multitone Check Blazer,shirt-DS025,Light pink; Solid,T020,Navy / burgundy-tan paisley,pants-PT003,Burberry — Black (Perforated mesh panel),shoe-14,"Hermes Loafers — Cognac/Chestnut Kelly Hardware, Dark Espresso Patina",watch-AP06,"Audemars Piguet — RO Black Dial, Rose Gold",B13,DS025,9.085828,9.326809,Tie gives a clear focal point; jacket-shirt contrast need not be maximized.
B13,baseline_heuristic,13,"{""blazerId"":""B13"",""pantId"":""PT004"",""shirtId"":""DS024"",""state"":""T029"",""shoeId"":""shoe-9"",""watchId"":""watch-AP10""}",blazer-source-B13,Deep Plum / Aubergine-Burgundy Multitone Check Blazer,shirt-DS024,Pale pink; Solid,T029,Navy / silver ornamental medallions,pants-PT004,Zegna — Black (Made in Italy),shoe-9,Gucci Loafers — Cognac Horsebit,watch-AP10,Audemars Piguet — RO Blue RG Bracelet,B13,DS024,9.079877,9.260691,Tie gives a clear focal point; jacket-shirt contrast need not be maximized.
B13,baseline_heuristic,14,"{""blazerId"":""B13"",""pantId"":""PT004"",""shirtId"":""DS007"",""state"":""T020"",""shoeId"":""shoe-9"",""watchId"":""watch-AP10""}",blazer-source-B13,Deep Plum / Aubergine-Burgundy Multitone Check Blazer,shirt-DS007,Paul Fredrick — Light blue micro-check,T020,Navy / burgundy-tan paisley,pants-PT004,Zegna — Black (Made in Italy),shoe-9,Gucci Loafers — Cognac Horsebit,watch-AP10,Audemars Piguet — RO Blue RG Bracelet,B13,DS007,9.076878,9.227369,Tie gives a clear focal point; jacket-shirt contrast need not be maximized.
B13,baseline_heuristic,15,"{""blazerId"":""B13"",""pantId"":""PT005"",""shirtId"":""DS019"",""state"":""T040"",""shoeId"":""shoe-19"",""watchId"":""watch-AP13""}",blazer-source-B13,Deep Plum / Aubergine-Burgundy Multitone Check Blazer,shirt-DS019,Chestnut/warm mid-brown; Solid,T040,Charcoal tonal geometric,pants-PT005,Prada — Black (shiny/satin) (Triangle logo plate),shoe-19,Louis Vuitton Loafers — Black Monogram,watch-AP13,Audemars Piguet — RO Blue RG Leather,B13,DS019,9.041421,8.843816,Tie gives a clear focal point; jacket-shirt contrast need not be maximized.
B13,research,1,"{""blazerId"":""B13"",""pantId"":""PG003"",""shirtId"":""DS005"",""state"":""T022"",""shoeId"":""shoe-1"",""watchId"":""watch-AP09""}",blazer-source-B13,Deep Plum / Aubergine-Burgundy Multitone Check Blazer,shirt-DS005,Cream/off-white; Visually near-solid; subtle windowpane metadata retained,T022,Deep navy tonal honeycomb,pants-PG003,Very light grey,shoe-1,Christian Louboutin Dress Shoes — Black Single Monk,watch-AP09,Audemars Piguet — RO Dark Blue,B13,DS005,9.312223,9.327401,"The tie is deeper than the shirt, giving a readable focal point. Pattern scale and prominence leave a clear visual hierarchy. A recorded accent links the tie to another garment. Separate trousers have deliberate colour/value separation from the blazer."
B13,research,2,"{""blazerId"":""B13"",""pantId"":""PG002"",""shirtId"":""DS025"",""state"":""T012"",""shoeId"":""shoe-1"",""watchId"":""watch-AP09""}",blazer-source-B13,Deep Plum / Aubergine-Burgundy Multitone Check Blazer,shirt-DS025,Light pink; Solid,T012,Black tonal lattice,pants-PG002,Nordstrom Mens Shop — Grey (Brushed/flannel),shoe-1,Christian Louboutin Dress Shoes — Black Single Monk,watch-AP09,Audemars Piguet — RO Dark Blue,B13,DS025,9.307432,8.896974,"The tie is deeper than the shirt, giving a readable focal point. Pattern scale and prominence leave a clear visual hierarchy. Separate trousers have deliberate colour/value separation from the blazer."
B13,research,3,"{""blazerId"":""B13"",""pantId"":""PG002"",""shirtId"":""DS024"",""state"":""T019"",""shoeId"":""shoe-2"",""watchId"":""watch-R09""}",blazer-source-B13,Deep Plum / Aubergine-Burgundy Multitone Check Blazer,shirt-DS024,Pale pink; Solid,T019,Pearl silver tonal lattice,pants-PG002,Nordstrom Mens Shop — Grey (Brushed/flannel),shoe-2,Berluti Dress Shoes — Black Double Monk,watch-R09,Rolex — Datejust White Dial,B13,DS024,9.254233,8.811776,"The tie is deeper than the shirt, giving a readable focal point. Pattern scale and prominence leave a clear visual hierarchy. Separate trousers have deliberate colour/value separation from the blazer."
B13,research,4,"{""blazerId"":""B13"",""pantId"":""PG003"",""shirtId"":""DS005"",""state"":""T028"",""shoeId"":""shoe-2"",""watchId"":""watch-R09""}",blazer-source-B13,Deep Plum / Aubergine-Burgundy Multitone Check Blazer,shirt-DS005,Cream/off-white; Visually near-solid; subtle windowpane metadata retained,T028,Midnight-navy tonal paisley,pants-PG003,Very light grey,shoe-2,Berluti Dress Shoes — Black Double Monk,watch-R09,Rolex — Datejust White Dial,B13,DS005,9.312223,9.327401,"The tie is deeper than the shirt, giving a readable focal point. Pattern scale and prominence leave a clear visual hierarchy. A recorded accent links the tie to another garment. Separate trousers have deliberate colour/value separation from the blazer."
B13,research,5,"{""blazerId"":""B13"",""pantId"":""PN002"",""shirtId"":""DS024"",""state"":""T012"",""shoeId"":""shoe-4"",""watchId"":""watch-R11""}",blazer-source-B13,Deep Plum / Aubergine-Burgundy Multitone Check Blazer,shirt-DS024,Pale pink; Solid,T012,Black tonal lattice,pants-PN002,The Rising Sun Mfg Co. — Chino Light stone/grey-beige (Leather patch),shoe-4,Christian Louboutin Dress Shoes — Dark Brown Derby Lace-up,watch-R11,Rolex — Day-Date Green,B13,DS024,9.27591,8.877599,"The tie is deeper than the shirt, giving a readable focal point. Pattern scale and prominence leave a clear visual hierarchy. Separate trousers have deliberate colour/value separation from the blazer."
B13,research,6,"{""blazerId"":""B13"",""pantId"":""PN002"",""shirtId"":""DS014"",""state"":""T028"",""shoeId"":""shoe-4"",""watchId"":""watch-R11""}",blazer-source-B13,Deep Plum / Aubergine-Burgundy Multitone Check Blazer,shirt-DS014,White; Solid,T028,Midnight-navy tonal paisley,pants-PN002,The Rising Sun Mfg Co. — Chino Light stone/grey-beige (Leather patch),shoe-4,Christian Louboutin Dress Shoes — Dark Brown Derby Lace-up,watch-R11,Rolex — Day-Date Green,B13,DS014,9.215743,9.399276,"The tie is deeper than the shirt, giving a readable focal point. Pattern scale and prominence leave a clear visual hierarchy. A recorded accent links the tie to another garment. Separate trousers have deliberate colour/value separation from the blazer."
B13,research,7,"{""blazerId"":""B13"",""pantId"":""PT001"",""shirtId"":""DS019"",""state"":""NO_TIE"",""shoeId"":""shoe-13"",""watchId"":""watch-R13""}",blazer-source-B13,Deep Plum / Aubergine-Burgundy Multitone Check Blazer,shirt-DS019,Chestnut/warm mid-brown; Solid,,No tie,pants-PT001,Prada — Black (matte) (Triangle logo plate),shoe-13,Hermes Loafers — Black Kelly Hardware,watch-R13,Rolex — Day-Date Champagne,B13,DS019,9.114172,8.247368,Open collar keeps the outfit uncluttered; no missing-tie penalty. Pattern scale and prominence leave a clear visual hierarchy. Separate trousers have deliberate colour/value separation from the blazer.
B13,research,8,"{""blazerId"":""B13"",""pantId"":""PT001"",""shirtId"":""DS025"",""state"":""T022"",""shoeId"":""shoe-3"",""watchId"":""watch-R13""}",blazer-source-B13,Deep Plum / Aubergine-Burgundy Multitone Check Blazer,shirt-DS025,Light pink; Solid,T022,Deep navy tonal honeycomb,pants-PT001,Prada — Black (matte) (Triangle logo plate),shoe-3,Ecco Dress Shoes — Black Oxford/Derby,watch-R13,Rolex — Day-Date Champagne,B13,DS025,9.217114,9.436941,"The tie is deeper than the shirt, giving a readable focal point. Pattern scale and prominence leave a clear visual hierarchy. A recorded accent links the tie to another garment. Separate trousers have deliberate colour/value separation from the blazer."
B13,research,9,"{""blazerId"":""B13"",""pantId"":""PT002"",""shirtId"":""DS001"",""state"":""T033"",""shoeId"":""shoe-3"",""watchId"":""watch-R14""}",blazer-source-B13,Deep Plum / Aubergine-Burgundy Multitone Check Blazer,shirt-DS001,White; Solid,T033,Dark navy / blue-gold monogram,pants-PT002,Theory — Black (Size 32),shoe-3,Ecco Dress Shoes — Black Oxford/Derby,watch-R14,Rolex — Day-Date White Roman,B13,DS001,9.187492,8.863651,"The tie is deeper than the shirt, giving a readable focal point. Pattern scale and prominence leave a clear visual hierarchy. A recorded accent links the tie to another garment. Separate trousers have deliberate colour/value separation from the blazer."
B13,research,10,"{""blazerId"":""B13"",""pantId"":""PT002"",""shirtId"":""DS008"",""state"":""T035"",""shoeId"":""shoe-0"",""watchId"":""watch-R14""}",blazer-source-B13,Deep Plum / Aubergine-Burgundy Multitone Check Blazer,shirt-DS008,Brunello Cucinelli — White with thin horizontal stripe,T035,Navy / blue monogram,pants-PT002,Theory — Black (Size 32),shoe-0,Louis Vuitton Dress Shoes — Black Embossed Monogram Lace-up,watch-R14,Rolex — Day-Date White Roman,B13,DS008,9.166521,8.507862,"The tie is deeper than the shirt, giving a readable focal point. Pattern scale and prominence leave a clear visual hierarchy. A recorded accent links the tie to another garment. Separate trousers have deliberate colour/value separation from the blazer."
B13,research,11,"{""blazerId"":""B13"",""pantId"":""PT003"",""shirtId"":""DS004"",""state"":""T035"",""shoeId"":""shoe-0"",""watchId"":""watch-AP06""}",blazer-source-B13,Deep Plum / Aubergine-Burgundy Multitone Check Blazer,shirt-DS004,DS004 - source-repaired collar/body pilot,T035,Navy / blue monogram,pants-PT003,Burberry — Black (Perforated mesh panel),shoe-0,Louis Vuitton Dress Shoes — Black Embossed Monogram Lace-up,watch-AP06,"Audemars Piguet — RO Black Dial, Rose Gold",B13,DS004,9.162973,8.472862,"The tie is deeper than the shirt, giving a readable focal point. Pattern scale and prominence leave a clear visual hierarchy. A recorded accent links the tie to another garment. Separate trousers have deliberate colour/value separation from the blazer."
B13,research,12,"{""blazerId"":""B13"",""pantId"":""PT003"",""shirtId"":""DS014"",""state"":""T033"",""shoeId"":""shoe-13"",""watchId"":""watch-AP06""}",blazer-source-B13,Deep Plum / Aubergine-Burgundy Multitone Check Blazer,shirt-DS014,White; Solid,T033,Dark navy / blue-gold monogram,pants-PT003,Burberry — Black (Perforated mesh panel),shoe-13,Hermes Loafers — Black Kelly Hardware,watch-AP06,"Audemars Piguet — RO Black Dial, Rose Gold",B13,DS014,9.163336,8.968651,"The tie is deeper than the shirt, giving a readable focal point. Pattern scale and prominence leave a clear visual hierarchy. A recorded accent links the tie to another garment. Separate trousers have deliberate colour/value separation from the blazer."
B13,research,13,"{""blazerId"":""B13"",""pantId"":""PT004"",""shirtId"":""DS006"",""state"":""T004"",""shoeId"":""shoe-8"",""watchId"":""watch-AP10""}",blazer-source-B13,Deep Plum / Aubergine-Burgundy Multitone Check Blazer,shirt-DS006,Brunello Cucinelli — light blue solid,T004,Burnt-orange near-solid geometric,pants-PT004,Zegna — Black (Made in Italy),shoe-8,Gucci Loafers — Black Horsebit,watch-AP10,Audemars Piguet — RO Blue RG Bracelet,B13,DS006,9.114541,9.221085,"The tie is deeper than the shirt, giving a readable focal point. Pattern scale and prominence leave a clear visual hierarchy. Separate trousers have deliberate colour/value separation from the blazer."
B13,research,14,"{""blazerId"":""B13"",""pantId"":""PT004"",""shirtId"":""DS022"",""state"":""T043"",""shoeId"":""shoe-8"",""watchId"":""watch-AP10""}",blazer-source-B13,Deep Plum / Aubergine-Burgundy Multitone Check Blazer,shirt-DS022,Darker lavender; Solid,T043,Black / muted pale floral outline,pants-PT004,Zegna — Black (Made in Italy),shoe-8,Gucci Loafers — Black Horsebit,watch-AP10,Audemars Piguet — RO Blue RG Bracelet,B13,DS022,9.100716,8.819276,"The tie is deeper than the shirt, giving a readable focal point. Pattern scale and prominence leave a clear visual hierarchy. Separate trousers have deliberate colour/value separation from the blazer."
B13,research,15,"{""blazerId"":""B13"",""pantId"":""PT005"",""shirtId"":""DS007"",""state"":""T010"",""shoeId"":""shoe-17"",""watchId"":""watch-AP13""}",blazer-source-B13,Deep Plum / Aubergine-Burgundy Multitone Check Blazer,shirt-DS007,Paul Fredrick — Light blue micro-check,T010,Near-black / white spaced dots,pants-PT005,Prada — Black (shiny/satin) (Triangle logo plate),shoe-17,Louis Vuitton Loafers — Black Damier,watch-AP13,Audemars Piguet — RO Blue RG Leather,B13,DS007,9.099841,8.926546,"The tie is deeper than the shirt, giving a readable focal point. Pattern scale and prominence leave a clear visual hierarchy. Separate trousers have deliberate colour/value separation from the blazer."
B14,baseline_curated,1,"{""blazerId"":""B14"",""shirtId"":""DS022"",""state"":""T028"",""shoeId"":""shoe-3"",""watchId"":""watch-R03"",""pantId"":""PG003""}",blazer-source-B14,Black / Near-Black Solid Executive Blazer,shirt-DS022,Darker lavender; Solid,T028,Midnight-navy tonal paisley,pants-PG003,Very light grey,shoe-3,Ecco Dress Shoes — Black Oxford/Derby,watch-R03,Rolex — Daytona Panda,B14,DS022,,8.979803,Lavender and navy lighten black tailoring with clearly separate grey trousers.
B14,baseline_curated,2,"{""blazerId"":""B14"",""shirtId"":""DS005"",""state"":""T023"",""shoeId"":""shoe-13"",""watchId"":""watch-P08"",""pantId"":""PG002""}",blazer-source-B14,Black / Near-Black Solid Executive Blazer,shirt-DS005,Cream/off-white; Visually near-solid; subtle windowpane metadata retained,T023,Burgundy / blue paisley,pants-PG002,Nordstrom Mens Shop — Grey (Brushed/flannel),shoe-13,Hermes Loafers — Black Kelly Hardware,watch-P08,Patek Philippe — Nautilus 5811,B14,DS005,,9.235263,Quiet cream check and burgundy paisley with black tailoring and grey trousers.
B14,baseline_heuristic,1,"{""blazerId"":""B14"",""pantId"":""PN002"",""shirtId"":""DS025"",""state"":""T024"",""shoeId"":""shoe-13"",""watchId"":""watch-AP09""}",blazer-source-B14,Black / Near-Black Solid Executive Blazer,shirt-DS025,Light pink; Solid,T024,Royal blue / beige-gold paisley,pants-PN002,The Rising Sun Mfg Co. — Chino Light stone/grey-beige (Leather patch),shoe-13,Hermes Loafers — Black Kelly Hardware,watch-AP09,Audemars Piguet — RO Dark Blue,B14,DS025,9.107676,9.439704,Tie gives a clear focal point; jacket-shirt contrast need not be maximized.
B14,baseline_heuristic,2,"{""blazerId"":""B14"",""pantId"":""PG002"",""shirtId"":""DS022"",""state"":""T036"",""shoeId"":""shoe-13"",""watchId"":""watch-AP09""}",blazer-source-B14,Black / Near-Black Solid Executive Blazer,shirt-DS022,Darker lavender; Solid,T036,Purple / grey ornamental medallions,pants-PG002,Nordstrom Mens Shop — Grey (Brushed/flannel),shoe-13,Hermes Loafers — Black Kelly Hardware,watch-AP09,Audemars Piguet — RO Dark Blue,B14,DS022,9.097279,9.324178,Tie gives a clear focal point; jacket-shirt contrast need not be maximized.
B14,baseline_heuristic,3,"{""blazerId"":""B14"",""pantId"":""PN002"",""shirtId"":""DS002"",""state"":""NO_TIE"",""shoeId"":""shoe-17"",""watchId"":""watch-R09""}",blazer-source-B14,Black / Near-Black Solid Executive Blazer,shirt-DS002,DS002 - source-repaired collar/body pilot,,No tie,pants-PN002,The Rising Sun Mfg Co. — Chino Light stone/grey-beige (Leather patch),shoe-17,Louis Vuitton Loafers — Black Damier,watch-R09,Rolex — Datejust White Dial,B14,DS002,9.086818,9.303947,Open collar has its own readable value/texture structure on the same quality scale; no missing-tie penalty.
B14,baseline_heuristic,4,"{""blazerId"":""B14"",""pantId"":""PG002"",""shirtId"":""DS027"",""state"":""T045"",""shoeId"":""shoe-17"",""watchId"":""watch-R09""}",blazer-source-B14,Black / Near-Black Solid Executive Blazer,shirt-DS027,White/light ground; Bengal stripe,T045,Pale pink / blue micro-dot,pants-PG002,Nordstrom Mens Shop — Grey (Brushed/flannel),shoe-17,Louis Vuitton Loafers — Black Damier,watch-R09,Rolex — Datejust White Dial,B14,DS027,9.087781,9.218651,Tie gives a clear focal point; jacket-shirt contrast need not be maximized.
B14,baseline_heuristic,5,"{""blazerId"":""B14"",""pantId"":""PG003"",""shirtId"":""DS006"",""state"":""T033"",""shoeId"":""shoe-8"",""watchId"":""watch-R11""}",blazer-source-B14,Black / Near-Black Solid Executive Blazer,shirt-DS006,Brunello Cucinelli — light blue solid,T033,Dark navy / blue-gold monogram,pants-PG003,Very light grey,shoe-8,Gucci Loafers — Black Horsebit,watch-R11,Rolex — Day-Date Green,B14,DS006,9.093679,9.284178,Tie gives a clear focal point; jacket-shirt contrast need not be maximized.
B14,baseline_heuristic,6,"{""blazerId"":""B14"",""pantId"":""PG003"",""shirtId"":""DS019"",""state"":""T016"",""shoeId"":""shoe-8"",""watchId"":""watch-R11""}",blazer-source-B14,Black / Near-Black Solid Executive Blazer,shirt-DS019,Chestnut/warm mid-brown; Solid,T016,Burgundy-red / silver diagonal stripe,pants-PG003,Very light grey,shoe-8,Gucci Loafers — Black Horsebit,watch-R11,Rolex — Day-Date Green,B14,DS019,9.075833,9.085888,Tie gives a clear focal point; jacket-shirt contrast need not be maximized.
B14,baseline_heuristic,7,"{""blazerId"":""B14"",""pantId"":""PG001"",""shirtId"":""DS008"",""state"":""T025"",""shoeId"":""shoe-15"",""watchId"":""watch-R13""}",blazer-source-B14,Black / Near-Black Solid Executive Blazer,shirt-DS008,Brunello Cucinelli — White with thin horizontal stripe,T025,Muted slate-brown / wine paisley,pants-PG001,Prada — Dark grey (Cream lining),shoe-15,Loro Piana Loafers — Brown Suede Penny,watch-R13,Rolex — Day-Date Champagne,B14,DS008,9.092235,9.272303,Tie gives a clear focal point; jacket-shirt contrast need not be maximized.
B14,baseline_heuristic,8,"{""blazerId"":""B14"",""pantId"":""PB001"",""shirtId"":""DS005"",""state"":""T032"",""shoeId"":""shoe-15"",""watchId"":""watch-R13""}",blazer-source-B14,Black / Near-Black Solid Executive Blazer,shirt-DS005,Cream/off-white; Visually near-solid; subtle windowpane metadata retained,T032,Purple / navy-white diagonal stripe,pants-PB001,"Charles Tyrwhitt — Chino Navy (34W 30L, Slim Fit)",shoe-15,Loro Piana Loafers — Brown Suede Penny,watch-R13,Rolex — Day-Date Champagne,B14,DS005,9.083854,9.179178,Tie gives a clear focal point; jacket-shirt contrast need not be maximized.
B14,baseline_heuristic,9,"{""blazerId"":""B14"",""pantId"":""PG001"",""shirtId"":""DS025"",""state"":""T007"",""shoeId"":""shoe-11"",""watchId"":""watch-R14""}",blazer-source-B14,Black / Near-Black Solid Executive Blazer,shirt-DS025,Light pink; Solid,T007,Charcoal / pale-pink diagonal lattice,pants-PG001,Prada — Dark grey (Cream lining),shoe-11,"Gucci Loafers — Dark Espresso Brown/Oxblood Horsebit, Polished Leather",watch-R14,Rolex — Day-Date White Roman,B14,DS025,9.093345,9.309638,Tie gives a clear focal point; jacket-shirt contrast need not be maximized.
B14,baseline_heuristic,10,"{""blazerId"":""B14"",""pantId"":""PB001"",""shirtId"":""DS024"",""state"":""T032"",""shoeId"":""shoe-11"",""watchId"":""watch-R14""}",blazer-source-B14,Black / Near-Black Solid Executive Blazer,shirt-DS024,Pale pink; Solid,T032,Purple / navy-white diagonal stripe,pants-PB001,"Charles Tyrwhitt — Chino Navy (34W 30L, Slim Fit)",shoe-11,"Gucci Loafers — Dark Espresso Brown/Oxblood Horsebit, Polished Leather",watch-R14,Rolex — Day-Date White Roman,B14,DS024,9.094654,9.324178,Tie gives a clear focal point; jacket-shirt contrast need not be maximized.
B14,baseline_heuristic,11,"{""blazerId"":""B14"",""pantId"":""PB002"",""shirtId"":""DS021"",""state"":""T041"",""shoeId"":""shoe-14"",""watchId"":""watch-AP06""}",blazer-source-B14,Black / Near-Black Solid Executive Blazer,shirt-DS021,Very light lavender; Pinstripe,T041,Silver / navy monogram,pants-PB002,"Nordstrom — Navy (Workers United label, previously unbranded)",shoe-14,"Hermes Loafers — Cognac/Chestnut Kelly Hardware, Dark Espresso Patina",watch-AP06,"Audemars Piguet — RO Black Dial, Rose Gold",B14,DS021,9.065463,9.100526,Tie gives a clear focal point; jacket-shirt contrast need not be maximized.
B14,baseline_heuristic,12,"{""blazerId"":""B14"",""pantId"":""PB002"",""shirtId"":""DS006"",""state"":""T018"",""shoeId"":""shoe-14"",""watchId"":""watch-AP06""}",blazer-source-B14,Black / Near-Black Solid Executive Blazer,shirt-DS006,Brunello Cucinelli — light blue solid,T018,Dark brown / slate-blue paisley,pants-PB002,"Nordstrom — Navy (Workers United label, previously unbranded)",shoe-14,"Hermes Loafers — Cognac/Chestnut Kelly Hardware, Dark Espresso Patina",watch-AP06,"Audemars Piguet — RO Black Dial, Rose Gold",B14,DS006,9.076408,9.222138,Tie gives a clear focal point; jacket-shirt contrast need not be maximized.
B14,baseline_heuristic,13,"{""blazerId"":""B14"",""pantId"":""PB003"",""shirtId"":""DS027"",""state"":""T041"",""shoeId"":""shoe-9"",""watchId"":""watch-AP10""}",blazer-source-B14,Black / Near-Black Solid Executive Blazer,shirt-DS027,White/light ground; Bengal stripe,T041,Silver / navy monogram,pants-PB003,Theory — Navy (Size 32),shoe-9,Gucci Loafers — Cognac Horsebit,watch-AP10,Audemars Piguet — RO Blue RG Bracelet,B14,DS027,9.070694,9.158651,Tie gives a clear focal point; jacket-shirt contrast need not be maximized.
B14,baseline_heuristic,14,"{""blazerId"":""B14"",""pantId"":""PB003"",""shirtId"":""DS014"",""state"":""T010"",""shoeId"":""shoe-9"",""watchId"":""watch-AP10""}",blazer-source-B14,Black / Near-Black Solid Executive Blazer,shirt-DS014,White; Solid,T010,Near-black / white spaced dots,pants-PB003,Theory — Navy (Size 32),shoe-9,Gucci Loafers — Cognac Horsebit,watch-AP10,Audemars Piguet — RO Blue RG Bracelet,B14,DS014,9.070972,9.161743,Tie gives a clear focal point; jacket-shirt contrast need not be maximized.
B14,baseline_heuristic,15,"{""blazerId"":""B14"",""pantId"":""PB004"",""shirtId"":""DS008"",""state"":""T044"",""shoeId"":""shoe-19"",""watchId"":""watch-AP13""}",blazer-source-B14,Black / Near-Black Solid Executive Blazer,shirt-DS008,Brunello Cucinelli — White with thin horizontal stripe,T044,Silver-grey tonal floral-paisley,pants-PB004,Prada — Navy (Cuffed hem),shoe-19,Louis Vuitton Loafers — Black Monogram,watch-AP13,Audemars Piguet — RO Blue RG Leather,B14,DS008,9.076056,9.228651,Tie gives a clear focal point; jacket-shirt contrast need not be maximized.
B14,research,1,"{""blazerId"":""B14"",""pantId"":""PG003"",""shirtId"":""DS005"",""state"":""T015"",""shoeId"":""shoe-1"",""watchId"":""watch-AP09""}",blazer-source-B14,Black / Near-Black Solid Executive Blazer,shirt-DS005,Cream/off-white; Visually near-solid; subtle windowpane metadata retained,T015,Navy / fine diagonal stripe,pants-PG003,Very light grey,shoe-1,Christian Louboutin Dress Shoes — Black Single Monk,watch-AP09,Audemars Piguet — RO Dark Blue,B14,DS005,9.350478,9.226316,"The tie is deeper than the shirt, giving a readable focal point. Pattern scale and prominence leave a clear visual hierarchy. Separate trousers have deliberate colour/value separation from the blazer."
B14,research,2,"{""blazerId"":""B14"",""pantId"":""PG001"",""shirtId"":""DS004"",""state"":""T005"",""shoeId"":""shoe-1"",""watchId"":""watch-AP09""}",blazer-source-B14,Black / Near-Black Solid Executive Blazer,shirt-DS004,DS004 - source-repaired collar/body pilot,T005,Dark brown / gold medallions,pants-PG001,Prada — Dark grey (Cream lining),shoe-1,Christian Louboutin Dress Shoes — Black Single Monk,watch-AP09,Audemars Piguet — RO Dark Blue,B14,DS004,9.286173,9.136612,"The tie is deeper than the shirt, giving a readable focal point. A recorded accent links the tie to another garment. Separate trousers have deliberate colour/value separation from the blazer."
B14,research,3,"{""blazerId"":""B14"",""pantId"":""PB001"",""shirtId"":""DS019"",""state"":""NO_TIE"",""shoeId"":""shoe-13"",""watchId"":""watch-R09""}",blazer-source-B14,Black / Near-Black Solid Executive Blazer,shirt-DS019,Chestnut/warm mid-brown; Solid,,No tie,pants-PB001,"Charles Tyrwhitt — Chino Navy (34W 30L, Slim Fit)",shoe-13,Hermes Loafers — Black Kelly Hardware,watch-R09,Rolex — Datejust White Dial,B14,DS019,9.240759,8.772895,Open collar keeps the outfit uncluttered; no missing-tie penalty. Pattern scale and prominence leave a clear visual hierarchy. Separate trousers have deliberate colour/value separation from the blazer.
B14,research,4,"{""blazerId"":""B14"",""pantId"":""PG003"",""shirtId"":""DS002"",""state"":""T028"",""shoeId"":""shoe-2"",""watchId"":""watch-R09""}",blazer-source-B14,Black / Near-Black Solid Executive Blazer,shirt-DS002,DS002 - source-repaired collar/body pilot,T028,Midnight-navy tonal paisley,pants-PG003,Very light grey,shoe-2,Berluti Dress Shoes — Black Double Monk,watch-R09,Rolex — Datejust White Dial,B14,DS002,9.306486,9.125526,"The tie is deeper than the shirt, giving a readable focal point. Pattern scale and prominence leave a clear visual hierarchy. Separate trousers have deliberate colour/value separation from the blazer."
B14,research,5,"{""blazerId"":""B14"",""pantId"":""PB001"",""shirtId"":""DS006"",""state"":""T004"",""shoeId"":""shoe-2"",""watchId"":""watch-R11""}",blazer-source-B14,Black / Near-Black Solid Executive Blazer,shirt-DS006,Brunello Cucinelli — light blue solid,T004,Burnt-orange near-solid geometric,pants-PB001,"Charles Tyrwhitt — Chino Navy (34W 30L, Slim Fit)",shoe-2,Berluti Dress Shoes — Black Double Monk,watch-R11,Rolex — Day-Date Green,B14,DS006,9.232035,9.054606,"The tie is deeper than the shirt, giving a readable focal point. Pattern scale and prominence leave a clear visual hierarchy. Separate trousers have deliberate colour/value separation from the blazer."
B14,research,6,"{""blazerId"":""B14"",""pantId"":""PG002"",""shirtId"":""DS014"",""state"":""T015"",""shoeId"":""shoe-3"",""watchId"":""watch-R11""}",blazer-source-B14,Black / Near-Black Solid Executive Blazer,shirt-DS014,White; Solid,T015,Navy / fine diagonal stripe,pants-PG002,Nordstrom Mens Shop — Grey (Brushed/flannel),shoe-3,Ecco Dress Shoes — Black Oxford/Derby,watch-R11,Rolex — Day-Date Green,B14,DS014,9.280052,9.261316,"The tie is deeper than the shirt, giving a readable focal point. Pattern scale and prominence leave a clear visual hierarchy. Separate trousers have deliberate colour/value separation from the blazer."
B14,research,7,"{""blazerId"":""B14"",""pantId"":""PG002"",""shirtId"":""DS025"",""state"":""T012"",""shoeId"":""shoe-3"",""watchId"":""watch-R13""}",blazer-source-B14,Black / Near-Black Solid Executive Blazer,shirt-DS025,Light pink; Solid,T012,Black tonal lattice,pants-PG002,Nordstrom Mens Shop — Grey (Brushed/flannel),shoe-3,Ecco Dress Shoes — Black Oxford/Derby,watch-R13,Rolex — Day-Date Champagne,B14,DS025,9.19754,9.182368,"The tie is deeper than the shirt, giving a readable focal point. Pattern scale and prominence leave a clear visual hierarchy. Separate trousers have deliberate colour/value separation from the blazer."
B14,research,8,"{""blazerId"":""B14"",""pantId"":""PG001"",""shirtId"":""DS005"",""state"":""T039"",""shoeId"":""shoe-4"",""watchId"":""watch-R13""}",blazer-source-B14,Black / Near-Black Solid Executive Blazer,shirt-DS005,Cream/off-white; Visually near-solid; subtle windowpane metadata retained,T039,Navy / light-blue floral,pants-PG001,Prada — Dark grey (Cream lining),shoe-4,Christian Louboutin Dress Shoes — Dark Brown Derby Lace-up,watch-R13,Rolex — Day-Date Champagne,B14,DS005,9.28422,9.212303,"The tie is deeper than the shirt, giving a readable focal point. Pattern scale and prominence leave a clear visual hierarchy. Separate trousers have deliberate colour/value separation from the blazer."
B14,research,9,"{""blazerId"":""B14"",""pantId"":""PN002"",""shirtId"":""DS002"",""state"":""T028"",""shoeId"":""shoe-4"",""watchId"":""watch-R14""}",blazer-source-B14,Black / Near-Black Solid Executive Blazer,shirt-DS002,DS002 - source-repaired collar/body pilot,T028,Midnight-navy tonal paisley,pants-PN002,The Rising Sun Mfg Co. — Chino Light stone/grey-beige (Leather patch),shoe-4,Christian Louboutin Dress Shoes — Dark Brown Derby Lace-up,watch-R14,Rolex — Day-Date White Roman,B14,DS002,9.282361,9.149901,"The tie is deeper than the shirt, giving a readable focal point. Pattern scale and prominence leave a clear visual hierarchy. Separate trousers have deliberate colour/value separation from the blazer."
B14,research,10,"{""blazerId"":""B14"",""pantId"":""PN002"",""shirtId"":""DS001"",""state"":""T005"",""shoeId"":""shoe-49"",""watchId"":""watch-R14""}",blazer-source-B14,Black / Near-Black Solid Executive Blazer,shirt-DS001,White; Solid,T005,Dark brown / gold medallions,pants-PN002,The Rising Sun Mfg Co. — Chino Light stone/grey-beige (Leather patch),shoe-49,"Berluti Dress Shoes — Alessandro Infini Alto Oxford, Venezia calf, brown patina, lug sole",watch-R14,Rolex — Day-Date White Roman,B14,DS001,9.234236,9.200263,"The tie is deeper than the shirt, giving a readable focal point. Separate trousers have deliberate colour/value separation from the blazer."
B14,research,11,"{""blazerId"":""B14"",""pantId"":""PB002"",""shirtId"":""DS019"",""state"":""NO_TIE"",""shoeId"":""shoe-13"",""watchId"":""watch-AP06""}",blazer-source-B14,Black / Near-Black Solid Executive Blazer,shirt-DS019,Chestnut/warm mid-brown; Solid,,No tie,pants-PB002,"Nordstrom — Navy (Workers United label, previously unbranded)",shoe-13,Hermes Loafers — Black Kelly Hardware,watch-AP06,"Audemars Piguet — RO Black Dial, Rose Gold",B14,DS019,9.237759,8.772895,Open collar keeps the outfit uncluttered; no missing-tie penalty. Pattern scale and prominence leave a clear visual hierarchy. Separate trousers have deliberate colour/value separation from the blazer.
B14,research,12,"{""blazerId"":""B14"",""pantId"":""PB002"",""shirtId"":""DS007"",""state"":""T004"",""shoeId"":""shoe-0"",""watchId"":""watch-AP06""}",blazer-source-B14,Black / Near-Black Solid Executive Blazer,shirt-DS007,Paul Fredrick — Light blue micro-check,T004,Burnt-orange near-solid geometric,pants-PB002,"Nordstrom — Navy (Workers United label, previously unbranded)",shoe-0,Louis Vuitton Dress Shoes — Black Embossed Monogram Lace-up,watch-AP06,"Audemars Piguet — RO Black Dial, Rose Gold",B14,DS007,9.209799,8.809606,"The tie is deeper than the shirt, giving a readable focal point. Pattern scale and prominence leave a clear visual hierarchy. Separate trousers have deliberate colour/value separation from the blazer."
B14,research,13,"{""blazerId"":""B14"",""pantId"":""PB003"",""shirtId"":""DS008"",""state"":""T018"",""shoeId"":""shoe-8"",""watchId"":""watch-AP10""}",blazer-source-B14,Black / Near-Black Solid Executive Blazer,shirt-DS008,Brunello Cucinelli — White with thin horizontal stripe,T018,Dark brown / slate-blue paisley,pants-PB003,Theory — Navy (Size 32),shoe-8,Gucci Loafers — Black Horsebit,watch-AP10,Audemars Piguet — RO Blue RG Bracelet,B14,DS008,9.166659,9.199737,"The tie is deeper than the shirt, giving a readable focal point. Separate trousers have deliberate colour/value separation from the blazer."
B14,research,14,"{""blazerId"":""B14"",""pantId"":""PB003"",""shirtId"":""DS007"",""state"":""T003"",""shoeId"":""shoe-0"",""watchId"":""watch-AP10""}",blazer-source-B14,Black / Near-Black Solid Executive Blazer,shirt-DS007,Paul Fredrick — Light blue micro-check,T003,Rust / blue-grey linked scroll,pants-PB003,Theory — Navy (Size 32),shoe-0,Louis Vuitton Dress Shoes — Black Embossed Monogram Lace-up,watch-AP10,Audemars Piguet — RO Blue RG Bracelet,B14,DS007,9.177876,9.082204,"The tie is deeper than the shirt, giving a readable focal point. Pattern scale and prominence leave a clear visual hierarchy. A recorded accent links the tie to another garment. Separate trousers have deliberate colour/value separation from the blazer."
B14,research,15,"{""blazerId"":""B14"",""pantId"":""PB004"",""shirtId"":""DS004"",""state"":""T018"",""shoeId"":""shoe-8"",""watchId"":""watch-AP13""}",blazer-source-B14,Black / Near-Black Solid Executive Blazer,shirt-DS004,DS004 - source-repaired collar/body pilot,T018,Dark brown / slate-blue paisley,pants-PB004,Prada — Navy (Cuffed hem),shoe-8,Gucci Loafers — Black Horsebit,watch-AP13,Audemars Piguet — RO Blue RG Leather,B14,DS004,9.178257,9.220362,"The tie is deeper than the shirt, giving a readable focal point. A recorded accent links the tie to another garment. Separate trousers have deliberate colour/value separation from the blazer."
NO_ANCHOR,baseline_curated,1,"{""suitId"":""S10"",""shirtId"":""DS022"",""state"":""T022"",""shoeId"":""shoe-3"",""watchId"":""watch-P05""}",suit-9,Owner-confirmed light grey near-solid,shirt-DS022,Darker lavender; Solid,T022,Deep navy tonal honeycomb,,Matching suit trousers,shoe-3,Ecco Dress Shoes — Black Oxford/Derby,watch-P05,Patek Philippe — Nautilus 5712,S10,DS022,,8.656217,"Light-grey tailoring and lavender, with a quieter navy tie. The shirt provides color without making every element compete."
NO_ANCHOR,baseline_curated,2,"{""suitId"":""S13"",""shirtId"":""DS035"",""state"":""T023"",""shoeId"":""shoe-4"",""watchId"":""watch-P08""}",suit-12,Medium-dark slate-blue textured near-solid,shirt-DS035,Zegna — ivory/off-white solid,T023,Burgundy / blue paisley,,Matching suit trousers,shoe-4,Christian Louboutin Dress Shoes — Dark Brown Derby Lace-up,watch-P08,Patek Philippe — Nautilus 5811,S13,DS035,,9.353421,Ivory separates slate-blue tailoring from the burgundy tie. Dark-brown shoes keep the warm accent controlled.
NO_ANCHOR,baseline_curated,3,"{""suitId"":""S01"",""shirtId"":""DS009"",""state"":""T018"",""shoeId"":""shoe-5"",""watchId"":""watch-P02""}",suit-0,Dark chocolate brown solid; double-breasted; peak lapels,shirt-DS009,Brunello Cucinelli — sky-blue solid,T018,Dark brown / slate-blue paisley,,Matching suit trousers,shoe-5,Ecco Dress Shoes — Brown Oxford/Derby,watch-P02,Patek Philippe — Aquanaut Chocolate RG,S01,DS009,,9.062171,Sky blue lightens chocolate tailoring; the brown/slate-blue paisley links those two colors rather than adding a disconnected accent.
NO_ANCHOR,baseline_curated,4,"{""suitId"":""S03"",""shirtId"":""DS006"",""state"":""T028"",""shoeId"":""shoe-6"",""watchId"":""watch-R09""}",suit-2,Mushroom beige / warm greige solid,shirt-DS006,Brunello Cucinelli — light blue solid,T028,Midnight-navy tonal paisley,,Matching suit trousers,shoe-6,Allen Edmonds Dress Shoes — Brown Double Monk Strap,watch-R09,Rolex — Datejust White Dial,S03,DS006,,9.295921,Muted beige and light blue with a dark-navy focal point. The quieter shirt/tie keeps the warm light suit central.
NO_ANCHOR,baseline_curated,5,"{""suitId"":""S17"",""shirtId"":""DS001"",""state"":""T025"",""shoeId"":""shoe-0"",""watchId"":""watch-R14""}",suit-16,Very dark navy fine blue-grey pinstripe,shirt-DS001,White; Solid,T025,Muted slate-brown / wine paisley,,Matching suit trousers,shoe-0,Louis Vuitton Dress Shoes — Black Embossed Monogram Lace-up,watch-R14,Rolex — Day-Date White Roman,S17,DS001,,9.114737,"A white shirt gives the fine navy pinstripe room. Slate/wine paisley provides a different pattern family, with black footwear below."
NO_ANCHOR,baseline_curated,6,"{""suitId"":""S06"",""shirtId"":""DS024"",""state"":""T030"",""shoeId"":""shoe-2"",""watchId"":""watch-AP09""}",suit-5,Approved grey Prince of Wales / glen check,shirt-DS024,Pale pink; Solid,T030,Aubergine tonal geometric,,Matching suit trousers,shoe-2,Berluti Dress Shoes — Black Double Monk,watch-AP09,Audemars Piguet — RO Dark Blue,S06,DS024,,9.304836,Pale pink and restrained aubergine soften the grey glen check. Keep the tie comparatively quiet beside the suit pattern.
NO_ANCHOR,baseline_curated,7,"{""suitId"":""S08"",""shirtId"":""DS017"",""state"":""T021"",""shoeId"":""shoe-8"",""watchId"":""watch-R03""}",suit-7,Blue / dark-charcoal tonal plaid/check,shirt-DS017,Brioni — cream/stone solid,T021,Dark navy / gold medallions,,Matching suit trousers,shoe-8,Gucci Loafers — Black Horsebit,watch-R03,Rolex — Daytona Panda,S08,DS017,,8.969079,Cream adds warmth to charcoal-blue plaid. Navy with small gold accents links the cool tailoring and warm shirt without a bright-red contrast.
NO_ANCHOR,baseline_curated,8,"{""suitId"":""S11"",""shirtId"":""DS036"",""state"":""NO_TIE"",""shoeId"":""shoe-11"",""watchId"":""watch-P07""}",suit-10,Cool light grey textured near-solid,shirt-DS036,Zegna — chocolate-brown solid,,No tie,,Matching suit trousers,shoe-11,"Gucci Loafers — Dark Espresso Brown/Oxblood Horsebit, Polished Leather",watch-P07,Patek Philippe — Nautilus Black Leather,S11,DS036,,9.062895,"A deliberate dark-shirt alternative: chocolate with light textured grey, open at the neck. Espresso/oxblood shoes keep the lower half coherent."
NO_ANCHOR,baseline_curated,9,"{""suitId"":""S15"",""shirtId"":""DS030"",""state"":""T020"",""shoeId"":""shoe-13"",""watchId"":""watch-R02""}",suit-14,Dark navy with fine burgundy-red pinstripes,shirt-DS030,Brooks Brothers 346 — light silver-grey herringbone,T020,Navy / burgundy-tan paisley,,Matching suit trousers,shoe-13,Hermes Loafers — Black Kelly Hardware,watch-R02,Rolex — GMT-Master II Batman (Jubilee),S15,DS030,,9.181973,Silver-grey under navy/burgundy pinstripes; the paisley repeats the burgundy in a different geometry. Black shoes avoid an extra warm focal point.
NO_ANCHOR,baseline_curated,10,"{""blazerId"":""B02"",""pantId"":""PG003"",""shirtId"":""DS005"",""state"":""T015"",""shoeId"":""shoe-3"",""watchId"":""watch-P08""}",blazer-1,"very dark/midnight navy, fine micro-check, structured two-button, flap pockets, no pocket square",shirt-DS005,Cream/off-white; Visually near-solid; subtle windowpane metadata retained,T015,Navy / fine diagonal stripe,pants-PG003,Very light grey,shoe-3,Ecco Dress Shoes — Black Oxford/Derby,watch-P08,Patek Philippe — Nautilus 5811,B02,DS005,,9.270625,"Midnight-navy micro-check, light-grey trousers and a very subtle cream windowpane. A fine navy diagonal tie keeps the color story compact."
NO_ANCHOR,baseline_curated,11,"{""blazerId"":""B06"",""pantId"":""PB001"",""shirtId"":""DS007"",""state"":""T004"",""shoeId"":""shoe-15"",""watchId"":""watch-R09""}",blazer-source-B06,"very pale highly desaturated sage, very thin lightweight cloth",shirt-DS007,Paul Fredrick — Light blue micro-check,T004,Burnt-orange near-solid geometric,pants-PB001,"Charles Tyrwhitt — Chino Navy (34W 30L, Slim Fit)",shoe-15,Loro Piana Loafers — Brown Suede Penny,watch-R09,Rolex — Datejust White Dial,B06,DS007,,8.626349,"Pale sage, blue and navy with one controlled rust accent. Brown suede supports the softer blazer surface."
NO_ANCHOR,baseline_curated,12,"{""blazerId"":""B08"",""pantId"":""PB002"",""shirtId"":""DS019"",""state"":""NO_TIE"",""shoeId"":""shoe-15"",""watchId"":""watch-P02""}",blazer-source-B08,Cream / Ivory Textured Blazer,shirt-DS019,Chestnut/warm mid-brown; Solid,,No tie,pants-PB002,"Nordstrom — Navy (Workers United label, previously unbranded)",shoe-15,Loro Piana Loafers — Brown Suede Penny,watch-P02,Patek Philippe — Aquanaut Chocolate RG,B08,DS019,,9.165526,"Cream blazer, chestnut shirt and navy trousers form a warm/cool open-collar alternative. Brown suede repeats the soft brown without adding shine."
NO_ANCHOR,baseline_curated,13,"{""blazerId"":""B10"",""pantId"":""PG001"",""shirtId"":""DS014"",""state"":""T005"",""shoeId"":""shoe-6"",""watchId"":""watch-R13""}",blazer-source-B10,Light Camel / Warm Taupe-Beige Near-Solid Textured Blazer,shirt-DS014,White; Solid,T005,Dark brown / gold medallions,pants-PG001,Prada — Dark grey (Cream lining),shoe-6,Allen Edmonds Dress Shoes — Brown Double Monk Strap,watch-R13,Rolex — Day-Date Champagne,B10,DS014,,9.219013,"Camel, white and dark grey provide a clear sport-coat structure. Dark-brown/gold tie accents link the jacket and brown monks."
NO_ANCHOR,baseline_curated,14,"{""blazerId"":""B13"",""pantId"":""PG002"",""shirtId"":""DS025"",""state"":""T012"",""shoeId"":""shoe-13"",""watchId"":""watch-AP09""}",blazer-source-B13,Deep Plum / Aubergine-Burgundy Multitone Check Blazer,shirt-DS025,Light pink; Solid,T012,Black tonal lattice,pants-PG002,Nordstrom Mens Shop — Grey (Brushed/flannel),shoe-13,Hermes Loafers — Black Kelly Hardware,watch-AP09,Audemars Piguet — RO Dark Blue,B13,DS025,,8.896974,The plum checked blazer leads; pale pink and a near-solid black tie support it. Grey trousers and black shoes keep the lower half quiet.
NO_ANCHOR,baseline_curated,15,"{""suitId"":""S02"",""shirtId"":""DS006"",""state"":""T020"",""shoeId"":""shoe-4"",""watchId"":""watch-P05""}",suit-1,Warm charcoal brown Prince of Wales / glen plaid,shirt-DS006,Brunello Cucinelli — light blue solid,T020,Navy / burgundy-tan paisley,,Matching suit trousers,shoe-4,Christian Louboutin Dress Shoes — Dark Brown Derby Lace-up,watch-P05,Patek Philippe — Nautilus 5712,S02,DS006,,8.666184,A pale blue foundation and organic tie separate the grey-brown glen pattern.
NO_ANCHOR,baseline_heuristic,1,"{""blazerId"":""B05"",""pantId"":""PN002"",""shirtId"":""DS025"",""state"":""T024"",""shoeId"":""shoe-15"",""watchId"":""watch-AP06""}",blazer-source-B05,Chocolate Brown Tonal Monogram / Geometric Blazer,shirt-DS025,Light pink; Solid,T024,Royal blue / beige-gold paisley,pants-PN002,The Rising Sun Mfg Co. — Chino Light stone/grey-beige (Leather patch),shoe-15,Loro Piana Loafers — Brown Suede Penny,watch-AP06,"Audemars Piguet — RO Black Dial, Rose Gold",B05,DS025,9.117192,9.456546,Tie gives a clear focal point; jacket-shirt contrast need not be maximized.
NO_ANCHOR,baseline_heuristic,2,"{""suitId"":""S06"",""shirtId"":""DS044"",""state"":""T028"",""shoeId"":""shoe-1"",""watchId"":""watch-AP09""}",suit-5,Approved grey Prince of Wales / glen check,shirt-DS044,Emanuel Berg — white with navy micro-diamond / dot print,T028,Midnight-navy tonal paisley,,Matching suit trousers,shoe-1,Christian Louboutin Dress Shoes — Black Single Monk,watch-AP09,Audemars Piguet — RO Dark Blue,S06,DS044,9.113144,9.530461,Tie gives a clear focal point; jacket-shirt contrast need not be maximized.
NO_ANCHOR,baseline_heuristic,3,"{""blazerId"":""B08"",""pantId"":""PB001"",""shirtId"":""DS019"",""state"":""T010"",""shoeId"":""shoe-15"",""watchId"":""watch-AP06""}",blazer-source-B08,Cream / Ivory Textured Blazer,shirt-DS019,Chestnut/warm mid-brown; Solid,T010,Near-black / white spaced dots,pants-PB001,"Charles Tyrwhitt — Chino Navy (34W 30L, Slim Fit)",shoe-15,Loro Piana Loafers — Brown Suede Penny,watch-AP06,"Audemars Piguet — RO Black Dial, Rose Gold",B08,DS019,9.10937,9.369638,Tie gives a clear focal point; jacket-shirt contrast need not be maximized.
NO_ANCHOR,baseline_heuristic,4,"{""suitId"":""S16"",""shirtId"":""DS031"",""state"":""NO_TIE"",""shoeId"":""shoe-13"",""watchId"":""watch-AP09""}",suit-15,Blue double-breasted pinstripe; no S05/S16 remapping,shirt-DS031,Hugo Boss — lavender windowpane over micro-check,,No tie,,Matching suit trousers,shoe-13,Hermes Loafers — Black Kelly Hardware,watch-AP09,Audemars Piguet — RO Dark Blue,S16,DS031,9.093213,9.455,Open collar has its own readable value/texture structure on the same quality scale; no missing-tie penalty.
NO_ANCHOR,baseline_heuristic,5,"{""suitId"":""S06"",""shirtId"":""DS035"",""state"":""T040"",""shoeId"":""shoe-1"",""watchId"":""watch-R09""}",suit-5,Approved grey Prince of Wales / glen check,shirt-DS035,Zegna — ivory/off-white solid,T040,Charcoal tonal geometric,,Matching suit trousers,shoe-1,Christian Louboutin Dress Shoes — Black Single Monk,watch-R09,Rolex — Datejust White Dial,S06,DS035,9.111013,9.506776,Tie gives a clear focal point; jacket-shirt contrast need not be maximized.
NO_ANCHOR,baseline_heuristic,6,"{""suitId"":""S07"",""shirtId"":""DS037"",""state"":""T033"",""shoeId"":""shoe-2"",""watchId"":""watch-R09""}",suit-6,"Approved medium-light cornflower / steel-blue near-solid, not S09 windowpane",shirt-DS037,Loewe — taupe/medium-brown solid,T033,Dark navy / blue-gold monogram,,Matching suit trousers,shoe-2,Berluti Dress Shoes — Black Double Monk,watch-R09,Rolex — Datejust White Dial,S07,DS037,9.113805,9.537796,Tie gives a clear focal point; jacket-shirt contrast need not be maximized.
NO_ANCHOR,baseline_heuristic,7,"{""blazerId"":""B05"",""pantId"":""PN002"",""shirtId"":""DS002"",""state"":""T010"",""shoeId"":""shoe-11"",""watchId"":""watch-AP10""}",blazer-source-B05,Chocolate Brown Tonal Monogram / Geometric Blazer,shirt-DS002,DS002 - source-repaired collar/body pilot,T010,Near-black / white spaced dots,pants-PN002,The Rising Sun Mfg Co. — Chino Light stone/grey-beige (Leather patch),shoe-11,"Gucci Loafers — Dark Espresso Brown/Oxblood Horsebit, Polished Leather",watch-AP10,Audemars Piguet — RO Blue RG Bracelet,B05,DS002,9.105667,9.353487,Tie gives a clear focal point; jacket-shirt contrast need not be maximized.
NO_ANCHOR,baseline_heuristic,8,"{""blazerId"":""B02"",""pantId"":""PG002"",""shirtId"":""DS022"",""state"":""T032"",""shoeId"":""shoe-13"",""watchId"":""watch-R11""}",blazer-1,"very dark/midnight navy, fine micro-check, structured two-button, flap pockets, no pocket square",shirt-DS022,Darker lavender; Solid,T032,Purple / navy-white diagonal stripe,pants-PG002,Nordstrom Mens Shop — Grey (Brushed/flannel),shoe-13,Hermes Loafers — Black Kelly Hardware,watch-R11,Rolex — Day-Date Green,B02,DS022,9.10545,9.414967,Tie gives a clear focal point; jacket-shirt contrast need not be maximized.
NO_ANCHOR,baseline_heuristic,9,"{""suitId"":""S18"",""shirtId"":""DS029"",""state"":""T044"",""shoeId"":""shoe-2"",""watchId"":""watch-R11""}",suit-17,Approved black / very dark charcoal neutral pinstripe; no burgundy,shirt-DS029,Brooks Brothers 346 — ice-blue / silver-blue herringbone,T044,Silver-grey tonal floral-paisley,,Matching suit trousers,shoe-2,Berluti Dress Shoes — Black Double Monk,watch-R11,Rolex — Day-Date Green,S18,DS029,9.106738,9.459276,Tie gives a clear focal point; jacket-shirt contrast need not be maximized.
NO_ANCHOR,baseline_heuristic,10,"{""suitId"":""S03"",""shirtId"":""DS020"",""state"":""T046"",""shoeId"":""shoe-4"",""watchId"":""watch-AP10""}",suit-2,Mushroom beige / warm greige solid,shirt-DS020,Paul Fredrick — white / soft-pink stripe,T046,Pink / silver check,,Matching suit trousers,shoe-4,Christian Louboutin Dress Shoes — Dark Brown Derby Lace-up,watch-AP10,Audemars Piguet — RO Blue RG Bracelet,S03,DS020,9.101294,9.334901,Tie gives a clear focal point; jacket-shirt contrast need not be maximized.
NO_ANCHOR,baseline_heuristic,11,"{""suitId"":""S13"",""shirtId"":""DS030"",""state"":""T006"",""shoeId"":""shoe-3"",""watchId"":""watch-R13""}",suit-12,Medium-dark slate-blue textured near-solid,shirt-DS030,Brooks Brothers 346 — light silver-grey herringbone,T006,Dark ground / blue-gold floral,,Matching suit trousers,shoe-3,Ecco Dress Shoes — Black Oxford/Derby,watch-R13,Rolex — Day-Date Champagne,S13,DS030,9.108271,9.476316,Tie gives a clear focal point; jacket-shirt contrast need not be maximized.
NO_ANCHOR,baseline_heuristic,12,"{""blazerId"":""B07"",""pantId"":""PG002"",""shirtId"":""DS023"",""state"":""T012"",""shoeId"":""shoe-17"",""watchId"":""watch-R13""}",blazer-source-B07,Warm-Neutral Melange Grey Brushed Blazer,shirt-DS023,Deep burgundy/oxblood; Solid color with micro-texture,T012,Black tonal lattice,pants-PG002,Nordstrom Mens Shop — Grey (Brushed/flannel),shoe-17,Louis Vuitton Loafers — Black Damier,watch-R13,Rolex — Day-Date Champagne,B07,DS023,9.095976,9.309704,Tie gives a clear focal point; jacket-shirt contrast need not be maximized.
NO_ANCHOR,baseline_heuristic,13,"{""blazerId"":""B03"",""pantId"":""PB001"",""shirtId"":""DS014"",""state"":""T023"",""shoeId"":""shoe-17"",""watchId"":""watch-R14""}",blazer-2,Mid-Blue / Slate-Blue Herringbone Blazer,shirt-DS014,White; Solid,T023,Burgundy / blue paisley,pants-PB001,"Charles Tyrwhitt — Chino Navy (34W 30L, Slim Fit)",shoe-17,Louis Vuitton Loafers — Black Damier,watch-R14,Rolex — Day-Date White Roman,B03,DS014,9.104502,9.404441,Tie gives a clear focal point; jacket-shirt contrast need not be maximized.
NO_ANCHOR,baseline_heuristic,14,"{""blazerId"":""B03"",""pantId"":""PG003"",""shirtId"":""DS021"",""state"":""T039"",""shoeId"":""shoe-8"",""watchId"":""watch-R14""}",blazer-2,Mid-Blue / Slate-Blue Herringbone Blazer,shirt-DS021,Very light lavender; Pinstripe,T039,Navy / light-blue floral,pants-PG003,Very light grey,shoe-8,Gucci Loafers — Black Horsebit,watch-R14,Rolex — Day-Date White Roman,B03,DS021,9.109059,9.455066,Tie gives a clear focal point; jacket-shirt contrast need not be maximized.
NO_ANCHOR,baseline_heuristic,15,"{""suitId"":""S13"",""shirtId"":""DS026"",""state"":""T027"",""shoeId"":""shoe-3"",""watchId"":""watch-AP13""}",suit-12,Medium-dark slate-blue textured near-solid,shirt-DS026,Pink; Gingham,T027,Deep purple / pale medallions,,Matching suit trousers,shoe-3,Ecco Dress Shoes — Black Oxford/Derby,watch-AP13,Audemars Piguet — RO Blue RG Leather,S13,DS026,9.087795,9.276579,Tie gives a clear focal point; jacket-shirt contrast need not be maximized.
NO_ANCHOR,research,1,"{""blazerId"":""B02"",""pantId"":""PG003"",""shirtId"":""DS005"",""state"":""T015"",""shoeId"":""shoe-1"",""watchId"":""watch-AP09""}",blazer-1,"very dark/midnight navy, fine micro-check, structured two-button, flap pockets, no pocket square",shirt-DS005,Cream/off-white; Visually near-solid; subtle windowpane metadata retained,T015,Navy / fine diagonal stripe,pants-PG003,Very light grey,shoe-1,Christian Louboutin Dress Shoes — Black Single Monk,watch-AP09,Audemars Piguet — RO Dark Blue,B02,DS005,9.459886,9.270625,"The tie is deeper than the shirt, giving a readable focal point. Pattern scale and prominence leave a clear visual hierarchy. A recorded accent links the tie to another garment. Separate trousers have deliberate colour/value separation from the blazer."
NO_ANCHOR,research,2,"{""suitId"":""S11"",""shirtId"":""DS009"",""state"":""T023"",""shoeId"":""shoe-1"",""watchId"":""watch-AP09""}",suit-10,Cool light grey textured near-solid,shirt-DS009,Brunello Cucinelli — sky-blue solid,T023,Burgundy / blue paisley,,Matching suit trousers,shoe-1,Christian Louboutin Dress Shoes — Black Single Monk,watch-AP09,Audemars Piguet — RO Dark Blue,S11,DS009,9.450296,9.216513,"The tie is deeper than the shirt, giving a readable focal point. Pattern scale and prominence leave a clear visual hierarchy. A recorded accent links the tie to another garment."
NO_ANCHOR,research,3,"{""blazerId"":""B10"",""pantId"":""PG001"",""shirtId"":""DS004"",""state"":""T005"",""shoeId"":""shoe-2"",""watchId"":""watch-AP06""}",blazer-source-B10,Light Camel / Warm Taupe-Beige Near-Solid Textured Blazer,shirt-DS004,DS004 - source-repaired collar/body pilot,T005,Dark brown / gold medallions,pants-PG001,Prada — Dark grey (Cream lining),shoe-2,Berluti Dress Shoes — Black Double Monk,watch-AP06,"Audemars Piguet — RO Black Dial, Rose Gold",B10,DS004,9.412227,9.136612,"The tie is deeper than the shirt, giving a readable focal point. A recorded accent links the tie to another garment. Separate trousers have deliberate colour/value separation from the blazer."
NO_ANCHOR,research,4,"{""suitId"":""S10"",""shirtId"":""DS022"",""state"":""T035"",""shoeId"":""shoe-2"",""watchId"":""watch-R09""}",suit-9,Owner-confirmed light grey near-solid,shirt-DS022,Darker lavender; Solid,T035,Navy / blue monogram,,Matching suit trousers,shoe-2,Berluti Dress Shoes — Black Double Monk,watch-R09,Rolex — Datejust White Dial,S10,DS022,9.441913,8.976217,"The tie is deeper than the shirt, giving a readable focal point. Pattern scale and prominence leave a clear visual hierarchy."
NO_ANCHOR,research,5,"{""suitId"":""S06"",""shirtId"":""DS025"",""state"":""T030"",""shoeId"":""shoe-3"",""watchId"":""watch-R09""}",suit-5,Approved grey Prince of Wales / glen check,shirt-DS025,Light pink; Solid,T030,Aubergine tonal geometric,,Matching suit trousers,shoe-3,Ecco Dress Shoes — Black Oxford/Derby,watch-R09,Rolex — Datejust White Dial,S06,DS025,9.407935,9.339836,"The tie is deeper than the shirt, giving a readable focal point. Pattern scale and prominence leave a clear visual hierarchy."
NO_ANCHOR,research,6,"{""suitId"":""S11"",""shirtId"":""DS035"",""state"":""T029"",""shoeId"":""shoe-3"",""watchId"":""watch-R11""}",suit-10,Cool light grey textured near-solid,shirt-DS035,Zegna — ivory/off-white solid,T029,Navy / silver ornamental medallions,,Matching suit trousers,shoe-3,Ecco Dress Shoes — Black Oxford/Derby,watch-R11,Rolex — Day-Date Green,S11,DS035,9.442105,9.310164,"The tie is deeper than the shirt, giving a readable focal point. A recorded accent links the tie to another garment."
NO_ANCHOR,research,7,"{""suitId"":""S03"",""shirtId"":""DS006"",""state"":""T033"",""shoeId"":""shoe-4"",""watchId"":""watch-AP06""}",suit-2,Mushroom beige / warm greige solid,shirt-DS006,Brunello Cucinelli — light blue solid,T033,Dark navy / blue-gold monogram,,Matching suit trousers,shoe-4,Christian Louboutin Dress Shoes — Dark Brown Derby Lace-up,watch-AP06,"Audemars Piguet — RO Black Dial, Rose Gold",S03,DS006,9.450972,9.393421,"The tie is deeper than the shirt, giving a readable focal point. Pattern scale and prominence leave a clear visual hierarchy. A recorded accent links the tie to another garment."
NO_ANCHOR,research,8,"{""suitId"":""S01"",""shirtId"":""DS007"",""state"":""T018"",""shoeId"":""shoe-4"",""watchId"":""watch-AP10""}",suit-0,Dark chocolate brown solid; double-breasted; peak lapels,shirt-DS007,Paul Fredrick — Light blue micro-check,T018,Dark brown / slate-blue paisley,,Matching suit trousers,shoe-4,Christian Louboutin Dress Shoes — Dark Brown Derby Lace-up,watch-AP10,Audemars Piguet — RO Blue RG Bracelet,S01,DS007,9.436301,9.162237,"The tie is deeper than the shirt, giving a readable focal point. A recorded accent links the tie to another garment."
NO_ANCHOR,research,9,"{""suitId"":""S13"",""shirtId"":""DS035"",""state"":""T023"",""shoeId"":""shoe-5"",""watchId"":""watch-R11""}",suit-12,Medium-dark slate-blue textured near-solid,shirt-DS035,Zegna — ivory/off-white solid,T023,Burgundy / blue paisley,,Matching suit trousers,shoe-5,Ecco Dress Shoes — Brown Oxford/Derby,watch-R11,Rolex — Day-Date Green,S13,DS035,9.433958,9.353421,"The tie is deeper than the shirt, giving a readable focal point. Pattern scale and prominence leave a clear visual hierarchy. A recorded accent links the tie to another garment."
NO_ANCHOR,research,10,"{""blazerId"":""B08"",""pantId"":""PB001"",""shirtId"":""DS019"",""state"":""NO_TIE"",""shoeId"":""shoe-13"",""watchId"":""watch-AP10""}",blazer-source-B08,Cream / Ivory Textured Blazer,shirt-DS019,Chestnut/warm mid-brown; Solid,,No tie,pants-PB001,"Charles Tyrwhitt — Chino Navy (34W 30L, Slim Fit)",shoe-13,Hermes Loafers — Black Kelly Hardware,watch-AP10,Audemars Piguet — RO Blue RG Bracelet,B08,DS019,9.357693,9.165526,Open collar keeps the outfit uncluttered; no missing-tie penalty. Pattern scale and prominence leave a clear visual hierarchy. Separate trousers have deliberate colour/value separation from the blazer.
NO_ANCHOR,research,11,"{""suitId"":""S10"",""shirtId"":""DS014"",""state"":""T039"",""shoeId"":""shoe-5"",""watchId"":""watch-R13""}",suit-9,Owner-confirmed light grey near-solid,shirt-DS014,White; Solid,T039,Navy / light-blue floral,,Matching suit trousers,shoe-5,Ecco Dress Shoes — Brown Oxford/Derby,watch-R13,Rolex — Day-Date Champagne,S10,DS014,9.430014,9.346612,"The tie is deeper than the shirt, giving a readable focal point. Pattern scale and prominence leave a clear visual hierarchy."
NO_ANCHOR,research,12,"{""suitId"":""S09"",""shirtId"":""DS017"",""state"":""T021"",""shoeId"":""shoe-6"",""watchId"":""watch-R13""}",suit-8,Approved blue and dark-navy tonal plaid/check; checkpoint95 inside97,shirt-DS017,Brioni — cream/stone solid,T021,Dark navy / gold medallions,,Matching suit trousers,shoe-6,Allen Edmonds Dress Shoes — Brown Double Monk Strap,watch-R13,Rolex — Day-Date Champagne,S09,DS017,9.430741,9.015263,"The tie is deeper than the shirt, giving a readable focal point. A recorded accent links the tie to another garment."
NO_ANCHOR,research,13,"{""suitId"":""S04"",""shirtId"":""DS024"",""state"":""T029"",""shoeId"":""shoe-6"",""watchId"":""watch-R14""}",suit-3,Approved grey double-breasted solid appearance,shirt-DS024,Pale pink; Solid,T029,Navy / silver ornamental medallions,,Matching suit trousers,shoe-6,Allen Edmonds Dress Shoes — Brown Double Monk Strap,watch-R14,Rolex — Day-Date White Roman,S04,DS024,9.415072,9.364112,"The tie is deeper than the shirt, giving a readable focal point. A recorded accent links the tie to another garment."
NO_ANCHOR,research,14,"{""blazerId"":""B02"",""pantId"":""PG003"",""shirtId"":""DS002"",""state"":""T028"",""shoeId"":""shoe-49"",""watchId"":""watch-R14""}",blazer-1,"very dark/midnight navy, fine micro-check, structured two-button, flap pockets, no pocket square",shirt-DS002,DS002 - source-repaired collar/body pilot,T028,Midnight-navy tonal paisley,pants-PG003,Very light grey,shoe-49,"Berluti Dress Shoes — Alessandro Infini Alto Oxford, Venezia calf, brown patina, lug sole",watch-R14,Rolex — Day-Date White Roman,B02,DS002,9.405878,9.168651,"The tie is deeper than the shirt, giving a readable focal point. Pattern scale and prominence leave a clear visual hierarchy. A recorded accent links the tie to another garment. Separate trousers have deliberate colour/value separation from the blazer."
NO_ANCHOR,research,15,"{""suitId"":""S15"",""shirtId"":""DS030"",""state"":""T039"",""shoeId"":""shoe-0"",""watchId"":""watch-AP13""}",suit-14,Dark navy with fine burgundy-red pinstripes,shirt-DS030,Brooks Brothers 346 — light silver-grey herringbone,T039,Navy / light-blue floral,,Matching suit trousers,shoe-0,Louis Vuitton Dress Shoes — Black Embossed Monogram Lace-up,watch-AP13,Audemars Piguet — RO Blue RG Leather,S15,DS030,9.376417,9.010526,"The tie is deeper than the shirt, giving a readable focal point. Pattern scale and prominence leave a clear visual hierarchy."
