source,topwear_anchor,option,suit,blazer,physical_trousers,shirt_id,shirt_source_description,tie_id,tie_source_description,shoe_id,shoe_name,shoe_source_colour,watch_id,original_compatibility,personal_preference,curation_not_added_to_original_score
baseline,S01,1,S01,,,DS015,Owner-corrected ice-blue tonal checkerboard,NO_TIE,No Tie,shoe-10,Gucci Loafers — Cognac & Dark Espresso Brown Two-Tone GG Embossed Horsebit,Cognac & Dark Espresso Brown Two-Tone GG Embossed Horsebit,,9.5,,null
baseline,S01,2,S01,,,DS028,Very pale blue; Birdseye/micro-check,T024,Royal blue / beige-gold paisley,shoe-10,Gucci Loafers — Cognac & Dark Espresso Brown Two-Tone GG Embossed Horsebit,Cognac & Dark Espresso Brown Two-Tone GG Embossed Horsebit,,9.5,,null
baseline,S01,3,S01,,,DS028,Very pale blue; Birdseye/micro-check,T039,Navy / light-blue floral,shoe-14,"Hermes Loafers — Cognac/Chestnut Kelly Hardware, Dark Espresso Patina","Cognac/Chestnut Kelly Hardware, Dark Espresso Patina",,9.5,,null
baseline,S01,4,S01,,,DS029,Ice/silver-blue; Fine continuous herringbone,T006,Dark ground / blue-gold floral,shoe-14,"Hermes Loafers — Cognac/Chestnut Kelly Hardware, Dark Espresso Patina","Cognac/Chestnut Kelly Hardware, Dark Espresso Patina",,9.5,,null
baseline,S01,5,S01,,,DS029,Ice/silver-blue; Fine continuous herringbone,T024,Royal blue / beige-gold paisley,shoe-9,Gucci Loafers — Cognac Horsebit,Cognac Horsebit,,9.5,,null
baseline,S01,6,S01,,,DS034,Black; Solid,T026,Ice-blue / silver monogram,shoe-9,Gucci Loafers — Cognac Horsebit,Cognac Horsebit,,9.5,,null
baseline,S01,7,S01,,,DS002,Cream/white; Check/grid,NO_TIE,No Tie,shoe-15,Loro Piana Loafers — Brown Suede Penny,Brown Suede Penny,,9.4,,null
baseline,S01,8,S01,,,DS006,Light blue; Solid,T010,Near-black / white spaced dots,shoe-15,Loro Piana Loafers — Brown Suede Penny,Brown Suede Penny,,9.4,,null
baseline,S01,9,S01,,,DS006,Light blue; Solid,T033,Dark navy / blue-gold monogram,shoe-18,"Louis Vuitton Loafers — Beige/Taupe Monogram Canvas, Dark Brown Trim","Beige/Taupe Monogram Canvas, Dark Brown Trim",,9.4,,null
baseline,S01,10,S01,,,DS007,Light blue; Micro-check,T039,Navy / light-blue floral,shoe-18,"Louis Vuitton Loafers — Beige/Taupe Monogram Canvas, Dark Brown Trim","Beige/Taupe Monogram Canvas, Dark Brown Trim",,9.4,,null
baseline,S01,11,S01,,,DS007,Light blue; Micro-check,T043,Black / muted pale floral outline,shoe-4,Christian Louboutin Dress Shoes — Dark Brown Derby Lace-up,Dark Brown Derby Lace-up,,9.4,,null
baseline,S01,12,S01,,,DS012,Black; Solid,T026,Ice-blue / silver monogram,shoe-4,Christian Louboutin Dress Shoes — Dark Brown Derby Lace-up,Dark Brown Derby Lace-up,,9.4,,null
baseline,S01,13,S01,,,DS014,White; Solid,T010,Near-black / white spaced dots,shoe-49,"Berluti Dress Shoes — Alessandro Infini Alto Oxford, Venezia calf, brown patina, lug sole","Alessandro Infini Alto Oxford, brown Venezia calf patina, lug sole",,9.4,,null
baseline,S01,14,S01,,,DS014,White; Solid,T033,Dark navy / blue-gold monogram,shoe-49,"Berluti Dress Shoes — Alessandro Infini Alto Oxford, Venezia calf, brown patina, lug sole","Alessandro Infini Alto Oxford, brown Venezia calf patina, lug sole",,9.4,,null
baseline,S01,15,S01,,,DS017,Cream/stone; Solid,T035,Navy / blue monogram,shoe-5,Ecco Dress Shoes — Brown Oxford/Derby,Brown Oxford/Derby,,9.4,,null
updated,S01,1,S01,,,DS029,Ice/silver-blue; Fine continuous herringbone,T024,Royal blue / beige-gold paisley,shoe-4,Christian Louboutin Dress Shoes — Dark Brown Derby Lace-up,Dark Brown Derby Lace-up,,9.5,9.113453,"{""decision"":""best_preference_with_confirmed_history_rotation"",""redundancy"":0}"
updated,S01,2,S01,,,DS044,White; Micro-diamond/dot,T031,Navy / purple-white regimental stripe,shoe-4,Christian Louboutin Dress Shoes — Dark Brown Derby Lace-up,Dark Brown Derby Lace-up,,9.3,9.098247,"{""decision"":""visual_variety_within_preference_band"",""redundancy"":0.045,""best_available_preference"":9.110303,""preference_band"":0.2}"
updated,S01,3,S01,,,DS013,Cream; Tattersall/windowpane,T010,Near-black / white spaced dots,shoe-49,"Berluti Dress Shoes — Alessandro Infini Alto Oxford, Venezia calf, brown patina, lug sole","Alessandro Infini Alto Oxford, brown Venezia calf patina, lug sole",,9.3,9.093285,"{""decision"":""visual_variety_within_preference_band"",""redundancy"":0.045,""best_available_preference"":9.110303,""preference_band"":0.2}"
updated,S01,4,S01,,,DS030,Light silver-grey; Fine continuous herringbone,T029,Navy / silver ornamental medallions,shoe-49,"Berluti Dress Shoes — Alessandro Infini Alto Oxford, Venezia calf, brown patina, lug sole","Alessandro Infini Alto Oxford, brown Venezia calf patina, lug sole",,9.4,9.101397,"{""decision"":""visual_variety_within_preference_band"",""redundancy"":0.078,""best_available_preference"":9.110303,""preference_band"":0.2}"
updated,S01,5,S01,,,DS025,Light pink; Solid,T007,Charcoal / pale-pink diagonal lattice,shoe-5,Ecco Dress Shoes — Brown Oxford/Derby,Brown Oxford/Derby,,9.2,9.084712,"{""decision"":""visual_variety_within_preference_band"",""redundancy"":0.0675,""best_available_preference"":9.110303,""preference_band"":0.2}"
updated,S01,6,S01,,,DS020,White; Pencil stripe,T046,Pink / silver check,shoe-5,Ecco Dress Shoes — Brown Oxford/Derby,Brown Oxford/Derby,,9.3,9.097919,"{""decision"":""visual_variety_within_preference_band"",""redundancy"":0.0858,""best_available_preference"":9.110303,""preference_band"":0.2}"
updated,S01,7,S01,,,DS026,Pink; Gingham,T024,Royal blue / beige-gold paisley,shoe-6,Allen Edmonds Dress Shoes — Brown Double Monk Strap,Brown Double Monk Strap,,9.4,9.099369,"{""decision"":""visual_variety_within_preference_band"",""redundancy"":0.0885,""best_available_preference"":9.110303,""preference_band"":0.2}"
updated,S01,8,S01,,,DS014,White; Solid,T010,Near-black / white spaced dots,shoe-6,Allen Edmonds Dress Shoes — Brown Double Monk Strap,Brown Double Monk Strap,,9.4,9.100426,"{""decision"":""visual_variety_within_preference_band"",""redundancy"":0.093429,""best_available_preference"":9.109485,""preference_band"":0.2}"
updated,S01,9,S01,,,DS018,Mauve/rose; Prince of Wales/glen check,NO_TIE,No Tie,shoe-11,"Gucci Loafers — Dark Espresso Brown/Oxblood Horsebit, Polished Leather","Dark Espresso Brown/Oxblood Horsebit, Polished Leather",,9.4,9.050351,"{""decision"":""visual_variety_within_preference_band"",""redundancy"":0.0495,""best_available_preference"":9.104235,""preference_band"":0.2}"
updated,S01,10,S01,,,DS035,Ivory/off-white; Solid,T034,Bronze / dark woven checkerboard,shoe-1,Christian Louboutin Dress Shoes — Black Single Monk,Black Single Monk,,9.4,9.059191,"{""decision"":""visual_variety_within_preference_band"",""redundancy"":0.067333,""best_available_preference"":9.104235,""preference_band"":0.2}"
updated,S01,11,S01,,,DS006,Light blue; Solid,T033,Dark navy / blue-gold monogram,shoe-1,Christian Louboutin Dress Shoes — Black Single Monk,Black Single Monk,,9.4,9.097935,"{""decision"":""visual_variety_within_preference_band"",""redundancy"":0.1086,""best_available_preference"":9.104235,""preference_band"":0.2}"
updated,S01,12,S01,,,DS010,Light grey/white; Fine houndstooth,T044,Silver-grey tonal floral-paisley,shoe-2,Berluti Dress Shoes — Black Double Monk,Black Double Monk,,9.1,9.074106,"{""decision"":""visual_variety_within_preference_band"",""redundancy"":0.084818,""best_available_preference"":9.104235,""preference_band"":0.2}"
updated,S01,13,S01,,,DS044,White; Micro-diamond/dot,T017,Pale blue / white paisley,shoe-2,Berluti Dress Shoes — Black Double Monk,Black Double Monk,,9.4,9.096239,"{""decision"":""visual_variety_within_preference_band"",""redundancy"":0.10725,""best_available_preference"":9.104235,""preference_band"":0.2}"
updated,S01,14,S01,,,DS013,Cream; Tattersall/windowpane,NO_TIE,No Tie,shoe-11,"Gucci Loafers — Dark Espresso Brown/Oxblood Horsebit, Polished Leather","Dark Espresso Brown/Oxblood Horsebit, Polished Leather",,9.4,9.08943,"{""decision"":""visual_variety_within_preference_band"",""redundancy"":0.103385,""best_available_preference"":9.104235,""preference_band"":0.2}"
updated,S01,15,S01,,,DS029,Ice/silver-blue; Fine continuous herringbone,T006,Dark ground / blue-gold floral,shoe-3,Ecco Dress Shoes — Black Oxford/Derby,Black Oxford/Derby,,9.5,9.103939,"{""decision"":""visual_variety_within_preference_band"",""redundancy"":0.121071,""best_available_preference"":9.104235,""preference_band"":0.2}"
baseline,S02,1,S02,,,DS022,Darker lavender; Solid,T044,Silver-grey tonal floral-paisley,shoe-0,Louis Vuitton Dress Shoes — Black Embossed Monogram Lace-up,Black Embossed Monogram Lace-up,,9.5,,null
baseline,S02,2,S02,,,DS029,Ice/silver-blue; Fine continuous herringbone,T044,Silver-grey tonal floral-paisley,shoe-0,Louis Vuitton Dress Shoes — Black Embossed Monogram Lace-up,Black Embossed Monogram Lace-up,,9.5,,null
baseline,S02,3,S02,,,DS034,Black; Solid,T045,Pale pink / blue micro-dot,shoe-10,Gucci Loafers — Cognac & Dark Espresso Brown Two-Tone GG Embossed Horsebit,Cognac & Dark Espresso Brown Two-Tone GG Embossed Horsebit,,9.5,,null
baseline,S02,4,S02,,,DS022,Darker lavender; Solid,T041,Silver / navy monogram,shoe-3,Ecco Dress Shoes — Black Oxford/Derby,Black Oxford/Derby,,9.4,,null
baseline,S02,5,S02,,,DS030,Light silver-grey; Fine continuous herringbone,NO_TIE,No Tie,shoe-10,Gucci Loafers — Cognac & Dark Espresso Brown Two-Tone GG Embossed Horsebit,Cognac & Dark Espresso Brown Two-Tone GG Embossed Horsebit,,9.4,,null
baseline,S02,6,S02,,,DS030,Light silver-grey; Fine continuous herringbone,T010,Near-black / white spaced dots,shoe-14,"Hermes Loafers — Cognac/Chestnut Kelly Hardware, Dark Espresso Patina","Cognac/Chestnut Kelly Hardware, Dark Espresso Patina",,9.4,,null
baseline,S02,7,S02,,,DS031,Lavender; Windowpane over micro-check,NO_TIE,No Tie,shoe-14,"Hermes Loafers — Cognac/Chestnut Kelly Hardware, Dark Espresso Patina","Cognac/Chestnut Kelly Hardware, Dark Espresso Patina",,9.4,,null
baseline,S02,8,S02,,,DS034,Black; Solid,T041,Silver / navy monogram,shoe-3,Ecco Dress Shoes — Black Oxford/Derby,Black Oxford/Derby,,9.4,,null
baseline,S02,9,S02,,,DS035,Ivory/off-white; Solid,T030,Aubergine tonal geometric,shoe-9,Gucci Loafers — Cognac Horsebit,Cognac Horsebit,,9.4,,null
baseline,S02,10,S02,,,DS035,Ivory/off-white; Solid,T047,Pistachio / blue micro-geometric,shoe-9,Gucci Loafers — Cognac Horsebit,Cognac Horsebit,,9.4,,null
baseline,S02,11,S02,,,DS036,Chocolate brown; Solid,T045,Pale pink / blue micro-dot,shoe-11,"Gucci Loafers — Dark Espresso Brown/Oxblood Horsebit, Polished Leather","Dark Espresso Brown/Oxblood Horsebit, Polished Leather",,9.4,,null
baseline,S02,12,S02,,,DS009,Sky blue; Solid,T047,Pistachio / blue micro-geometric,shoe-11,"Gucci Loafers — Dark Espresso Brown/Oxblood Horsebit, Polished Leather","Dark Espresso Brown/Oxblood Horsebit, Polished Leather",,9.3,,null
baseline,S02,13,S02,,,DS014,White; Solid,T010,Near-black / white spaced dots,shoe-15,Loro Piana Loafers — Brown Suede Penny,Brown Suede Penny,,9.3,,null
baseline,S02,14,S02,,,DS014,White; Solid,T011,Near-black / fine white dots,shoe-15,Loro Piana Loafers — Brown Suede Penny,Brown Suede Penny,,9.3,,null
baseline,S02,15,S02,,,DS017,Cream/stone; Solid,T028,Midnight-navy tonal paisley,shoe-13,Hermes Loafers — Black Kelly Hardware,Black Kelly Hardware,,9.3,,null
updated,S02,1,S02,,,DS030,Light silver-grey; Fine continuous herringbone,T044,Silver-grey tonal floral-paisley,shoe-1,Christian Louboutin Dress Shoes — Black Single Monk,Black Single Monk,,9.4,9.097838,"{""decision"":""best_preference_with_confirmed_history_rotation"",""redundancy"":0}"
updated,S02,2,S02,,,DS044,White; Micro-diamond/dot,T028,Midnight-navy tonal paisley,shoe-1,Christian Louboutin Dress Shoes — Black Single Monk,Black Single Monk,,9.3,9.088225,"{""decision"":""visual_variety_within_preference_band"",""redundancy"":0.045,""best_available_preference"":9.088841,""preference_band"":0.2}"
updated,S02,3,S02,,,DS037,Taupe/medium brown; Solid,T010,Near-black / white spaced dots,shoe-2,Berluti Dress Shoes — Black Double Monk,Black Double Monk,,9.1,9.073679,"{""decision"":""visual_variety_within_preference_band"",""redundancy"":0.0495,""best_available_preference"":9.088841,""preference_band"":0.2}"
updated,S02,4,S02,,,DS035,Ivory/off-white; Solid,T001,Taupe horsebit,shoe-2,Berluti Dress Shoes — Black Double Monk,Black Double Monk,,9.2,9.084288,"{""decision"":""visual_variety_within_preference_band"",""redundancy"":0.069,""best_available_preference"":9.088841,""preference_band"":0.2}"
updated,S02,5,S02,,,DS020,White; Pencil stripe,T045,Pale pink / blue micro-dot,shoe-3,Ecco Dress Shoes — Black Oxford/Derby,Black Oxford/Derby,,9.2,9.08143,"{""decision"":""visual_variety_within_preference_band"",""redundancy"":0.0855,""best_available_preference"":9.088841,""preference_band"":0.2}"
updated,S02,6,S02,,,DS019,Chestnut/warm mid-brown; Solid,T028,Midnight-navy tonal paisley,shoe-3,Ecco Dress Shoes — Black Oxford/Derby,Black Oxford/Derby,,9.1,9.068171,"{""decision"":""visual_variety_within_preference_band"",""redundancy"":0.0744,""best_available_preference"":9.088841,""preference_band"":0.2}"
updated,S02,7,S02,,,DS036,Chocolate brown; Solid,T043,Black / muted pale floral outline,shoe-4,Christian Louboutin Dress Shoes — Dark Brown Derby Lace-up,Dark Brown Derby Lace-up,,9,9.063126,"{""decision"":""visual_variety_within_preference_band"",""redundancy"":0.078,""best_available_preference"":9.086216,""preference_band"":0.2}"
updated,S02,8,S02,,,DS029,Ice/silver-blue; Fine continuous herringbone,T024,Royal blue / beige-gold paisley,shoe-4,Christian Louboutin Dress Shoes — Dark Brown Derby Lace-up,Dark Brown Derby Lace-up,,9,9.063314,"{""decision"":""visual_variety_within_preference_band"",""redundancy"":0.080571,""best_available_preference"":9.086216,""preference_band"":0.2}"
updated,S02,9,S02,,,DS014,White; Solid,T010,Near-black / white spaced dots,shoe-49,"Berluti Dress Shoes — Alessandro Infini Alto Oxford, Venezia calf, brown patina, lug sole","Alessandro Infini Alto Oxford, brown Venezia calf patina, lug sole",,9.3,9.086216,"{""decision"":""visual_variety_within_preference_band"",""redundancy"":0.1065,""best_available_preference"":9.086216,""preference_band"":0.2}"
updated,S02,10,S02,,,DS016,Tan/beige; Visually near-solid; Prince of Wales metadata retained,NO_TIE,No Tie,shoe-13,Hermes Loafers — Black Kelly Hardware,Black Kelly Hardware,,9.3,9.038943,"{""decision"":""visual_variety_within_preference_band"",""redundancy"":0.065333,""best_available_preference"":9.083066,""preference_band"":0.2}"
updated,S02,11,S02,,,DS025,Light pink; Solid,T030,Aubergine tonal geometric,shoe-49,"Berluti Dress Shoes — Alessandro Infini Alto Oxford, Venezia calf, brown patina, lug sole","Alessandro Infini Alto Oxford, brown Venezia calf patina, lug sole",,9.3,9.05455,"{""decision"":""visual_variety_within_preference_band"",""redundancy"":0.0816,""best_available_preference"":9.083066,""preference_band"":0.2}"
updated,S02,12,S02,,,DS017,Cream/stone; Solid,T001,Taupe horsebit,shoe-5,Ecco Dress Shoes — Brown Oxford/Derby,Brown Oxford/Derby,,9.2,9.078513,"{""decision"":""visual_variety_within_preference_band"",""redundancy"":0.107455,""best_available_preference"":9.083066,""preference_band"":0.2}"
updated,S02,13,S02,,,DS008,White; Fine horizontal stripe,T044,Silver-grey tonal floral-paisley,shoe-5,Ecco Dress Shoes — Brown Oxford/Derby,Brown Oxford/Derby,,9.2,9.081899,"{""decision"":""visual_variety_within_preference_band"",""redundancy"":0.1115,""best_available_preference"":9.083066,""preference_band"":0.2}"
updated,S02,14,S02,,,DS006,Light blue; Solid,T033,Dark navy / blue-gold monogram,shoe-6,Allen Edmonds Dress Shoes — Brown Double Monk Strap,Brown Double Monk Strap,,9.1,9.072888,"{""decision"":""visual_variety_within_preference_band"",""redundancy"":0.110308,""best_available_preference"":9.083066,""preference_band"":0.2}"
updated,S02,15,S02,,,DS037,Taupe/medium brown; Solid,T022,Deep navy tonal honeycomb,shoe-6,Allen Edmonds Dress Shoes — Brown Double Monk Strap,Brown Double Monk Strap,,9.1,9.068696,"{""decision"":""visual_variety_within_preference_band"",""redundancy"":0.108429,""best_available_preference"":9.083066,""preference_band"":0.2}"
baseline,S03,1,S03,,,DS015,Owner-corrected ice-blue tonal checkerboard,NO_TIE,No Tie,shoe-10,Gucci Loafers — Cognac & Dark Espresso Brown Two-Tone GG Embossed Horsebit,Cognac & Dark Espresso Brown Two-Tone GG Embossed Horsebit,,9.5,,null
baseline,S03,2,S03,,,DS024,Pale pink; Solid,T043,Black / muted pale floral outline,shoe-10,Gucci Loafers — Cognac & Dark Espresso Brown Two-Tone GG Embossed Horsebit,Cognac & Dark Espresso Brown Two-Tone GG Embossed Horsebit,,9.5,,null
baseline,S03,3,S03,,,DS025,Light pink; Solid,T043,Black / muted pale floral outline,shoe-14,"Hermes Loafers — Cognac/Chestnut Kelly Hardware, Dark Espresso Patina","Cognac/Chestnut Kelly Hardware, Dark Espresso Patina",,9.5,,null
baseline,S03,4,S03,,,DS028,Very pale blue; Birdseye/micro-check,T024,Royal blue / beige-gold paisley,shoe-14,"Hermes Loafers — Cognac/Chestnut Kelly Hardware, Dark Espresso Patina","Cognac/Chestnut Kelly Hardware, Dark Espresso Patina",,9.5,,null
baseline,S03,5,S03,,,DS028,Very pale blue; Birdseye/micro-check,T039,Navy / light-blue floral,shoe-9,Gucci Loafers — Cognac Horsebit,Cognac Horsebit,,9.5,,null
baseline,S03,6,S03,,,DS029,Ice/silver-blue; Fine continuous herringbone,T006,Dark ground / blue-gold floral,shoe-9,Gucci Loafers — Cognac Horsebit,Cognac Horsebit,,9.5,,null
baseline,S03,7,S03,,,DS029,Ice/silver-blue; Fine continuous herringbone,T010,Near-black / white spaced dots,shoe-15,Loro Piana Loafers — Brown Suede Penny,Brown Suede Penny,,9.5,,null
baseline,S03,8,S03,,,DS034,Black; Solid,T008,Gold / blue large geometric,shoe-15,Loro Piana Loafers — Brown Suede Penny,Brown Suede Penny,,9.5,,null
baseline,S03,9,S03,,,DS034,Black; Solid,T009,Gold / blue medallion mosaic,shoe-18,"Louis Vuitton Loafers — Beige/Taupe Monogram Canvas, Dark Brown Trim","Beige/Taupe Monogram Canvas, Dark Brown Trim",,9.5,,null
baseline,S03,10,S03,,,DS035,Ivory/off-white; Solid,T010,Near-black / white spaced dots,shoe-18,"Louis Vuitton Loafers — Beige/Taupe Monogram Canvas, Dark Brown Trim","Beige/Taupe Monogram Canvas, Dark Brown Trim",,9.5,,null
baseline,S03,11,S03,,,DS035,Ivory/off-white; Solid,T012,Black tonal lattice,shoe-4,Christian Louboutin Dress Shoes — Dark Brown Derby Lace-up,Dark Brown Derby Lace-up,,9.5,,null
baseline,S03,12,S03,,,DS002,Cream/white; Check/grid,NO_TIE,No Tie,shoe-4,Christian Louboutin Dress Shoes — Dark Brown Derby Lace-up,Dark Brown Derby Lace-up,,9.4,,null
baseline,S03,13,S03,,,DS006,Light blue; Solid,T033,Dark navy / blue-gold monogram,shoe-49,"Berluti Dress Shoes — Alessandro Infini Alto Oxford, Venezia calf, brown patina, lug sole","Alessandro Infini Alto Oxford, brown Venezia calf patina, lug sole",,9.4,,null
baseline,S03,14,S03,,,DS006,Light blue; Solid,T035,Navy / blue monogram,shoe-49,"Berluti Dress Shoes — Alessandro Infini Alto Oxford, Venezia calf, brown patina, lug sole","Alessandro Infini Alto Oxford, brown Venezia calf patina, lug sole",,9.4,,null
baseline,S03,15,S03,,,DS007,Light blue; Micro-check,T039,Navy / light-blue floral,shoe-5,Ecco Dress Shoes — Brown Oxford/Derby,Brown Oxford/Derby,,9.4,,null
updated,S03,1,S03,,,DS029,Ice/silver-blue; Fine continuous herringbone,T024,Royal blue / beige-gold paisley,shoe-4,Christian Louboutin Dress Shoes — Dark Brown Derby Lace-up,Dark Brown Derby Lace-up,,9.5,9.113453,"{""decision"":""best_preference_with_confirmed_history_rotation"",""redundancy"":0}"
updated,S03,2,S03,,,DS027,White/light ground; Bengal stripe,T010,Near-black / white spaced dots,shoe-4,Christian Louboutin Dress Shoes — Dark Brown Derby Lace-up,Dark Brown Derby Lace-up,,9.4,9.102072,"{""decision"":""visual_variety_within_preference_band"",""redundancy"":0.045,""best_available_preference"":9.110303,""preference_band"":0.2}"
updated,S03,3,S03,,,DS002,Cream/white; Check/grid,NO_TIE,No Tie,shoe-11,"Gucci Loafers — Dark Espresso Brown/Oxblood Horsebit, Polished Leather","Dark Espresso Brown/Oxblood Horsebit, Polished Leather",,9.4,9.08943,"{""decision"":""visual_variety_within_preference_band"",""redundancy"":0.045,""best_available_preference"":9.110303,""preference_band"":0.2}"
updated,S03,4,S03,,,DS030,Light silver-grey; Fine continuous herringbone,T029,Navy / silver ornamental medallions,shoe-49,"Berluti Dress Shoes — Alessandro Infini Alto Oxford, Venezia calf, brown patina, lug sole","Alessandro Infini Alto Oxford, brown Venezia calf patina, lug sole",,9.4,9.101397,"{""decision"":""visual_variety_within_preference_band"",""redundancy"":0.068,""best_available_preference"":9.110303,""preference_band"":0.2}"
updated,S03,5,S03,,,DS025,Light pink; Solid,T007,Charcoal / pale-pink diagonal lattice,shoe-49,"Berluti Dress Shoes — Alessandro Infini Alto Oxford, Venezia calf, brown patina, lug sole","Alessandro Infini Alto Oxford, brown Venezia calf patina, lug sole",,9.3,9.091817,"{""decision"":""visual_variety_within_preference_band"",""redundancy"":0.0675,""best_available_preference"":9.110303,""preference_band"":0.2}"
updated,S03,6,S03,,,DS044,White; Micro-diamond/dot,T024,Royal blue / beige-gold paisley,shoe-5,Ecco Dress Shoes — Brown Oxford/Derby,Brown Oxford/Derby,,9.4,9.103339,"{""decision"":""visual_variety_within_preference_band"",""redundancy"":0.0882,""best_available_preference"":9.110303,""preference_band"":0.2}"
updated,S03,7,S03,,,DS035,Ivory/off-white; Solid,T034,Bronze / dark woven checkerboard,shoe-5,Ecco Dress Shoes — Brown Oxford/Derby,Brown Oxford/Derby,,9.4,9.064441,"{""decision"":""visual_variety_within_preference_band"",""redundancy"":0.0675,""best_available_preference"":9.109485,""preference_band"":0.2}"
updated,S03,8,S03,,,DS010,Light grey/white; Fine houndstooth,T014,Dark ground / silver ring dots,shoe-6,Allen Edmonds Dress Shoes — Brown Double Monk Strap,Brown Double Monk Strap,,9.3,9.095772,"{""decision"":""visual_variety_within_preference_band"",""redundancy"":0.100286,""best_available_preference"":9.109485,""preference_band"":0.2}"
updated,S03,9,S03,,,DS006,Light blue; Solid,T033,Dark navy / blue-gold monogram,shoe-6,Allen Edmonds Dress Shoes — Brown Double Monk Strap,Brown Double Monk Strap,,9.4,9.103185,"{""decision"":""visual_variety_within_preference_band"",""redundancy"":0.108,""best_available_preference"":9.109485,""preference_band"":0.2}"
updated,S03,10,S03,,,DS020,White; Pencil stripe,T046,Pink / silver check,shoe-1,Christian Louboutin Dress Shoes — Black Single Monk,Black Single Monk,,9.3,9.092669,"{""decision"":""visual_variety_within_preference_band"",""redundancy"":0.104667,""best_available_preference"":9.104235,""preference_band"":0.2}"
updated,S03,11,S03,,,DS002,Cream/white; Check/grid,T010,Near-black / white spaced dots,shoe-1,Christian Louboutin Dress Shoes — Black Single Monk,Black Single Monk,,9.3,9.092654,"{""decision"":""visual_variety_within_preference_band"",""redundancy"":0.1068,""best_available_preference"":9.104235,""preference_band"":0.2}"
updated,S03,12,S03,,,DS044,White; Micro-diamond/dot,T031,Navy / purple-white regimental stripe,shoe-2,Berluti Dress Shoes — Black Double Monk,Black Double Monk,,9.3,9.092997,"{""decision"":""visual_variety_within_preference_band"",""redundancy"":0.106909,""best_available_preference"":9.104235,""preference_band"":0.2}"
updated,S03,13,S03,,,DS018,Mauve/rose; Prince of Wales/glen check,T006,Dark ground / blue-gold floral,shoe-2,Berluti Dress Shoes — Black Double Monk,Black Double Monk,,9.3,9.04975,"{""decision"":""visual_variety_within_preference_band"",""redundancy"":0.06475,""best_available_preference"":9.104235,""preference_band"":0.2}"
updated,S03,14,S03,,,DS029,Ice/silver-blue; Fine continuous herringbone,T006,Dark ground / blue-gold floral,shoe-3,Ecco Dress Shoes — Black Oxford/Derby,Black Oxford/Derby,,9.5,9.103939,"{""decision"":""visual_variety_within_preference_band"",""redundancy"":0.122538,""best_available_preference"":9.104235,""preference_band"":0.2}"
updated,S03,15,S03,,,DS008,White; Fine horizontal stripe,T044,Silver-grey tonal floral-paisley,shoe-3,Ecco Dress Shoes — Black Oxford/Derby,Black Oxford/Derby,,9.2,9.0826,"{""decision"":""visual_variety_within_preference_band"",""redundancy"":0.103929,""best_available_preference"":9.104235,""preference_band"":0.2}"
baseline,S04,1,S04,,,DS028,Very pale blue; Birdseye/micro-check,T039,Navy / light-blue floral,shoe-0,Louis Vuitton Dress Shoes — Black Embossed Monogram Lace-up,Black Embossed Monogram Lace-up,,9.5,,null
baseline,S04,2,S04,,,DS029,Ice/silver-blue; Fine continuous herringbone,T006,Dark ground / blue-gold floral,shoe-10,Gucci Loafers — Cognac & Dark Espresso Brown Two-Tone GG Embossed Horsebit,Cognac & Dark Espresso Brown Two-Tone GG Embossed Horsebit,,9.5,,null
baseline,S04,3,S04,,,DS029,Ice/silver-blue; Fine continuous herringbone,T010,Near-black / white spaced dots,shoe-10,Gucci Loafers — Cognac & Dark Espresso Brown Two-Tone GG Embossed Horsebit,Cognac & Dark Espresso Brown Two-Tone GG Embossed Horsebit,,9.5,,null
baseline,S04,4,S04,,,DS032,Dark navy; Solid,T026,Ice-blue / silver monogram,shoe-0,Louis Vuitton Dress Shoes — Black Embossed Monogram Lace-up,Black Embossed Monogram Lace-up,,9.5,,null
baseline,S04,5,S04,,,DS033,Dark navy; Solid,T026,Ice-blue / silver monogram,shoe-3,Ecco Dress Shoes — Black Oxford/Derby,Black Oxford/Derby,,9.5,,null
baseline,S04,6,S04,,,DS034,Black; Solid,T019,Pearl silver tonal lattice,shoe-3,Ecco Dress Shoes — Black Oxford/Derby,Black Oxford/Derby,,9.5,,null
baseline,S04,7,S04,,,DS034,Black; Solid,T046,Pink / silver check,shoe-14,"Hermes Loafers — Cognac/Chestnut Kelly Hardware, Dark Espresso Patina","Cognac/Chestnut Kelly Hardware, Dark Espresso Patina",,9.5,,null
baseline,S04,8,S04,,,DS035,Ivory/off-white; Solid,T006,Dark ground / blue-gold floral,shoe-14,"Hermes Loafers — Cognac/Chestnut Kelly Hardware, Dark Espresso Patina","Cognac/Chestnut Kelly Hardware, Dark Espresso Patina",,9.5,,null
baseline,S04,9,S04,,,DS035,Ivory/off-white; Solid,T010,Near-black / white spaced dots,shoe-9,Gucci Loafers — Cognac Horsebit,Cognac Horsebit,,9.5,,null
baseline,S04,10,S04,,,DS001,White; Solid,T015,Navy / fine diagonal stripe,shoe-9,Gucci Loafers — Cognac Horsebit,Cognac Horsebit,,9.4,,null
baseline,S04,11,S04,,,DS003,White; Bengal stripe,T035,Navy / blue monogram,shoe-13,Hermes Loafers — Black Kelly Hardware,Black Kelly Hardware,,9.4,,null
baseline,S04,12,S04,,,DS005,Cream/off-white; Visually near-solid; subtle windowpane metadata retained,T015,Navy / fine diagonal stripe,shoe-13,Hermes Loafers — Black Kelly Hardware,Black Kelly Hardware,,9.4,,null
baseline,S04,13,S04,,,DS005,Cream/off-white; Visually near-solid; subtle windowpane metadata retained,T033,Dark navy / blue-gold monogram,shoe-17,Louis Vuitton Loafers — Black Damier,Black Damier,,9.4,,null
baseline,S04,14,S04,,,DS008,White; Fine horizontal stripe,NO_TIE,No Tie,shoe-4,Christian Louboutin Dress Shoes — Dark Brown Derby Lace-up,Dark Brown Derby Lace-up,,9.4,,null
baseline,S04,15,S04,,,DS008,White; Fine horizontal stripe,T014,Dark ground / silver ring dots,shoe-4,Christian Louboutin Dress Shoes — Dark Brown Derby Lace-up,Dark Brown Derby Lace-up,,9.4,,null
updated,S04,1,S04,,,DS029,Ice/silver-blue; Fine continuous herringbone,T039,Navy / light-blue floral,shoe-1,Christian Louboutin Dress Shoes — Black Single Monk,Black Single Monk,,9.5,9.109867,"{""decision"":""best_preference_with_confirmed_history_rotation"",""redundancy"":0}"
updated,S04,2,S04,,,DS027,White/light ground; Bengal stripe,T010,Near-black / white spaced dots,shoe-1,Christian Louboutin Dress Shoes — Black Single Monk,Black Single Monk,,9.4,9.096822,"{""decision"":""visual_variety_within_preference_band"",""redundancy"":0.045,""best_available_preference"":9.109233,""preference_band"":0.2}"
updated,S04,3,S04,,,DS035,Ivory/off-white; Solid,T036,Purple / grey ornamental medallions,shoe-2,Berluti Dress Shoes — Black Double Monk,Black Double Monk,,9.5,9.103347,"{""decision"":""visual_variety_within_preference_band"",""redundancy"":0.0705,""best_available_preference"":9.109233,""preference_band"":0.2}"
updated,S04,4,S04,,,DS022,Darker lavender; Solid,T016,Burgundy-red / silver diagonal stripe,shoe-2,Berluti Dress Shoes — Black Double Monk,Black Double Monk,,9.2,9.076357,"{""decision"":""visual_variety_within_preference_band"",""redundancy"":0.051,""best_available_preference"":9.109233,""preference_band"":0.2}"
updated,S04,5,S04,,,DS013,Cream; Tattersall/windowpane,T001,Taupe horsebit,shoe-3,Ecco Dress Shoes — Black Oxford/Derby,Black Oxford/Derby,,9.1,9.07,"{""decision"":""visual_variety_within_preference_band"",""redundancy"":0.0435,""best_available_preference"":9.109233,""preference_band"":0.2}"
updated,S04,6,S04,,,DS025,Light pink; Solid,T007,Charcoal / pale-pink diagonal lattice,shoe-3,Ecco Dress Shoes — Black Oxford/Derby,Black Oxford/Derby,,9.3,9.089833,"{""decision"":""visual_variety_within_preference_band"",""redundancy"":0.0672,""best_available_preference"":9.109233,""preference_band"":0.2}"
updated,S04,7,S04,,,DS030,Light silver-grey; Fine continuous herringbone,T043,Black / muted pale floral outline,shoe-4,Christian Louboutin Dress Shoes — Dark Brown Derby Lace-up,Dark Brown Derby Lace-up,,9.4,9.098405,"{""decision"":""visual_variety_within_preference_band"",""redundancy"":0.083,""best_available_preference"":9.106608,""preference_band"":0.2}"
updated,S04,8,S04,,,DS044,White; Micro-diamond/dot,T020,Navy / burgundy-tan paisley,shoe-4,Christian Louboutin Dress Shoes — Dark Brown Derby Lace-up,Dark Brown Derby Lace-up,,9.4,9.10032,"{""decision"":""visual_variety_within_preference_band"",""redundancy"":0.086143,""best_available_preference"":9.106608,""preference_band"":0.2}"
updated,S04,9,S04,,,DS037,Taupe/medium brown; Solid,T029,Navy / silver ornamental medallions,shoe-49,"Berluti Dress Shoes — Alessandro Infini Alto Oxford, Venezia calf, brown patina, lug sole","Alessandro Infini Alto Oxford, brown Venezia calf patina, lug sole",,9.4,9.08534,"{""decision"":""visual_variety_within_preference_band"",""redundancy"":0.079875,""best_available_preference"":9.106608,""preference_band"":0.2}"
updated,S04,10,S04,,,DS021,Very light lavender; Pinstripe,T014,Dark ground / silver ring dots,shoe-49,"Berluti Dress Shoes — Alessandro Infini Alto Oxford, Venezia calf, brown patina, lug sole","Alessandro Infini Alto Oxford, brown Venezia calf patina, lug sole",,9.4,9.097335,"{""decision"":""visual_variety_within_preference_band"",""redundancy"":0.098333,""best_available_preference"":9.106608,""preference_band"":0.2}"
updated,S04,11,S04,,,DS010,Light grey/white; Fine houndstooth,T028,Midnight-navy tonal paisley,shoe-5,Ecco Dress Shoes — Brown Oxford/Derby,Brown Oxford/Derby,,9.3,9.085982,"{""decision"":""visual_variety_within_preference_band"",""redundancy"":0.0867,""best_available_preference"":9.106608,""preference_band"":0.2}"
updated,S04,12,S04,,,DS029,Ice/silver-blue; Fine continuous herringbone,T014,Dark ground / silver ring dots,shoe-5,Ecco Dress Shoes — Brown Oxford/Derby,Brown Oxford/Derby,,9.5,9.106608,"{""decision"":""visual_variety_within_preference_band"",""redundancy"":0.110727,""best_available_preference"":9.106608,""preference_band"":0.2}"
updated,S04,13,S04,,,DS008,White; Fine horizontal stripe,NO_TIE,No Tie,shoe-13,Hermes Loafers — Black Kelly Hardware,Black Kelly Hardware,,9.4,9.08418,"{""decision"":""visual_variety_within_preference_band"",""redundancy"":0.089,""best_available_preference"":9.10511,""preference_band"":0.2}"
updated,S04,14,S04,,,DS017,Cream/stone; Solid,T029,Navy / silver ornamental medallions,shoe-6,Allen Edmonds Dress Shoes — Brown Double Monk Strap,Brown Double Monk Strap,,9.4,9.09251,"{""decision"":""visual_variety_within_preference_band"",""redundancy"":0.099692,""best_available_preference"":9.10511,""preference_band"":0.2}"
updated,S04,15,S04,,,DS020,White; Pencil stripe,T046,Pink / silver check,shoe-6,Allen Edmonds Dress Shoes — Brown Double Monk Strap,Brown Double Monk Strap,,9.3,9.088131,"{""decision"":""visual_variety_within_preference_band"",""redundancy"":0.103071,""best_available_preference"":9.103085,""preference_band"":0.2}"
baseline,S05,1,S05,,,DS014,White; Solid,T028,Midnight-navy tonal paisley,shoe-0,Louis Vuitton Dress Shoes — Black Embossed Monogram Lace-up,Black Embossed Monogram Lace-up,,9.5,,null
baseline,S05,2,S05,,,DS017,Cream/stone; Solid,T028,Midnight-navy tonal paisley,shoe-0,Louis Vuitton Dress Shoes — Black Embossed Monogram Lace-up,Black Embossed Monogram Lace-up,,9.5,,null
baseline,S05,3,S05,,,DS032,Dark navy; Solid,T045,Pale pink / blue micro-dot,shoe-10,Gucci Loafers — Cognac & Dark Espresso Brown Two-Tone GG Embossed Horsebit,Cognac & Dark Espresso Brown Two-Tone GG Embossed Horsebit,,9.5,,null
baseline,S05,4,S05,,,DS033,Dark navy; Solid,T045,Pale pink / blue micro-dot,shoe-10,Gucci Loafers — Cognac & Dark Espresso Brown Two-Tone GG Embossed Horsebit,Cognac & Dark Espresso Brown Two-Tone GG Embossed Horsebit,,9.5,,null
baseline,S05,5,S05,,,DS035,Ivory/off-white; Solid,T022,Deep navy tonal honeycomb,shoe-3,Ecco Dress Shoes — Black Oxford/Derby,Black Oxford/Derby,,9.5,,null
baseline,S05,6,S05,,,DS035,Ivory/off-white; Solid,T040,Charcoal tonal geometric,shoe-3,Ecco Dress Shoes — Black Oxford/Derby,Black Oxford/Derby,,9.5,,null
baseline,S05,7,S05,,,DS001,White; Solid,T040,Charcoal tonal geometric,shoe-13,Hermes Loafers — Black Kelly Hardware,Black Kelly Hardware,,9.4,,null
baseline,S05,8,S05,,,DS005,Cream/off-white; Visually near-solid; subtle windowpane metadata retained,T022,Deep navy tonal honeycomb,shoe-14,"Hermes Loafers — Cognac/Chestnut Kelly Hardware, Dark Espresso Patina","Cognac/Chestnut Kelly Hardware, Dark Espresso Patina",,9.4,,null
baseline,S05,9,S05,,,DS017,Cream/stone; Solid,T030,Aubergine tonal geometric,shoe-14,"Hermes Loafers — Cognac/Chestnut Kelly Hardware, Dark Espresso Patina","Cognac/Chestnut Kelly Hardware, Dark Espresso Patina",,9.4,,null
baseline,S05,10,S05,,,DS028,Very pale blue; Birdseye/micro-check,T006,Dark ground / blue-gold floral,shoe-9,Gucci Loafers — Cognac Horsebit,Cognac Horsebit,,9.4,,null
baseline,S05,11,S05,,,DS028,Very pale blue; Birdseye/micro-check,T014,Dark ground / silver ring dots,shoe-9,Gucci Loafers — Cognac Horsebit,Cognac Horsebit,,9.4,,null
baseline,S05,12,S05,,,DS029,Ice/silver-blue; Fine continuous herringbone,NO_TIE,No Tie,shoe-4,Christian Louboutin Dress Shoes — Dark Brown Derby Lace-up,Dark Brown Derby Lace-up,,9.4,,null
baseline,S05,13,S05,,,DS029,Ice/silver-blue; Fine continuous herringbone,T006,Dark ground / blue-gold floral,shoe-4,Christian Louboutin Dress Shoes — Dark Brown Derby Lace-up,Dark Brown Derby Lace-up,,9.4,,null
baseline,S05,14,S05,,,DS030,Light silver-grey; Fine continuous herringbone,T014,Dark ground / silver ring dots,shoe-49,"Berluti Dress Shoes — Alessandro Infini Alto Oxford, Venezia calf, brown patina, lug sole","Alessandro Infini Alto Oxford, brown Venezia calf patina, lug sole",,9.4,,null
baseline,S05,15,S05,,,DS030,Light silver-grey; Fine continuous herringbone,T020,Navy / burgundy-tan paisley,shoe-13,Hermes Loafers — Black Kelly Hardware,Black Kelly Hardware,,9.4,,null
updated,S05,1,S05,,,DS030,Light silver-grey; Fine continuous herringbone,T028,Midnight-navy tonal paisley,shoe-1,Christian Louboutin Dress Shoes — Black Single Monk,Black Single Monk,,9.5,9.106269,"{""decision"":""best_preference_with_confirmed_history_rotation"",""redundancy"":0}"
updated,S05,2,S05,,,DS044,White; Micro-diamond/dot,T014,Dark ground / silver ring dots,shoe-1,Christian Louboutin Dress Shoes — Black Single Monk,Black Single Monk,,9.3,9.089291,"{""decision"":""visual_variety_within_preference_band"",""redundancy"":0.045,""best_available_preference"":9.106113,""preference_band"":0.2}"
updated,S05,3,S05,,,DS035,Ivory/off-white; Solid,T036,Purple / grey ornamental medallions,shoe-2,Berluti Dress Shoes — Black Double Monk,Black Double Monk,,9.4,9.097338,"{""decision"":""visual_variety_within_preference_band"",""redundancy"":0.0705,""best_available_preference"":9.106113,""preference_band"":0.2}"
updated,S05,4,S05,,,DS029,Ice/silver-blue; Fine continuous herringbone,T018,Dark brown / slate-blue paisley,shoe-2,Berluti Dress Shoes — Black Double Monk,Black Double Monk,,9.3,9.093672,"{""decision"":""visual_variety_within_preference_band"",""redundancy"":0.069,""best_available_preference"":9.106113,""preference_band"":0.2}"
updated,S05,5,S05,,,DS022,Darker lavender; Solid,T016,Burgundy-red / silver diagonal stripe,shoe-3,Ecco Dress Shoes — Black Oxford/Derby,Black Oxford/Derby,,9.1,9.067061,"{""decision"":""visual_variety_within_preference_band"",""redundancy"":0.05175,""best_available_preference"":9.106113,""preference_band"":0.2}"
updated,S05,6,S05,,,DS037,Taupe/medium brown; Solid,T014,Dark ground / silver ring dots,shoe-3,Ecco Dress Shoes — Black Oxford/Derby,Black Oxford/Derby,,9.3,9.080715,"{""decision"":""visual_variety_within_preference_band"",""redundancy"":0.0762,""best_available_preference"":9.106113,""preference_band"":0.2}"
updated,S05,7,S05,,,DS044,White; Micro-diamond/dot,T028,Midnight-navy tonal paisley,shoe-4,Christian Louboutin Dress Shoes — Dark Brown Derby Lace-up,Dark Brown Derby Lace-up,,9.5,9.103488,"{""decision"":""visual_variety_within_preference_band"",""redundancy"":0.1045,""best_available_preference"":9.103488,""preference_band"":0.2}"
updated,S05,8,S05,,,DS013,Cream; Tattersall/windowpane,T044,Silver-grey tonal floral-paisley,shoe-4,Christian Louboutin Dress Shoes — Dark Brown Derby Lace-up,Dark Brown Derby Lace-up,,8.9,9.052537,"{""decision"":""visual_variety_within_preference_band"",""redundancy"":0.056143,""best_available_preference"":9.100106,""preference_band"":0.2}"
updated,S05,9,S05,,,DS025,Light pink; Solid,T007,Charcoal / pale-pink diagonal lattice,shoe-49,"Berluti Dress Shoes — Alessandro Infini Alto Oxford, Venezia calf, brown patina, lug sole","Alessandro Infini Alto Oxford, brown Venezia calf patina, lug sole",,9,9.064056,"{""decision"":""visual_variety_within_preference_band"",""redundancy"":0.067125,""best_available_preference"":9.100106,""preference_band"":0.2}"
updated,S05,10,S05,,,DS029,Ice/silver-blue; Fine continuous herringbone,T029,Navy / silver ornamental medallions,shoe-49,"Berluti Dress Shoes — Alessandro Infini Alto Oxford, Venezia calf, brown patina, lug sole","Alessandro Infini Alto Oxford, brown Venezia calf patina, lug sole",,9.4,9.100106,"{""decision"":""visual_variety_within_preference_band"",""redundancy"":0.110333,""best_available_preference"":9.100106,""preference_band"":0.2}"
updated,S05,11,S05,,,DS012,Black; Solid,NO_TIE,No Tie,shoe-13,Hermes Loafers — Black Kelly Hardware,Black Kelly Hardware,,9.3,9.038943,"{""decision"":""visual_variety_within_preference_band"",""redundancy"":0.0513,""best_available_preference"":9.0991,""preference_band"":0.2}"
updated,S05,12,S05,,,DS001,White; Solid,T044,Silver-grey tonal floral-paisley,shoe-5,Ecco Dress Shoes — Brown Oxford/Derby,Brown Oxford/Derby,,9.2,9.075025,"{""decision"":""visual_variety_within_preference_band"",""redundancy"":0.091364,""best_available_preference"":9.0991,""preference_band"":0.2}"
updated,S05,13,S05,,,DS030,Light silver-grey; Fine continuous herringbone,T006,Dark ground / blue-gold floral,shoe-5,Ecco Dress Shoes — Brown Oxford/Derby,Brown Oxford/Derby,,9.3,9.090991,"{""decision"":""visual_variety_within_preference_band"",""redundancy"":0.10925,""best_available_preference"":9.0991,""preference_band"":0.2}"
updated,S05,14,S05,,,DS031,Lavender; Windowpane over micro-check,T024,Royal blue / beige-gold paisley,shoe-6,Allen Edmonds Dress Shoes — Brown Double Monk Strap,Brown Double Monk Strap,,9,9.056924,"{""decision"":""visual_variety_within_preference_band"",""redundancy"":0.077538,""best_available_preference"":9.0991,""preference_band"":0.2}"
updated,S05,15,S05,,,DS025,Light pink; Solid,T029,Navy / silver ornamental medallions,shoe-6,Allen Edmonds Dress Shoes — Brown Double Monk Strap,Brown Double Monk Strap,,9.3,9.089812,"{""decision"":""visual_variety_within_preference_band"",""redundancy"":0.109714,""best_available_preference"":9.0991,""preference_band"":0.2}"
baseline,S06,1,S06,,,DS014,White; Solid,T022,Deep navy tonal honeycomb,shoe-0,Louis Vuitton Dress Shoes — Black Embossed Monogram Lace-up,Black Embossed Monogram Lace-up,,9.5,,null
baseline,S06,2,S06,,,DS014,White; Solid,T028,Midnight-navy tonal paisley,shoe-0,Louis Vuitton Dress Shoes — Black Embossed Monogram Lace-up,Black Embossed Monogram Lace-up,,9.5,,null
baseline,S06,3,S06,,,DS017,Cream/stone; Solid,T028,Midnight-navy tonal paisley,shoe-3,Ecco Dress Shoes — Black Oxford/Derby,Black Oxford/Derby,,9.5,,null
baseline,S06,4,S06,,,DS032,Dark navy; Solid,T045,Pale pink / blue micro-dot,shoe-10,Gucci Loafers — Cognac & Dark Espresso Brown Two-Tone GG Embossed Horsebit,Cognac & Dark Espresso Brown Two-Tone GG Embossed Horsebit,,9.5,,null
baseline,S06,5,S06,,,DS033,Dark navy; Solid,T045,Pale pink / blue micro-dot,shoe-10,Gucci Loafers — Cognac & Dark Espresso Brown Two-Tone GG Embossed Horsebit,Cognac & Dark Espresso Brown Two-Tone GG Embossed Horsebit,,9.5,,null
baseline,S06,6,S06,,,DS035,Ivory/off-white; Solid,T022,Deep navy tonal honeycomb,shoe-3,Ecco Dress Shoes — Black Oxford/Derby,Black Oxford/Derby,,9.5,,null
baseline,S06,7,S06,,,DS035,Ivory/off-white; Solid,T040,Charcoal tonal geometric,shoe-13,Hermes Loafers — Black Kelly Hardware,Black Kelly Hardware,,9.5,,null
baseline,S06,8,S06,,,DS001,White; Solid,NO_TIE,No Tie,shoe-14,"Hermes Loafers — Cognac/Chestnut Kelly Hardware, Dark Espresso Patina","Cognac/Chestnut Kelly Hardware, Dark Espresso Patina",,9.4,,null
baseline,S06,9,S06,,,DS001,White; Solid,T040,Charcoal tonal geometric,shoe-13,Hermes Loafers — Black Kelly Hardware,Black Kelly Hardware,,9.4,,null
baseline,S06,10,S06,,,DS017,Cream/stone; Solid,T030,Aubergine tonal geometric,shoe-14,"Hermes Loafers — Cognac/Chestnut Kelly Hardware, Dark Espresso Patina","Cognac/Chestnut Kelly Hardware, Dark Espresso Patina",,9.4,,null
baseline,S06,11,S06,,,DS029,Ice/silver-blue; Fine continuous herringbone,NO_TIE,No Tie,shoe-9,Gucci Loafers — Cognac Horsebit,Cognac Horsebit,,9.4,,null
baseline,S06,12,S06,,,DS029,Ice/silver-blue; Fine continuous herringbone,T010,Near-black / white spaced dots,shoe-9,Gucci Loafers — Cognac Horsebit,Cognac Horsebit,,9.4,,null
baseline,S06,13,S06,,,DS034,Black; Solid,T047,Pistachio / blue micro-geometric,shoe-4,Christian Louboutin Dress Shoes — Dark Brown Derby Lace-up,Dark Brown Derby Lace-up,,9.4,,null
baseline,S06,14,S06,,,DS044,White; Micro-diamond/dot,T015,Navy / fine diagonal stripe,shoe-17,Louis Vuitton Loafers — Black Damier,Black Damier,,9.4,,null
baseline,S06,15,S06,,,DS005,Cream/off-white; Visually near-solid; subtle windowpane metadata retained,T010,Near-black / white spaced dots,shoe-4,Christian Louboutin Dress Shoes — Dark Brown Derby Lace-up,Dark Brown Derby Lace-up,,9.3,,null
updated,S06,1,S06,,,DS044,White; Micro-diamond/dot,T028,Midnight-navy tonal paisley,shoe-1,Christian Louboutin Dress Shoes — Black Single Monk,Black Single Monk,,9.5,9.110269,"{""decision"":""best_preference_with_confirmed_history_rotation"",""redundancy"":0}"
updated,S06,2,S06,,,DS035,Ivory/off-white; Solid,T040,Charcoal tonal geometric,shoe-1,Christian Louboutin Dress Shoes — Black Single Monk,Black Single Monk,,9.5,9.108138,"{""decision"":""visual_variety_within_preference_band"",""redundancy"":0.045,""best_available_preference"":9.109144,""preference_band"":0.2}"
updated,S06,3,S06,,,DS051,Zegna; Charcoal grey; Solid; Smooth-looking surface with soft highlights; physical composition unknown,NO_TIE,No Tie,shoe-13,Hermes Loafers — Black Kelly Hardware,Black Kelly Hardware,,9.4,9.083295,"{""decision"":""visual_variety_within_preference_band"",""redundancy"":0.0495,""best_available_preference"":9.109144,""preference_band"":0.2}"
updated,S06,4,S06,,,DS030,Light silver-grey; Fine continuous herringbone,T030,Aubergine tonal geometric,shoe-2,Berluti Dress Shoes — Black Double Monk,Black Double Monk,,9.3,9.087594,"{""decision"":""visual_variety_within_preference_band"",""redundancy"":0.069,""best_available_preference"":9.109144,""preference_band"":0.2}"
updated,S06,5,S06,,,DS029,Ice/silver-blue; Fine continuous herringbone,T039,Navy / light-blue floral,shoe-2,Berluti Dress Shoes — Black Double Monk,Black Double Monk,,9.3,9.087544,"{""decision"":""visual_variety_within_preference_band"",""redundancy"":0.07725,""best_available_preference"":9.109144,""preference_band"":0.2}"
updated,S06,6,S06,,,DS020,White; Pencil stripe,T040,Charcoal tonal geometric,shoe-3,Ecco Dress Shoes — Black Oxford/Derby,Black Oxford/Derby,,9.3,9.092956,"{""decision"":""visual_variety_within_preference_band"",""redundancy"":0.087,""best_available_preference"":9.109144,""preference_band"":0.2}"
updated,S06,7,S06,,,DS014,White; Solid,T043,Black / muted pale floral outline,shoe-3,Ecco Dress Shoes — Black Oxford/Derby,Black Oxford/Derby,,9.3,9.087431,"{""decision"":""visual_variety_within_preference_band"",""redundancy"":0.093,""best_available_preference"":9.108244,""preference_band"":0.2}"
updated,S06,8,S06,,,DS022,Darker lavender; Solid,T016,Burgundy-red / silver diagonal stripe,shoe-4,Christian Louboutin Dress Shoes — Dark Brown Derby Lace-up,Dark Brown Derby Lace-up,,8.8,9.036725,"{""decision"":""visual_variety_within_preference_band"",""redundancy"":0.051429,""best_available_preference"":9.105619,""preference_band"":0.2}"
updated,S06,9,S06,,,DS014,White; Solid,T030,Aubergine tonal geometric,shoe-4,Christian Louboutin Dress Shoes — Dark Brown Derby Lace-up,Dark Brown Derby Lace-up,,9.4,9.094931,"{""decision"":""visual_variety_within_preference_band"",""redundancy"":0.114,""best_available_preference"":9.105619,""preference_band"":0.2}"
updated,S06,10,S06,,,DS030,Light silver-grey; Fine continuous herringbone,T010,Near-black / white spaced dots,shoe-49,"Berluti Dress Shoes — Alessandro Infini Alto Oxford, Venezia calf, brown patina, lug sole","Alessandro Infini Alto Oxford, brown Venezia calf patina, lug sole",,9.3,9.089304,"{""decision"":""visual_variety_within_preference_band"",""redundancy"":0.109333,""best_available_preference"":9.101957,""preference_band"":0.2}"
updated,S06,11,S06,,,DS044,White; Micro-diamond/dot,NO_TIE,No Tie,shoe-13,Hermes Loafers — Black Kelly Hardware,Black Kelly Hardware,,9.4,9.08418,"{""decision"":""visual_variety_within_preference_band"",""redundancy"":0.1077,""best_available_preference"":9.096169,""preference_band"":0.2}"
updated,S06,12,S06,,,DS037,Taupe/medium brown; Solid,T028,Midnight-navy tonal paisley,shoe-49,"Berluti Dress Shoes — Alessandro Infini Alto Oxford, Venezia calf, brown patina, lug sole","Alessandro Infini Alto Oxford, brown Venezia calf patina, lug sole",,9.4,9.051992,"{""decision"":""visual_variety_within_preference_band"",""redundancy"":0.079909,""best_available_preference"":9.096169,""preference_band"":0.2}"
updated,S06,13,S06,,,DS001,White; Solid,T015,Navy / fine diagonal stripe,shoe-5,Ecco Dress Shoes — Brown Oxford/Derby,Brown Oxford/Derby,,9.3,9.089816,"{""decision"":""visual_variety_within_preference_band"",""redundancy"":0.12125,""best_available_preference"":9.093019,""preference_band"":0.2}"
updated,S06,14,S06,,,DS025,Light pink; Solid,T022,Deep navy tonal honeycomb,shoe-5,Ecco Dress Shoes — Brown Oxford/Derby,Brown Oxford/Derby,,9.4,9.062476,"{""decision"":""visual_variety_within_preference_band"",""redundancy"":0.098077,""best_available_preference"":9.093019,""preference_band"":0.2}"
updated,S06,15,S06,,,DS001,White; Solid,T045,Pale pink / blue micro-dot,shoe-6,Allen Edmonds Dress Shoes — Brown Double Monk Strap,Brown Double Monk Strap,,9.2,9.076988,"{""decision"":""visual_variety_within_preference_band"",""redundancy"":0.113786,""best_available_preference"":9.093019,""preference_band"":0.2}"
baseline,S07,1,S07,,,DS019,Chestnut/warm mid-brown; Solid,T006,Dark ground / blue-gold floral,shoe-4,Christian Louboutin Dress Shoes — Dark Brown Derby Lace-up,Dark Brown Derby Lace-up,,9.5,,null
baseline,S07,2,S07,,,DS019,Chestnut/warm mid-brown; Solid,T033,Dark navy / blue-gold monogram,shoe-0,Louis Vuitton Dress Shoes — Black Embossed Monogram Lace-up,Black Embossed Monogram Lace-up,,9.5,,null
baseline,S07,3,S07,,,DS032,Dark navy; Solid,T013,Vivid red / small pale motifs,shoe-0,Louis Vuitton Dress Shoes — Black Embossed Monogram Lace-up,Black Embossed Monogram Lace-up,,9.5,,null
baseline,S07,4,S07,,,DS033,Dark navy; Solid,T013,Vivid red / small pale motifs,shoe-3,Ecco Dress Shoes — Black Oxford/Derby,Black Oxford/Derby,,9.5,,null
baseline,S07,5,S07,,,DS034,Black; Solid,T001,Taupe horsebit,shoe-4,Christian Louboutin Dress Shoes — Dark Brown Derby Lace-up,Dark Brown Derby Lace-up,,9.5,,null
baseline,S07,6,S07,,,DS034,Black; Solid,T002,Tobacco / blue medallion grid,shoe-49,"Berluti Dress Shoes — Alessandro Infini Alto Oxford, Venezia calf, brown patina, lug sole","Alessandro Infini Alto Oxford, brown Venezia calf patina, lug sole",,9.5,,null
baseline,S07,7,S07,,,DS036,Chocolate brown; Solid,T008,Gold / blue large geometric,shoe-49,"Berluti Dress Shoes — Alessandro Infini Alto Oxford, Venezia calf, brown patina, lug sole","Alessandro Infini Alto Oxford, brown Venezia calf patina, lug sole",,9.5,,null
baseline,S07,8,S07,,,DS036,Chocolate brown; Solid,T033,Dark navy / blue-gold monogram,shoe-3,Ecco Dress Shoes — Black Oxford/Derby,Black Oxford/Derby,,9.5,,null
baseline,S07,9,S07,,,DS037,Taupe/medium brown; Solid,T006,Dark ground / blue-gold floral,shoe-5,Ecco Dress Shoes — Brown Oxford/Derby,Brown Oxford/Derby,,9.5,,null
baseline,S07,10,S07,,,DS037,Taupe/medium brown; Solid,T015,Navy / fine diagonal stripe,shoe-13,Hermes Loafers — Black Kelly Hardware,Black Kelly Hardware,,9.5,,null
baseline,S07,11,S07,,,DS038,Medium-to-dark chocolate brown; Solid,T008,Gold / blue large geometric,shoe-5,Ecco Dress Shoes — Brown Oxford/Derby,Brown Oxford/Derby,,9.5,,null
baseline,S07,12,S07,,,DS038,Medium-to-dark chocolate brown; Solid,T035,Navy / blue monogram,shoe-13,Hermes Loafers — Black Kelly Hardware,Black Kelly Hardware,,9.5,,null
baseline,S07,13,S07,,,DS003,White; Bengal stripe,T035,Navy / blue monogram,shoe-17,Louis Vuitton Loafers — Black Damier,Black Damier,,9.4,,null
baseline,S07,14,S07,,,DS009,Sky blue; Solid,T039,Navy / light-blue floral,shoe-17,Louis Vuitton Loafers — Black Damier,Black Damier,,9.4,,null
baseline,S07,15,S07,,,DS012,Black; Solid,T023,Burgundy / blue paisley,shoe-19,Louis Vuitton Loafers — Black Monogram,Black Monogram,,9.4,,null
updated,S07,1,S07,,,DS037,Taupe/medium brown; Solid,T033,Dark navy / blue-gold monogram,shoe-1,Christian Louboutin Dress Shoes — Black Single Monk,Black Single Monk,,9.5,9.11093,"{""decision"":""best_preference_with_confirmed_history_rotation"",""redundancy"":0}"
updated,S07,2,S07,,,DS044,White; Micro-diamond/dot,T023,Burgundy / blue paisley,shoe-1,Christian Louboutin Dress Shoes — Black Single Monk,Black Single Monk,,9.4,9.100052,"{""decision"":""visual_variety_within_preference_band"",""redundancy"":0.027,""best_available_preference"":9.11093,""preference_band"":0.2}"
updated,S07,3,S07,,,DS019,Chestnut/warm mid-brown; Solid,T006,Dark ground / blue-gold floral,shoe-2,Berluti Dress Shoes — Black Double Monk,Black Double Monk,,9.5,9.103308,"{""decision"":""visual_variety_within_preference_band"",""redundancy"":0.0675,""best_available_preference"":9.11093,""preference_band"":0.2}"
updated,S07,4,S07,,,DS035,Ivory/off-white; Solid,T002,Tobacco / blue medallion grid,shoe-2,Berluti Dress Shoes — Black Double Monk,Black Double Monk,,9.3,9.085717,"{""decision"":""visual_variety_within_preference_band"",""redundancy"":0.053,""best_available_preference"":9.11093,""preference_band"":0.2}"
updated,S07,5,S07,,,DS026,Pink; Gingham,T027,Deep purple / pale medallions,shoe-3,Ecco Dress Shoes — Black Oxford/Derby,Black Oxford/Derby,,9.2,9.06947,"{""decision"":""visual_variety_within_preference_band"",""redundancy"":0.042,""best_available_preference"":9.11093,""preference_band"":0.2}"
updated,S07,6,S07,,,DS003,White; Bengal stripe,T035,Navy / blue monogram,shoe-3,Ecco Dress Shoes — Black Oxford/Derby,Black Oxford/Derby,,9.4,9.095807,"{""decision"":""visual_variety_within_preference_band"",""redundancy"":0.0858,""best_available_preference"":9.11093,""preference_band"":0.2}"
updated,S07,7,S07,,,DS029,Ice/silver-blue; Fine continuous herringbone,T024,Royal blue / beige-gold paisley,shoe-4,Christian Louboutin Dress Shoes — Dark Brown Derby Lace-up,Dark Brown Derby Lace-up,,9.2,9.072814,"{""decision"":""visual_variety_within_preference_band"",""redundancy"":0.0675,""best_available_preference"":9.108305,""preference_band"":0.2}"
updated,S07,8,S07,,,DS014,White; Solid,T010,Near-black / white spaced dots,shoe-4,Christian Louboutin Dress Shoes — Dark Brown Derby Lace-up,Dark Brown Derby Lace-up,,9.3,9.090358,"{""decision"":""visual_variety_within_preference_band"",""redundancy"":0.092143,""best_available_preference"":9.108305,""preference_band"":0.2}"
updated,S07,9,S07,,,DS022,Darker lavender; Solid,T023,Burgundy / blue paisley,shoe-49,"Berluti Dress Shoes — Alessandro Infini Alto Oxford, Venezia calf, brown patina, lug sole","Alessandro Infini Alto Oxford, brown Venezia calf patina, lug sole",,9.2,9.078337,"{""decision"":""visual_variety_within_preference_band"",""redundancy"":0.079875,""best_available_preference"":9.108305,""preference_band"":0.2}"
updated,S07,10,S07,,,DS002,Cream/white; Check/grid,T018,Dark brown / slate-blue paisley,shoe-49,"Berluti Dress Shoes — Alessandro Infini Alto Oxford, Venezia calf, brown patina, lug sole","Alessandro Infini Alto Oxford, brown Venezia calf patina, lug sole",,9.2,9.067805,"{""decision"":""visual_variety_within_preference_band"",""redundancy"":0.072,""best_available_preference"":9.108305,""preference_band"":0.2}"
updated,S07,11,S07,,,DS019,Chestnut/warm mid-brown; Solid,T033,Dark navy / blue-gold monogram,shoe-5,Ecco Dress Shoes — Brown Oxford/Derby,Brown Oxford/Derby,,9.5,9.102005,"{""decision"":""visual_variety_within_preference_band"",""redundancy"":0.1056,""best_available_preference"":9.108305,""preference_band"":0.2}"
updated,S07,12,S07,,,DS023,Deep burgundy/oxblood; Solid color with micro-texture,T006,Dark ground / blue-gold floral,shoe-5,Ecco Dress Shoes — Brown Oxford/Derby,Brown Oxford/Derby,,9.3,9.085158,"{""decision"":""visual_variety_within_preference_band"",""redundancy"":0.091636,""best_available_preference"":9.108305,""preference_band"":0.2}"
updated,S07,13,S07,,,DS048,Navy; Bold houndstooth,NO_TIE,No Tie,shoe-13,Hermes Loafers — Black Kelly Hardware,Black Kelly Hardware,,9.3,9.038943,"{""decision"":""visual_variety_within_preference_band"",""redundancy"":0.047,""best_available_preference"":9.108305,""preference_band"":0.2}"
updated,S07,14,S07,,,DS018,Mauve/rose; Prince of Wales/glen check,T018,Dark brown / slate-blue paisley,shoe-6,Allen Edmonds Dress Shoes — Brown Double Monk Strap,Brown Double Monk Strap,,9.1,9.069208,"{""decision"":""visual_variety_within_preference_band"",""redundancy"":0.081,""best_available_preference"":9.108305,""preference_band"":0.2}"
updated,S07,15,S07,,,DS030,Light silver-grey; Fine continuous herringbone,T039,Navy / light-blue floral,shoe-6,Allen Edmonds Dress Shoes — Brown Double Monk Strap,Brown Double Monk Strap,,9.2,9.069273,"{""decision"":""visual_variety_within_preference_band"",""redundancy"":0.083357,""best_available_preference"":9.108305,""preference_band"":0.2}"
baseline,S08,1,S08,,,DS034,Black; Solid,T045,Pale pink / blue micro-dot,shoe-13,Hermes Loafers — Black Kelly Hardware,Black Kelly Hardware,,9.6,,null
baseline,S08,2,S08,,,DS016,Tan/beige; Visually near-solid; Prince of Wales metadata retained,NO_TIE,No Tie,shoe-13,Hermes Loafers — Black Kelly Hardware,Black Kelly Hardware,,9.5,,null
baseline,S08,3,S08,,,DS022,Darker lavender; Solid,T044,Silver-grey tonal floral-paisley,shoe-17,Louis Vuitton Loafers — Black Damier,Black Damier,,9.5,,null
baseline,S08,4,S08,,,DS022,Darker lavender; Solid,T045,Pale pink / blue micro-dot,shoe-17,Louis Vuitton Loafers — Black Damier,Black Damier,,9.5,,null
baseline,S08,5,S08,,,DS024,Pale pink; Solid,NO_TIE,No Tie,shoe-19,Louis Vuitton Loafers — Black Monogram,Black Monogram,,9.5,,null
baseline,S08,6,S08,,,DS034,Black; Solid,T044,Silver-grey tonal floral-paisley,shoe-19,Louis Vuitton Loafers — Black Monogram,Black Monogram,,9.5,,null
baseline,S08,7,S08,,,DS024,Pale pink; Solid,T022,Deep navy tonal honeycomb,shoe-8,Gucci Loafers — Black Horsebit,Black Horsebit,,9.4,,null
baseline,S08,8,S08,,,DS025,Light pink; Solid,T022,Deep navy tonal honeycomb,shoe-8,Gucci Loafers — Black Horsebit,Black Horsebit,,9.4,,null
baseline,S08,9,S08,,,DS025,Light pink; Solid,T028,Midnight-navy tonal paisley,shoe-0,Louis Vuitton Dress Shoes — Black Embossed Monogram Lace-up,Black Embossed Monogram Lace-up,,9.4,,null
baseline,S08,10,S08,,,DS028,Very pale blue; Birdseye/micro-check,T028,Midnight-navy tonal paisley,shoe-0,Louis Vuitton Dress Shoes — Black Embossed Monogram Lace-up,Black Embossed Monogram Lace-up,,9.4,,null
baseline,S08,11,S08,,,DS029,Ice/silver-blue; Fine continuous herringbone,T010,Near-black / white spaced dots,shoe-3,Ecco Dress Shoes — Black Oxford/Derby,Black Oxford/Derby,,9.4,,null
baseline,S08,12,S08,,,DS030,Light silver-grey; Fine continuous herringbone,T010,Near-black / white spaced dots,shoe-3,Ecco Dress Shoes — Black Oxford/Derby,Black Oxford/Derby,,9.4,,null
baseline,S08,13,S08,,,DS035,Ivory/off-white; Solid,T047,Pistachio / blue micro-geometric,shoe-1,Christian Louboutin Dress Shoes — Black Single Monk,Black Single Monk,,9.4,,null
baseline,S08,14,S08,,,DS012,Black; Solid,T047,Pistachio / blue micro-geometric,shoe-1,Christian Louboutin Dress Shoes — Black Single Monk,Black Single Monk,,9.3,,null
baseline,S08,15,S08,,,DS014,White; Solid,T004,Burnt-orange near-solid geometric,shoe-10,Gucci Loafers — Cognac & Dark Espresso Brown Two-Tone GG Embossed Horsebit,Cognac & Dark Espresso Brown Two-Tone GG Embossed Horsebit,,9.3,,null
updated,S08,1,S08,,,DS029,Ice/silver-blue; Fine continuous herringbone,T044,Silver-grey tonal floral-paisley,shoe-1,Christian Louboutin Dress Shoes — Black Single Monk,Black Single Monk,,9.4,9.101944,"{""decision"":""best_preference_with_confirmed_history_rotation"",""redundancy"":0}"
updated,S08,2,S08,,,DS044,White; Micro-diamond/dot,T028,Midnight-navy tonal paisley,shoe-1,Christian Louboutin Dress Shoes — Black Single Monk,Black Single Monk,,9.4,9.094975,"{""decision"":""visual_variety_within_preference_band"",""redundancy"":0.045,""best_available_preference"":9.100256,""preference_band"":0.2}"
updated,S08,3,S08,,,DS031,Lavender; Windowpane over micro-check,NO_TIE,No Tie,shoe-13,Hermes Loafers — Black Kelly Hardware,Black Kelly Hardware,,9.5,9.090338,"{""decision"":""visual_variety_within_preference_band"",""redundancy"":0.045,""best_available_preference"":9.100256,""preference_band"":0.2}"
updated,S08,4,S08,,,DS035,Ivory/off-white; Solid,T047,Pistachio / blue micro-geometric,shoe-2,Berluti Dress Shoes — Black Double Monk,Black Double Monk,,9.4,9.100206,"{""decision"":""visual_variety_within_preference_band"",""redundancy"":0.066,""best_available_preference"":9.100256,""preference_band"":0.2}"
updated,S08,5,S08,,,DS030,Light silver-grey; Fine continuous herringbone,T030,Aubergine tonal geometric,shoe-2,Berluti Dress Shoes — Black Double Monk,Black Double Monk,,9.2,9.082481,"{""decision"":""visual_variety_within_preference_band"",""redundancy"":0.069,""best_available_preference"":9.100256,""preference_band"":0.2}"
updated,S08,6,S08,,,DS024,Pale pink; Solid,T033,Dark navy / blue-gold monogram,shoe-3,Ecco Dress Shoes — Black Oxford/Derby,Black Oxford/Derby,,9.4,9.096201,"{""decision"":""visual_variety_within_preference_band"",""redundancy"":0.0912,""best_available_preference"":9.100256,""preference_band"":0.2}"
updated,S08,7,S08,,,DS020,White; Pencil stripe,T045,Pale pink / blue micro-dot,shoe-3,Ecco Dress Shoes — Black Oxford/Derby,Black Oxford/Derby,,9.3,9.090205,"{""decision"":""visual_variety_within_preference_band"",""redundancy"":0.085,""best_available_preference"":9.100256,""preference_band"":0.2}"
updated,S08,8,S08,,,DS017,Cream/stone; Solid,T006,Dark ground / blue-gold floral,shoe-4,Christian Louboutin Dress Shoes — Dark Brown Derby Lace-up,Dark Brown Derby Lace-up,,9.2,9.07647,"{""decision"":""visual_variety_within_preference_band"",""redundancy"":0.081,""best_available_preference"":9.097631,""preference_band"":0.2}"
updated,S08,9,S08,,,DS016,Tan/beige; Visually near-solid; Prince of Wales metadata retained,NO_TIE,No Tie,shoe-13,Hermes Loafers — Black Kelly Hardware,Black Kelly Hardware,,9.5,9.057416,"{""decision"":""visual_variety_within_preference_band"",""redundancy"":0.070875,""best_available_preference"":9.097631,""preference_band"":0.2}"
updated,S08,10,S08,,,DS028,Very pale blue; Birdseye/micro-check,T028,Midnight-navy tonal paisley,shoe-4,Christian Louboutin Dress Shoes — Dark Brown Derby Lace-up,Dark Brown Derby Lace-up,,9.4,9.097631,"{""decision"":""visual_variety_within_preference_band"",""redundancy"":0.111,""best_available_preference"":9.097631,""preference_band"":0.2}"
updated,S08,11,S08,,,DS044,White; Micro-diamond/dot,T044,Silver-grey tonal floral-paisley,shoe-49,"Berluti Dress Shoes — Alessandro Infini Alto Oxford, Venezia calf, brown patina, lug sole","Alessandro Infini Alto Oxford, brown Venezia calf patina, lug sole",,9.4,9.091675,"{""decision"":""visual_variety_within_preference_band"",""redundancy"":0.1053,""best_available_preference"":9.095831,""preference_band"":0.2}"
updated,S08,12,S08,,,DS030,Light silver-grey; Fine continuous herringbone,T010,Near-black / white spaced dots,shoe-49,"Berluti Dress Shoes — Alessandro Infini Alto Oxford, Venezia calf, brown patina, lug sole","Alessandro Infini Alto Oxford, brown Venezia calf patina, lug sole",,9.4,9.091497,"{""decision"":""visual_variety_within_preference_band"",""redundancy"":0.108,""best_available_preference"":9.093576,""preference_band"":0.2}"
updated,S08,13,S08,,,DS029,Ice/silver-blue; Fine continuous herringbone,T010,Near-black / white spaced dots,shoe-5,Ecco Dress Shoes — Brown Oxford/Derby,Brown Oxford/Derby,,9.4,9.091497,"{""decision"":""visual_variety_within_preference_band"",""redundancy"":0.111,""best_available_preference"":9.093576,""preference_band"":0.2}"
updated,S08,14,S08,,,DS022,Darker lavender; Solid,T035,Navy / blue monogram,shoe-5,Ecco Dress Shoes — Brown Oxford/Derby,Brown Oxford/Derby,,9.2,9.074084,"{""decision"":""visual_variety_within_preference_band"",""redundancy"":0.093692,""best_available_preference"":9.093576,""preference_band"":0.2}"
updated,S08,15,S08,,,DS035,Ivory/off-white; Solid,T033,Dark navy / blue-gold monogram,shoe-6,Allen Edmonds Dress Shoes — Brown Double Monk Strap,Brown Double Monk Strap,,9.3,9.091113,"{""decision"":""visual_variety_within_preference_band"",""redundancy"":0.111429,""best_available_preference"":9.093576,""preference_band"":0.2}"
baseline,S09,1,S09,,,DS034,Black; Solid,T045,Pale pink / blue micro-dot,shoe-12,Gucci Loafers — Navy Suede Horsebit Loafer,Navy Suede Horsebit Loafer,,9.6,,null
baseline,S09,2,S09,,,DS012,Black; Solid,T045,Pale pink / blue micro-dot,shoe-12,Gucci Loafers — Navy Suede Horsebit Loafer,Navy Suede Horsebit Loafer,,9.5,,null
baseline,S09,3,S09,,,DS024,Pale pink; Solid,NO_TIE,No Tie,shoe-13,Hermes Loafers — Black Kelly Hardware,Black Kelly Hardware,,9.5,,null
baseline,S09,4,S09,,,DS024,Pale pink; Solid,T028,Midnight-navy tonal paisley,shoe-13,Hermes Loafers — Black Kelly Hardware,Black Kelly Hardware,,9.5,,null
baseline,S09,5,S09,,,DS025,Light pink; Solid,NO_TIE,No Tie,shoe-17,Louis Vuitton Loafers — Black Damier,Black Damier,,9.5,,null
baseline,S09,6,S09,,,DS025,Light pink; Solid,T022,Deep navy tonal honeycomb,shoe-17,Louis Vuitton Loafers — Black Damier,Black Damier,,9.5,,null
baseline,S09,7,S09,,,DS028,Very pale blue; Birdseye/micro-check,T028,Midnight-navy tonal paisley,shoe-19,Louis Vuitton Loafers — Black Monogram,Black Monogram,,9.5,,null
baseline,S09,8,S09,,,DS034,Black; Solid,T044,Silver-grey tonal floral-paisley,shoe-19,Louis Vuitton Loafers — Black Monogram,Black Monogram,,9.5,,null
baseline,S09,9,S09,,,DS035,Ivory/off-white; Solid,T022,Deep navy tonal honeycomb,shoe-8,Gucci Loafers — Black Horsebit,Black Horsebit,,9.5,,null
baseline,S09,10,S09,,,DS012,Black; Solid,T044,Silver-grey tonal floral-paisley,shoe-8,Gucci Loafers — Black Horsebit,Black Horsebit,,9.4,,null
baseline,S09,11,S09,,,DS022,Darker lavender; Solid,T047,Pistachio / blue micro-geometric,shoe-0,Louis Vuitton Dress Shoes — Black Embossed Monogram Lace-up,Black Embossed Monogram Lace-up,,9.4,,null
baseline,S09,12,S09,,,DS028,Very pale blue; Birdseye/micro-check,T010,Near-black / white spaced dots,shoe-0,Louis Vuitton Dress Shoes — Black Embossed Monogram Lace-up,Black Embossed Monogram Lace-up,,9.4,,null
baseline,S09,13,S09,,,DS029,Ice/silver-blue; Fine continuous herringbone,T010,Near-black / white spaced dots,shoe-3,Ecco Dress Shoes — Black Oxford/Derby,Black Oxford/Derby,,9.4,,null
baseline,S09,14,S09,,,DS029,Ice/silver-blue; Fine continuous herringbone,T011,Near-black / fine white dots,shoe-3,Ecco Dress Shoes — Black Oxford/Derby,Black Oxford/Derby,,9.4,,null
baseline,S09,15,S09,,,DS035,Ivory/off-white; Solid,T011,Near-black / fine white dots,shoe-1,Christian Louboutin Dress Shoes — Black Single Monk,Black Single Monk,,9.4,,null
updated,S09,1,S09,,,DS024,Pale pink; Solid,T028,Midnight-navy tonal paisley,shoe-1,Christian Louboutin Dress Shoes — Black Single Monk,Black Single Monk,,9.5,9.105763,"{""decision"":""best_preference_with_confirmed_history_rotation"",""redundancy"":0}"
updated,S09,2,S09,,,DS020,White; Pencil stripe,T045,Pale pink / blue micro-dot,shoe-1,Christian Louboutin Dress Shoes — Black Single Monk,Black Single Monk,,9.3,9.090205,"{""decision"":""visual_variety_within_preference_band"",""redundancy"":0.045,""best_available_preference"":9.105763,""preference_band"":0.2}"
updated,S09,3,S09,,,DS029,Ice/silver-blue; Fine continuous herringbone,T044,Silver-grey tonal floral-paisley,shoe-2,Berluti Dress Shoes — Black Double Monk,Black Double Monk,,9.4,9.099581,"{""decision"":""visual_variety_within_preference_band"",""redundancy"":0.0675,""best_available_preference"":9.105763,""preference_band"":0.2}"
updated,S09,4,S09,,,DS035,Ivory/off-white; Solid,T047,Pistachio / blue micro-geometric,shoe-2,Berluti Dress Shoes — Black Double Monk,Black Double Monk,,9.4,9.100206,"{""decision"":""visual_variety_within_preference_band"",""redundancy"":0.071,""best_available_preference"":9.105763,""preference_band"":0.2}"
updated,S09,5,S09,,,DS044,White; Micro-diamond/dot,T028,Midnight-navy tonal paisley,shoe-3,Ecco Dress Shoes — Black Oxford/Derby,Black Oxford/Derby,,9.4,9.099025,"{""decision"":""visual_variety_within_preference_band"",""redundancy"":0.09,""best_available_preference"":9.105763,""preference_band"":0.2}"
updated,S09,6,S09,,,DS022,Darker lavender; Solid,T006,Dark ground / blue-gold floral,shoe-3,Ecco Dress Shoes — Black Oxford/Derby,Black Oxford/Derby,,9,9.064653,"{""decision"":""visual_variety_within_preference_band"",""redundancy"":0.0636,""best_available_preference"":9.105763,""preference_band"":0.2}"
updated,S09,7,S09,,,DS012,Black; Solid,NO_TIE,No Tie,shoe-13,Hermes Loafers — Black Kelly Hardware,Black Kelly Hardware,,9.3,9.038943,"{""decision"":""visual_variety_within_preference_band"",""redundancy"":0.051,""best_available_preference"":9.103138,""preference_band"":0.2}"
updated,S09,8,S09,,,DS035,Ivory/off-white; Solid,T022,Deep navy tonal honeycomb,shoe-4,Christian Louboutin Dress Shoes — Dark Brown Derby Lace-up,Dark Brown Derby Lace-up,,9.5,9.100675,"{""decision"":""visual_variety_within_preference_band"",""redundancy"":0.111429,""best_available_preference"":9.103138,""preference_band"":0.2}"
updated,S09,9,S09,,,DS029,Ice/silver-blue; Fine continuous herringbone,T010,Near-black / white spaced dots,shoe-4,Christian Louboutin Dress Shoes — Dark Brown Derby Lace-up,Dark Brown Derby Lace-up,,9.4,9.096116,"{""decision"":""visual_variety_within_preference_band"",""redundancy"":0.1095,""best_available_preference"":9.103138,""preference_band"":0.2}"
updated,S09,10,S09,,,DS017,Cream/stone; Solid,T015,Navy / fine diagonal stripe,shoe-49,"Berluti Dress Shoes — Alessandro Infini Alto Oxford, Venezia calf, brown patina, lug sole","Alessandro Infini Alto Oxford, brown Venezia calf patina, lug sole",,9.2,9.081242,"{""decision"":""visual_variety_within_preference_band"",""redundancy"":0.096667,""best_available_preference"":9.103138,""preference_band"":0.2}"
updated,S09,11,S09,,,DS030,Light silver-grey; Fine continuous herringbone,T006,Dark ground / blue-gold floral,shoe-49,"Berluti Dress Shoes — Alessandro Infini Alto Oxford, Venezia calf, brown patina, lug sole","Alessandro Infini Alto Oxford, brown Venezia calf patina, lug sole",,9.2,9.07962,"{""decision"":""visual_variety_within_preference_band"",""redundancy"":0.0966,""best_available_preference"":9.103138,""preference_band"":0.2}"
updated,S09,12,S09,,,DS014,White; Solid,T010,Near-black / white spaced dots,shoe-5,Ecco Dress Shoes — Brown Oxford/Derby,Brown Oxford/Derby,,9.3,9.090834,"{""decision"":""visual_variety_within_preference_band"",""redundancy"":0.113455,""best_available_preference"":9.103138,""preference_band"":0.2}"
updated,S09,13,S09,,,DS037,Taupe/medium brown; Solid,T022,Deep navy tonal honeycomb,shoe-5,Ecco Dress Shoes — Brown Oxford/Derby,Brown Oxford/Derby,,9.1,9.069796,"{""decision"":""visual_variety_within_preference_band"",""redundancy"":0.0945,""best_available_preference"":9.103138,""preference_band"":0.2}"
updated,S09,14,S09,,,DS007,Light blue; Micro-check,NO_TIE,No Tie,shoe-13,Hermes Loafers — Black Kelly Hardware,Black Kelly Hardware,,9.4,9.08418,"{""decision"":""visual_variety_within_preference_band"",""redundancy"":0.109385,""best_available_preference"":9.095263,""preference_band"":0.2}"
updated,S09,15,S09,,,DS006,Light blue; Solid,T033,Dark navy / blue-gold monogram,shoe-6,Allen Edmonds Dress Shoes — Brown Double Monk Strap,Brown Double Monk Strap,,9.3,9.083688,"{""decision"":""visual_variety_within_preference_band"",""redundancy"":0.115286,""best_available_preference"":9.095263,""preference_band"":0.2}"
baseline,S10,1,S10,,,DS034,Black; Solid,T013,Vivid red / small pale motifs,shoe-10,Gucci Loafers — Cognac & Dark Espresso Brown Two-Tone GG Embossed Horsebit,Cognac & Dark Espresso Brown Two-Tone GG Embossed Horsebit,,9.5,,null
baseline,S10,2,S10,,,DS034,Black; Solid,T016,Burgundy-red / silver diagonal stripe,shoe-10,Gucci Loafers — Cognac & Dark Espresso Brown Two-Tone GG Embossed Horsebit,Cognac & Dark Espresso Brown Two-Tone GG Embossed Horsebit,,9.5,,null
baseline,S10,3,S10,,,DS037,Taupe/medium brown; Solid,T043,Black / muted pale floral outline,shoe-14,"Hermes Loafers — Cognac/Chestnut Kelly Hardware, Dark Espresso Patina","Cognac/Chestnut Kelly Hardware, Dark Espresso Patina",,9.5,,null
baseline,S10,4,S10,,,DS019,Chestnut/warm mid-brown; Solid,T020,Navy / burgundy-tan paisley,shoe-0,Louis Vuitton Dress Shoes — Black Embossed Monogram Lace-up,Black Embossed Monogram Lace-up,,9.4,,null
baseline,S10,5,S10,,,DS019,Chestnut/warm mid-brown; Solid,T031,Navy / purple-white regimental stripe,shoe-0,Louis Vuitton Dress Shoes — Black Embossed Monogram Lace-up,Black Embossed Monogram Lace-up,,9.4,,null
baseline,S10,6,S10,,,DS032,Dark navy; Solid,T013,Vivid red / small pale motifs,shoe-14,"Hermes Loafers — Cognac/Chestnut Kelly Hardware, Dark Espresso Patina","Cognac/Chestnut Kelly Hardware, Dark Espresso Patina",,9.4,,null
baseline,S10,7,S10,,,DS032,Dark navy; Solid,T016,Burgundy-red / silver diagonal stripe,shoe-9,Gucci Loafers — Cognac Horsebit,Cognac Horsebit,,9.4,,null
baseline,S10,8,S10,,,DS033,Dark navy; Solid,T026,Ice-blue / silver monogram,shoe-3,Ecco Dress Shoes — Black Oxford/Derby,Black Oxford/Derby,,9.4,,null
baseline,S10,9,S10,,,DS033,Dark navy; Solid,T041,Silver / navy monogram,shoe-3,Ecco Dress Shoes — Black Oxford/Derby,Black Oxford/Derby,,9.4,,null
baseline,S10,10,S10,,,DS036,Chocolate brown; Solid,T015,Navy / fine diagonal stripe,shoe-9,Gucci Loafers — Cognac Horsebit,Cognac Horsebit,,9.4,,null
baseline,S10,11,S10,,,DS036,Chocolate brown; Solid,T020,Navy / burgundy-tan paisley,shoe-13,Hermes Loafers — Black Kelly Hardware,Black Kelly Hardware,,9.4,,null
baseline,S10,12,S10,,,DS037,Taupe/medium brown; Solid,T010,Near-black / white spaced dots,shoe-4,Christian Louboutin Dress Shoes — Dark Brown Derby Lace-up,Dark Brown Derby Lace-up,,9.4,,null
baseline,S10,13,S10,,,DS038,Medium-to-dark chocolate brown; Solid,T015,Navy / fine diagonal stripe,shoe-13,Hermes Loafers — Black Kelly Hardware,Black Kelly Hardware,,9.4,,null
baseline,S10,14,S10,,,DS038,Medium-to-dark chocolate brown; Solid,T024,Royal blue / beige-gold paisley,shoe-17,Louis Vuitton Loafers — Black Damier,Black Damier,,9.4,,null
baseline,S10,15,S10,,,DS039,Dark navy; Solid; smooth/lustrous surface,T026,Ice-blue / silver monogram,shoe-17,Louis Vuitton Loafers — Black Damier,Black Damier,,9.4,,null
updated,S10,1,S10,,,DS037,Taupe/medium brown; Solid,T029,Navy / silver ornamental medallions,shoe-1,Christian Louboutin Dress Shoes — Black Single Monk,Black Single Monk,,9.4,9.102841,"{""decision"":""best_preference_with_confirmed_history_rotation"",""redundancy"":0}"
updated,S10,2,S10,,,DS044,White; Micro-diamond/dot,T016,Burgundy-red / silver diagonal stripe,shoe-1,Christian Louboutin Dress Shoes — Black Single Monk,Black Single Monk,,9.2,9.079364,"{""decision"":""visual_variety_within_preference_band"",""redundancy"":0.027,""best_available_preference"":9.101926,""preference_band"":0.2}"
updated,S10,3,S10,,,DS029,Ice/silver-blue; Fine continuous herringbone,T006,Dark ground / blue-gold floral,shoe-2,Berluti Dress Shoes — Black Double Monk,Black Double Monk,,9.3,9.082419,"{""decision"":""visual_variety_within_preference_band"",""redundancy"":0.0525,""best_available_preference"":9.101926,""preference_band"":0.2}"
updated,S10,4,S10,,,DS035,Ivory/off-white; Solid,T036,Purple / grey ornamental medallions,shoe-2,Berluti Dress Shoes — Black Double Monk,Black Double Monk,,9.3,9.090442,"{""decision"":""visual_variety_within_preference_band"",""redundancy"":0.069,""best_available_preference"":9.101926,""preference_band"":0.2}"
updated,S10,5,S10,,,DS048,Navy; Bold houndstooth,NO_TIE,No Tie,shoe-13,Hermes Loafers — Black Kelly Hardware,Black Kelly Hardware,,9.3,9.038943,"{""decision"":""visual_variety_within_preference_band"",""redundancy"":0.027,""best_available_preference"":9.101926,""preference_band"":0.2}"
updated,S10,6,S10,,,DS019,Chestnut/warm mid-brown; Solid,T014,Dark ground / silver ring dots,shoe-3,Ecco Dress Shoes — Black Oxford/Derby,Black Oxford/Derby,,9.3,9.092476,"{""decision"":""visual_variety_within_preference_band"",""redundancy"":0.0804,""best_available_preference"":9.101926,""preference_band"":0.2}"
updated,S10,7,S10,,,DS010,Light grey/white; Fine houndstooth,T039,Navy / light-blue floral,shoe-3,Ecco Dress Shoes — Black Oxford/Derby,Black Oxford/Derby,,9.1,9.062732,"{""decision"":""visual_variety_within_preference_band"",""redundancy"":0.0585,""best_available_preference"":9.101926,""preference_band"":0.2}"
updated,S10,8,S10,,,DS008,White; Fine horizontal stripe,T040,Charcoal tonal geometric,shoe-4,Christian Louboutin Dress Shoes — Dark Brown Derby Lace-up,Dark Brown Derby Lace-up,,9.3,9.089132,"{""decision"":""visual_variety_within_preference_band"",""redundancy"":0.088714,""best_available_preference"":9.099301,""preference_band"":0.2}"
updated,S10,9,S10,,,DS022,Darker lavender; Solid,T016,Burgundy-red / silver diagonal stripe,shoe-4,Christian Louboutin Dress Shoes — Dark Brown Derby Lace-up,Dark Brown Derby Lace-up,,9.1,9.065454,"{""decision"":""visual_variety_within_preference_band"",""redundancy"":0.072375,""best_available_preference"":9.099301,""preference_band"":0.2}"
updated,S10,10,S10,,,DS023,Deep burgundy/oxblood; Solid color with micro-texture,T014,Dark ground / silver ring dots,shoe-49,"Berluti Dress Shoes — Alessandro Infini Alto Oxford, Venezia calf, brown patina, lug sole","Alessandro Infini Alto Oxford, brown Venezia calf patina, lug sole",,9.2,9.081358,"{""decision"":""visual_variety_within_preference_band"",""redundancy"":0.093,""best_available_preference"":9.099301,""preference_band"":0.2}"
updated,S10,11,S10,,,DS044,White; Micro-diamond/dot,T020,Navy / burgundy-tan paisley,shoe-49,"Berluti Dress Shoes — Alessandro Infini Alto Oxford, Venezia calf, brown patina, lug sole","Alessandro Infini Alto Oxford, brown Venezia calf patina, lug sole",,9.4,9.093508,"{""decision"":""visual_variety_within_preference_band"",""redundancy"":0.1041,""best_available_preference"":9.093508,""preference_band"":0.2}"
updated,S10,12,S10,,,DS027,White/light ground; Bengal stripe,T010,Near-black / white spaced dots,shoe-5,Ecco Dress Shoes — Brown Oxford/Derby,Brown Oxford/Derby,,9.3,9.087385,"{""decision"":""visual_variety_within_preference_band"",""redundancy"":0.101182,""best_available_preference"":9.090766,""preference_band"":0.2}"
updated,S10,13,S10,,,DS013,Cream; Tattersall/windowpane,T001,Taupe horsebit,shoe-5,Ecco Dress Shoes — Brown Oxford/Derby,Brown Oxford/Derby,,8.9,9.046406,"{""decision"":""visual_variety_within_preference_band"",""redundancy"":0.062,""best_available_preference"":9.090766,""preference_band"":0.2}"
updated,S10,14,S10,,,DS009,Sky blue; Solid,T033,Dark navy / blue-gold monogram,shoe-6,Allen Edmonds Dress Shoes — Brown Double Monk Strap,Brown Double Monk Strap,,9.3,9.081908,"{""decision"":""visual_variety_within_preference_band"",""redundancy"":0.106154,""best_available_preference"":9.090766,""preference_band"":0.2}"
updated,S10,15,S10,,,DS008,White; Fine horizontal stripe,T030,Aubergine tonal geometric,shoe-6,Allen Edmonds Dress Shoes — Brown Double Monk Strap,Brown Double Monk Strap,,9.3,9.082832,"{""decision"":""visual_variety_within_preference_band"",""redundancy"":0.108857,""best_available_preference"":9.090766,""preference_band"":0.2}"
baseline,S11,1,S11,,,DS034,Black; Solid,T013,Vivid red / small pale motifs,shoe-10,Gucci Loafers — Cognac & Dark Espresso Brown Two-Tone GG Embossed Horsebit,Cognac & Dark Espresso Brown Two-Tone GG Embossed Horsebit,,9.5,,null
baseline,S11,2,S11,,,DS034,Black; Solid,T016,Burgundy-red / silver diagonal stripe,shoe-10,Gucci Loafers — Cognac & Dark Espresso Brown Two-Tone GG Embossed Horsebit,Cognac & Dark Espresso Brown Two-Tone GG Embossed Horsebit,,9.5,,null
baseline,S11,3,S11,,,DS037,Taupe/medium brown; Solid,T043,Black / muted pale floral outline,shoe-14,"Hermes Loafers — Cognac/Chestnut Kelly Hardware, Dark Espresso Patina","Cognac/Chestnut Kelly Hardware, Dark Espresso Patina",,9.5,,null
baseline,S11,4,S11,,,DS019,Chestnut/warm mid-brown; Solid,T020,Navy / burgundy-tan paisley,shoe-0,Louis Vuitton Dress Shoes — Black Embossed Monogram Lace-up,Black Embossed Monogram Lace-up,,9.4,,null
baseline,S11,5,S11,,,DS019,Chestnut/warm mid-brown; Solid,T031,Navy / purple-white regimental stripe,shoe-0,Louis Vuitton Dress Shoes — Black Embossed Monogram Lace-up,Black Embossed Monogram Lace-up,,9.4,,null
baseline,S11,6,S11,,,DS032,Dark navy; Solid,T013,Vivid red / small pale motifs,shoe-14,"Hermes Loafers — Cognac/Chestnut Kelly Hardware, Dark Espresso Patina","Cognac/Chestnut Kelly Hardware, Dark Espresso Patina",,9.4,,null
baseline,S11,7,S11,,,DS032,Dark navy; Solid,T016,Burgundy-red / silver diagonal stripe,shoe-9,Gucci Loafers — Cognac Horsebit,Cognac Horsebit,,9.4,,null
baseline,S11,8,S11,,,DS033,Dark navy; Solid,T026,Ice-blue / silver monogram,shoe-3,Ecco Dress Shoes — Black Oxford/Derby,Black Oxford/Derby,,9.4,,null
baseline,S11,9,S11,,,DS033,Dark navy; Solid,T041,Silver / navy monogram,shoe-3,Ecco Dress Shoes — Black Oxford/Derby,Black Oxford/Derby,,9.4,,null
baseline,S11,10,S11,,,DS036,Chocolate brown; Solid,T015,Navy / fine diagonal stripe,shoe-9,Gucci Loafers — Cognac Horsebit,Cognac Horsebit,,9.4,,null
baseline,S11,11,S11,,,DS036,Chocolate brown; Solid,T020,Navy / burgundy-tan paisley,shoe-13,Hermes Loafers — Black Kelly Hardware,Black Kelly Hardware,,9.4,,null
baseline,S11,12,S11,,,DS037,Taupe/medium brown; Solid,T010,Near-black / white spaced dots,shoe-4,Christian Louboutin Dress Shoes — Dark Brown Derby Lace-up,Dark Brown Derby Lace-up,,9.4,,null
baseline,S11,13,S11,,,DS038,Medium-to-dark chocolate brown; Solid,T015,Navy / fine diagonal stripe,shoe-13,Hermes Loafers — Black Kelly Hardware,Black Kelly Hardware,,9.4,,null
baseline,S11,14,S11,,,DS038,Medium-to-dark chocolate brown; Solid,T024,Royal blue / beige-gold paisley,shoe-17,Louis Vuitton Loafers — Black Damier,Black Damier,,9.4,,null
baseline,S11,15,S11,,,DS039,Dark navy; Solid; smooth/lustrous surface,T026,Ice-blue / silver monogram,shoe-17,Louis Vuitton Loafers — Black Damier,Black Damier,,9.4,,null
updated,S11,1,S11,,,DS037,Taupe/medium brown; Solid,T029,Navy / silver ornamental medallions,shoe-1,Christian Louboutin Dress Shoes — Black Single Monk,Black Single Monk,,9.4,9.102841,"{""decision"":""best_preference_with_confirmed_history_rotation"",""redundancy"":0}"
updated,S11,2,S11,,,DS044,White; Micro-diamond/dot,T016,Burgundy-red / silver diagonal stripe,shoe-1,Christian Louboutin Dress Shoes — Black Single Monk,Black Single Monk,,9.2,9.079364,"{""decision"":""visual_variety_within_preference_band"",""redundancy"":0.027,""best_available_preference"":9.101926,""preference_band"":0.2}"
updated,S11,3,S11,,,DS029,Ice/silver-blue; Fine continuous herringbone,T006,Dark ground / blue-gold floral,shoe-2,Berluti Dress Shoes — Black Double Monk,Black Double Monk,,9.3,9.082419,"{""decision"":""visual_variety_within_preference_band"",""redundancy"":0.0525,""best_available_preference"":9.101926,""preference_band"":0.2}"
updated,S11,4,S11,,,DS035,Ivory/off-white; Solid,T036,Purple / grey ornamental medallions,shoe-2,Berluti Dress Shoes — Black Double Monk,Black Double Monk,,9.3,9.090442,"{""decision"":""visual_variety_within_preference_band"",""redundancy"":0.069,""best_available_preference"":9.101926,""preference_band"":0.2}"
updated,S11,5,S11,,,DS048,Navy; Bold houndstooth,NO_TIE,No Tie,shoe-13,Hermes Loafers — Black Kelly Hardware,Black Kelly Hardware,,9.3,9.038943,"{""decision"":""visual_variety_within_preference_band"",""redundancy"":0.027,""best_available_preference"":9.101926,""preference_band"":0.2}"
updated,S11,6,S11,,,DS019,Chestnut/warm mid-brown; Solid,T014,Dark ground / silver ring dots,shoe-3,Ecco Dress Shoes — Black Oxford/Derby,Black Oxford/Derby,,9.3,9.092476,"{""decision"":""visual_variety_within_preference_band"",""redundancy"":0.0804,""best_available_preference"":9.101926,""preference_band"":0.2}"
updated,S11,7,S11,,,DS010,Light grey/white; Fine houndstooth,T039,Navy / light-blue floral,shoe-3,Ecco Dress Shoes — Black Oxford/Derby,Black Oxford/Derby,,9.1,9.062732,"{""decision"":""visual_variety_within_preference_band"",""redundancy"":0.0585,""best_available_preference"":9.101926,""preference_band"":0.2}"
updated,S11,8,S11,,,DS008,White; Fine horizontal stripe,T040,Charcoal tonal geometric,shoe-4,Christian Louboutin Dress Shoes — Dark Brown Derby Lace-up,Dark Brown Derby Lace-up,,9.3,9.089132,"{""decision"":""visual_variety_within_preference_band"",""redundancy"":0.088714,""best_available_preference"":9.099301,""preference_band"":0.2}"
updated,S11,9,S11,,,DS022,Darker lavender; Solid,T016,Burgundy-red / silver diagonal stripe,shoe-4,Christian Louboutin Dress Shoes — Dark Brown Derby Lace-up,Dark Brown Derby Lace-up,,9.1,9.065454,"{""decision"":""visual_variety_within_preference_band"",""redundancy"":0.072375,""best_available_preference"":9.099301,""preference_band"":0.2}"
updated,S11,10,S11,,,DS023,Deep burgundy/oxblood; Solid color with micro-texture,T014,Dark ground / silver ring dots,shoe-49,"Berluti Dress Shoes — Alessandro Infini Alto Oxford, Venezia calf, brown patina, lug sole","Alessandro Infini Alto Oxford, brown Venezia calf patina, lug sole",,9.2,9.081358,"{""decision"":""visual_variety_within_preference_band"",""redundancy"":0.093,""best_available_preference"":9.099301,""preference_band"":0.2}"
updated,S11,11,S11,,,DS044,White; Micro-diamond/dot,T020,Navy / burgundy-tan paisley,shoe-49,"Berluti Dress Shoes — Alessandro Infini Alto Oxford, Venezia calf, brown patina, lug sole","Alessandro Infini Alto Oxford, brown Venezia calf patina, lug sole",,9.4,9.093508,"{""decision"":""visual_variety_within_preference_band"",""redundancy"":0.1041,""best_available_preference"":9.093508,""preference_band"":0.2}"
updated,S11,12,S11,,,DS027,White/light ground; Bengal stripe,T010,Near-black / white spaced dots,shoe-5,Ecco Dress Shoes — Brown Oxford/Derby,Brown Oxford/Derby,,9.3,9.087385,"{""decision"":""visual_variety_within_preference_band"",""redundancy"":0.101182,""best_available_preference"":9.090766,""preference_band"":0.2}"
updated,S11,13,S11,,,DS013,Cream; Tattersall/windowpane,T001,Taupe horsebit,shoe-5,Ecco Dress Shoes — Brown Oxford/Derby,Brown Oxford/Derby,,8.9,9.046406,"{""decision"":""visual_variety_within_preference_band"",""redundancy"":0.062,""best_available_preference"":9.090766,""preference_band"":0.2}"
updated,S11,14,S11,,,DS009,Sky blue; Solid,T033,Dark navy / blue-gold monogram,shoe-6,Allen Edmonds Dress Shoes — Brown Double Monk Strap,Brown Double Monk Strap,,9.3,9.081908,"{""decision"":""visual_variety_within_preference_band"",""redundancy"":0.106154,""best_available_preference"":9.090766,""preference_band"":0.2}"
updated,S11,15,S11,,,DS008,White; Fine horizontal stripe,T030,Aubergine tonal geometric,shoe-6,Allen Edmonds Dress Shoes — Brown Double Monk Strap,Brown Double Monk Strap,,9.3,9.082832,"{""decision"":""visual_variety_within_preference_band"",""redundancy"":0.108857,""best_available_preference"":9.090766,""preference_band"":0.2}"
baseline,S12,1,S12,,,DS016,Tan/beige; Visually near-solid; Prince of Wales metadata retained,NO_TIE,No Tie,shoe-13,Hermes Loafers — Black Kelly Hardware,Black Kelly Hardware,,9.5,,null
baseline,S12,2,S12,,,DS022,Darker lavender; Solid,T044,Silver-grey tonal floral-paisley,shoe-13,Hermes Loafers — Black Kelly Hardware,Black Kelly Hardware,,9.5,,null
baseline,S12,3,S12,,,DS024,Pale pink; Solid,NO_TIE,No Tie,shoe-17,Louis Vuitton Loafers — Black Damier,Black Damier,,9.5,,null
baseline,S12,4,S12,,,DS024,Pale pink; Solid,T030,Aubergine tonal geometric,shoe-17,Louis Vuitton Loafers — Black Damier,Black Damier,,9.5,,null
baseline,S12,5,S12,,,DS025,Light pink; Solid,T030,Aubergine tonal geometric,shoe-19,Louis Vuitton Loafers — Black Monogram,Black Monogram,,9.5,,null
baseline,S12,6,S12,,,DS029,Ice/silver-blue; Fine continuous herringbone,T044,Silver-grey tonal floral-paisley,shoe-19,Louis Vuitton Loafers — Black Monogram,Black Monogram,,9.5,,null
baseline,S12,7,S12,,,DS036,Chocolate brown; Solid,T045,Pale pink / blue micro-dot,shoe-8,Gucci Loafers — Black Horsebit,Black Horsebit,,9.5,,null
baseline,S12,8,S12,,,DS037,Taupe/medium brown; Solid,T045,Pale pink / blue micro-dot,shoe-8,Gucci Loafers — Black Horsebit,Black Horsebit,,9.5,,null
baseline,S12,9,S12,,,DS022,Darker lavender; Solid,T004,Burnt-orange near-solid geometric,shoe-10,Gucci Loafers — Cognac & Dark Espresso Brown Two-Tone GG Embossed Horsebit,Cognac & Dark Espresso Brown Two-Tone GG Embossed Horsebit,,9.4,,null
baseline,S12,10,S12,,,DS025,Light pink; Solid,T022,Deep navy tonal honeycomb,shoe-0,Louis Vuitton Dress Shoes — Black Embossed Monogram Lace-up,Black Embossed Monogram Lace-up,,9.4,,null
baseline,S12,11,S12,,,DS028,Very pale blue; Birdseye/micro-check,T028,Midnight-navy tonal paisley,shoe-0,Louis Vuitton Dress Shoes — Black Embossed Monogram Lace-up,Black Embossed Monogram Lace-up,,9.4,,null
baseline,S12,12,S12,,,DS029,Ice/silver-blue; Fine continuous herringbone,T028,Midnight-navy tonal paisley,shoe-3,Ecco Dress Shoes — Black Oxford/Derby,Black Oxford/Derby,,9.4,,null
baseline,S12,13,S12,,,DS035,Ivory/off-white; Solid,T022,Deep navy tonal honeycomb,shoe-3,Ecco Dress Shoes — Black Oxford/Derby,Black Oxford/Derby,,9.4,,null
baseline,S12,14,S12,,,DS035,Ivory/off-white; Solid,T047,Pistachio / blue micro-geometric,shoe-1,Christian Louboutin Dress Shoes — Black Single Monk,Black Single Monk,,9.4,,null
baseline,S12,15,S12,,,DS036,Chocolate brown; Solid,T041,Silver / navy monogram,shoe-1,Christian Louboutin Dress Shoes — Black Single Monk,Black Single Monk,,9.4,,null
updated,S12,1,S12,,,DS029,Ice/silver-blue; Fine continuous herringbone,T044,Silver-grey tonal floral-paisley,shoe-1,Christian Louboutin Dress Shoes — Black Single Monk,Black Single Monk,,9.5,9.103863,"{""decision"":""best_preference_with_confirmed_history_rotation"",""redundancy"":0}"
updated,S12,2,S12,,,DS044,White; Micro-diamond/dot,T028,Midnight-navy tonal paisley,shoe-1,Christian Louboutin Dress Shoes — Black Single Monk,Black Single Monk,,9.4,9.097444,"{""decision"":""visual_variety_within_preference_band"",""redundancy"":0.045,""best_available_preference"":9.102844,""preference_band"":0.2}"
updated,S12,3,S12,,,DS030,Light silver-grey; Fine continuous herringbone,T030,Aubergine tonal geometric,shoe-2,Berluti Dress Shoes — Black Double Monk,Black Double Monk,,9.4,9.095981,"{""decision"":""visual_variety_within_preference_band"",""redundancy"":0.0705,""best_available_preference"":9.102844,""preference_band"":0.2}"
updated,S12,4,S12,,,DS016,Tan/beige; Visually near-solid; Prince of Wales metadata retained,NO_TIE,No Tie,shoe-13,Hermes Loafers — Black Kelly Hardware,Black Kelly Hardware,,9.5,9.057416,"{""decision"":""visual_variety_within_preference_band"",""redundancy"":0.051,""best_available_preference"":9.102844,""preference_band"":0.2}"
updated,S12,5,S12,,,DS020,White; Pencil stripe,T045,Pale pink / blue micro-dot,shoe-2,Berluti Dress Shoes — Black Double Monk,Black Double Monk,,9.3,9.086155,"{""decision"":""visual_variety_within_preference_band"",""redundancy"":0.084,""best_available_preference"":9.102844,""preference_band"":0.2}"
updated,S12,6,S12,,,DS025,Light pink; Solid,T041,Silver / navy monogram,shoe-3,Ecco Dress Shoes — Black Oxford/Derby,Black Oxford/Derby,,9.3,9.093557,"{""decision"":""visual_variety_within_preference_band"",""redundancy"":0.096,""best_available_preference"":9.102844,""preference_band"":0.2}"
updated,S12,7,S12,,,DS035,Ivory/off-white; Solid,T044,Silver-grey tonal floral-paisley,shoe-3,Ecco Dress Shoes — Black Oxford/Derby,Black Oxford/Derby,,9.4,9.101838,"{""decision"":""visual_variety_within_preference_band"",""redundancy"":0.109,""best_available_preference"":9.102844,""preference_band"":0.2}"
updated,S12,8,S12,,,DS022,Darker lavender; Solid,T032,Purple / navy-white diagonal stripe,shoe-4,Christian Louboutin Dress Shoes — Dark Brown Derby Lace-up,Dark Brown Derby Lace-up,,9,9.064071,"{""decision"":""visual_variety_within_preference_band"",""redundancy"":0.078,""best_available_preference"":9.097631,""preference_band"":0.2}"
updated,S12,9,S12,,,DS030,Light silver-grey; Fine continuous herringbone,T013,Vivid red / small pale motifs,shoe-4,Christian Louboutin Dress Shoes — Dark Brown Derby Lace-up,Dark Brown Derby Lace-up,,9.3,9.088454,"{""decision"":""visual_variety_within_preference_band"",""redundancy"":0.10725,""best_available_preference"":9.097631,""preference_band"":0.2}"
updated,S12,10,S12,,,DS044,White; Micro-diamond/dot,NO_TIE,No Tie,shoe-13,Hermes Loafers — Black Kelly Hardware,Black Kelly Hardware,,9.4,9.08418,"{""decision"":""visual_variety_within_preference_band"",""redundancy"":0.104667,""best_available_preference"":9.088188,""preference_band"":0.2}"
updated,S12,11,S12,,,DS037,Taupe/medium brown; Solid,T028,Midnight-navy tonal paisley,shoe-49,"Berluti Dress Shoes — Alessandro Infini Alto Oxford, Venezia calf, brown patina, lug sole","Alessandro Infini Alto Oxford, brown Venezia calf patina, lug sole",,9.3,9.053857,"{""decision"":""visual_variety_within_preference_band"",""redundancy"":0.0735,""best_available_preference"":9.088188,""preference_band"":0.2}"
updated,S12,12,S12,,,DS019,Chestnut/warm mid-brown; Solid,T040,Charcoal tonal geometric,shoe-49,"Berluti Dress Shoes — Alessandro Infini Alto Oxford, Venezia calf, brown patina, lug sole","Alessandro Infini Alto Oxford, brown Venezia calf patina, lug sole",,9.2,9.037432,"{""decision"":""visual_variety_within_preference_band"",""redundancy"":0.066273,""best_available_preference"":9.088188,""preference_band"":0.2}"
updated,S12,13,S12,,,DS006,Light blue; Solid,T033,Dark navy / blue-gold monogram,shoe-5,Ecco Dress Shoes — Brown Oxford/Derby,Brown Oxford/Derby,,9.2,9.079638,"{""decision"":""visual_variety_within_preference_band"",""redundancy"":0.10925,""best_available_preference"":9.088188,""preference_band"":0.2}"
updated,S12,14,S12,,,DS017,Cream/stone; Solid,T041,Silver / navy monogram,shoe-5,Ecco Dress Shoes — Brown Oxford/Derby,Brown Oxford/Derby,,9.2,9.078738,"{""decision"":""visual_variety_within_preference_band"",""redundancy"":0.109154,""best_available_preference"":9.088188,""preference_band"":0.2}"
updated,S12,15,S12,,,DS014,White; Solid,T010,Near-black / white spaced dots,shoe-6,Allen Edmonds Dress Shoes — Brown Double Monk Strap,Brown Double Monk Strap,,9.1,9.072005,"{""decision"":""visual_variety_within_preference_band"",""redundancy"":0.1035,""best_available_preference"":9.079638,""preference_band"":0.2}"
baseline,S13,1,S13,,,DS026,Pink; Gingham,NO_TIE,No Tie,shoe-0,Louis Vuitton Dress Shoes — Black Embossed Monogram Lace-up,Black Embossed Monogram Lace-up,,9.6,,null
baseline,S13,2,S13,,,DS034,Black; Solid,T038,Fuchsia / pale-blue floral,shoe-0,Louis Vuitton Dress Shoes — Black Embossed Monogram Lace-up,Black Embossed Monogram Lace-up,,9.6,,null
baseline,S13,3,S13,,,DS018,Mauve/rose; Prince of Wales/glen check,NO_TIE,No Tie,shoe-3,Ecco Dress Shoes — Black Oxford/Derby,Black Oxford/Derby,,9.5,,null
baseline,S13,4,S13,,,DS024,Pale pink; Solid,T043,Black / muted pale floral outline,shoe-3,Ecco Dress Shoes — Black Oxford/Derby,Black Oxford/Derby,,9.5,,null
baseline,S13,5,S13,,,DS025,Light pink; Solid,T006,Dark ground / blue-gold floral,shoe-4,Christian Louboutin Dress Shoes — Dark Brown Derby Lace-up,Dark Brown Derby Lace-up,,9.5,,null
baseline,S13,6,S13,,,DS025,Light pink; Solid,T042,Black / purple dots,shoe-13,Hermes Loafers — Black Kelly Hardware,Black Kelly Hardware,,9.5,,null
baseline,S13,7,S13,,,DS028,Very pale blue; Birdseye/micro-check,T006,Dark ground / blue-gold floral,shoe-4,Christian Louboutin Dress Shoes — Dark Brown Derby Lace-up,Dark Brown Derby Lace-up,,9.5,,null
baseline,S13,8,S13,,,DS028,Very pale blue; Birdseye/micro-check,T043,Black / muted pale floral outline,shoe-13,Hermes Loafers — Black Kelly Hardware,Black Kelly Hardware,,9.5,,null
baseline,S13,9,S13,,,DS029,Ice/silver-blue; Fine continuous herringbone,T010,Near-black / white spaced dots,shoe-17,Louis Vuitton Loafers — Black Damier,Black Damier,,9.5,,null
baseline,S13,10,S13,,,DS029,Ice/silver-blue; Fine continuous herringbone,T014,Dark ground / silver ring dots,shoe-17,Louis Vuitton Loafers — Black Damier,Black Damier,,9.5,,null
baseline,S13,11,S13,,,DS034,Black; Solid,T008,Gold / blue large geometric,shoe-49,"Berluti Dress Shoes — Alessandro Infini Alto Oxford, Venezia calf, brown patina, lug sole","Alessandro Infini Alto Oxford, brown Venezia calf patina, lug sole",,9.5,,null
baseline,S13,12,S13,,,DS035,Ivory/off-white; Solid,T010,Near-black / white spaced dots,shoe-19,Louis Vuitton Loafers — Black Monogram,Black Monogram,,9.5,,null
baseline,S13,13,S13,,,DS035,Ivory/off-white; Solid,T012,Black tonal lattice,shoe-19,Louis Vuitton Loafers — Black Monogram,Black Monogram,,9.5,,null
baseline,S13,14,S13,,,DS012,Black; Solid,T017,Pale blue / white paisley,shoe-8,Gucci Loafers — Black Horsebit,Black Horsebit,,9.4,,null
baseline,S13,15,S13,,,DS012,Black; Solid,T019,Pearl silver tonal lattice,shoe-8,Gucci Loafers — Black Horsebit,Black Horsebit,,9.4,,null
updated,S13,1,S13,,,DS029,Ice/silver-blue; Fine continuous herringbone,T006,Dark ground / blue-gold floral,shoe-1,Christian Louboutin Dress Shoes — Black Single Monk,Black Single Monk,,9.5,9.110565,"{""decision"":""best_preference_with_confirmed_history_rotation"",""redundancy"":0}"
updated,S13,2,S13,,,DS026,Pink; Gingham,NO_TIE,No Tie,shoe-13,Hermes Loafers — Black Kelly Hardware,Black Kelly Hardware,,9.6,9.102653,"{""decision"":""visual_variety_within_preference_band"",""redundancy"":0.045,""best_available_preference"":9.108546,""preference_band"":0.2}"
updated,S13,3,S13,,,DS020,White; Pencil stripe,T037,Dusty rose / blue medallions,shoe-1,Christian Louboutin Dress Shoes — Black Single Monk,Black Single Monk,,9.4,9.099869,"{""decision"":""visual_variety_within_preference_band"",""redundancy"":0.045,""best_available_preference"":9.108546,""preference_band"":0.2}"
updated,S13,4,S13,,,DS022,Darker lavender; Solid,T035,Navy / blue monogram,shoe-2,Berluti Dress Shoes — Black Double Monk,Black Double Monk,,9.2,9.082718,"{""decision"":""visual_variety_within_preference_band"",""redundancy"":0.048,""best_available_preference"":9.108546,""preference_band"":0.2}"
updated,S13,5,S13,,,DS035,Ivory/off-white; Solid,T009,Gold / blue medallion mosaic,shoe-2,Berluti Dress Shoes — Black Double Monk,Black Double Monk,,9.3,9.090129,"{""decision"":""visual_variety_within_preference_band"",""redundancy"":0.0675,""best_available_preference"":9.108546,""preference_band"":0.2}"
updated,S13,6,S13,,,DS010,Light grey/white; Fine houndstooth,T039,Navy / light-blue floral,shoe-3,Ecco Dress Shoes — Black Oxford/Derby,Black Oxford/Derby,,9.3,9.087325,"{""decision"":""visual_variety_within_preference_band"",""redundancy"":0.0672,""best_available_preference"":9.108546,""preference_band"":0.2}"
updated,S13,7,S13,,,DS031,Lavender; Windowpane over micro-check,T010,Near-black / white spaced dots,shoe-3,Ecco Dress Shoes — Black Oxford/Derby,Black Oxford/Derby,,9.4,9.097272,"{""decision"":""visual_variety_within_preference_band"",""redundancy"":0.078,""best_available_preference"":9.108546,""preference_band"":0.2}"
updated,S13,8,S13,,,DS018,Mauve/rose; Prince of Wales/glen check,T023,Burgundy / blue paisley,shoe-4,Christian Louboutin Dress Shoes — Dark Brown Derby Lace-up,Dark Brown Derby Lace-up,,9.2,9.080626,"{""decision"":""visual_variety_within_preference_band"",""redundancy"":0.063429,""best_available_preference"":9.105921,""preference_band"":0.2}"
updated,S13,9,S13,,,DS017,Cream/stone; Solid,T002,Tobacco / blue medallion grid,shoe-4,Christian Louboutin Dress Shoes — Dark Brown Derby Lace-up,Dark Brown Derby Lace-up,,9.2,9.076197,"{""decision"":""visual_variety_within_preference_band"",""redundancy"":0.066,""best_available_preference"":9.105921,""preference_band"":0.2}"
updated,S13,10,S13,,,DS024,Pale pink; Solid,T039,Navy / light-blue floral,shoe-49,"Berluti Dress Shoes — Alessandro Infini Alto Oxford, Venezia calf, brown patina, lug sole","Alessandro Infini Alto Oxford, brown Venezia calf patina, lug sole",,9.4,9.099585,"{""decision"":""visual_variety_within_preference_band"",""redundancy"":0.091333,""best_available_preference"":9.105921,""preference_band"":0.2}"
updated,S13,11,S13,,,DS044,White; Micro-diamond/dot,T006,Dark ground / blue-gold floral,shoe-49,"Berluti Dress Shoes — Alessandro Infini Alto Oxford, Venezia calf, brown patina, lug sole","Alessandro Infini Alto Oxford, brown Venezia calf patina, lug sole",,9.4,9.093321,"{""decision"":""visual_variety_within_preference_band"",""redundancy"":0.0864,""best_available_preference"":9.105921,""preference_band"":0.2}"
updated,S13,12,S13,,,DS030,Light silver-grey; Fine continuous herringbone,T014,Dark ground / silver ring dots,shoe-5,Ecco Dress Shoes — Brown Oxford/Derby,Brown Oxford/Derby,,9.4,9.10032,"{""decision"":""visual_variety_within_preference_band"",""redundancy"":0.097364,""best_available_preference"":9.105217,""preference_band"":0.2}"
updated,S13,13,S13,,,DS013,Cream; Tattersall/windowpane,T043,Black / muted pale floral outline,shoe-5,Ecco Dress Shoes — Brown Oxford/Derby,Brown Oxford/Derby,,9.4,9.092794,"{""decision"":""visual_variety_within_preference_band"",""redundancy"":0.09625,""best_available_preference"":9.105217,""preference_band"":0.2}"
updated,S13,14,S13,,,DS014,White; Solid,T033,Dark navy / blue-gold monogram,shoe-6,Allen Edmonds Dress Shoes — Brown Double Monk Strap,Brown Double Monk Strap,,9.3,9.090822,"{""decision"":""visual_variety_within_preference_band"",""redundancy"":0.096923,""best_available_preference"":9.105217,""preference_band"":0.2}"
updated,S13,15,S13,,,DS035,Ivory/off-white; Solid,T038,Fuchsia / pale-blue floral,shoe-6,Allen Edmonds Dress Shoes — Brown Double Monk Strap,Brown Double Monk Strap,,9.5,9.101116,"{""decision"":""visual_variety_within_preference_band"",""redundancy"":0.108,""best_available_preference"":9.105217,""preference_band"":0.2}"
baseline,S14,1,S14,,,DS034,Black; Solid,T045,Pale pink / blue micro-dot,shoe-13,Hermes Loafers — Black Kelly Hardware,Black Kelly Hardware,,9.6,,null
baseline,S14,2,S14,,,DS016,Tan/beige; Visually near-solid; Prince of Wales metadata retained,NO_TIE,No Tie,shoe-13,Hermes Loafers — Black Kelly Hardware,Black Kelly Hardware,,9.5,,null
baseline,S14,3,S14,,,DS022,Darker lavender; Solid,T044,Silver-grey tonal floral-paisley,shoe-17,Louis Vuitton Loafers — Black Damier,Black Damier,,9.5,,null
baseline,S14,4,S14,,,DS022,Darker lavender; Solid,T045,Pale pink / blue micro-dot,shoe-17,Louis Vuitton Loafers — Black Damier,Black Damier,,9.5,,null
baseline,S14,5,S14,,,DS024,Pale pink; Solid,NO_TIE,No Tie,shoe-19,Louis Vuitton Loafers — Black Monogram,Black Monogram,,9.5,,null
baseline,S14,6,S14,,,DS034,Black; Solid,T044,Silver-grey tonal floral-paisley,shoe-19,Louis Vuitton Loafers — Black Monogram,Black Monogram,,9.5,,null
baseline,S14,7,S14,,,DS024,Pale pink; Solid,T022,Deep navy tonal honeycomb,shoe-8,Gucci Loafers — Black Horsebit,Black Horsebit,,9.4,,null
baseline,S14,8,S14,,,DS025,Light pink; Solid,T022,Deep navy tonal honeycomb,shoe-8,Gucci Loafers — Black Horsebit,Black Horsebit,,9.4,,null
baseline,S14,9,S14,,,DS025,Light pink; Solid,T028,Midnight-navy tonal paisley,shoe-0,Louis Vuitton Dress Shoes — Black Embossed Monogram Lace-up,Black Embossed Monogram Lace-up,,9.4,,null
baseline,S14,10,S14,,,DS028,Very pale blue; Birdseye/micro-check,T028,Midnight-navy tonal paisley,shoe-0,Louis Vuitton Dress Shoes — Black Embossed Monogram Lace-up,Black Embossed Monogram Lace-up,,9.4,,null
baseline,S14,11,S14,,,DS029,Ice/silver-blue; Fine continuous herringbone,T010,Near-black / white spaced dots,shoe-3,Ecco Dress Shoes — Black Oxford/Derby,Black Oxford/Derby,,9.4,,null
baseline,S14,12,S14,,,DS030,Light silver-grey; Fine continuous herringbone,T010,Near-black / white spaced dots,shoe-3,Ecco Dress Shoes — Black Oxford/Derby,Black Oxford/Derby,,9.4,,null
baseline,S14,13,S14,,,DS035,Ivory/off-white; Solid,T047,Pistachio / blue micro-geometric,shoe-1,Christian Louboutin Dress Shoes — Black Single Monk,Black Single Monk,,9.4,,null
baseline,S14,14,S14,,,DS006,Light blue; Solid,T004,Burnt-orange near-solid geometric,shoe-10,Gucci Loafers — Cognac & Dark Espresso Brown Two-Tone GG Embossed Horsebit,Cognac & Dark Espresso Brown Two-Tone GG Embossed Horsebit,,9.3,,null
baseline,S14,15,S14,,,DS006,Light blue; Solid,T033,Dark navy / blue-gold monogram,shoe-1,Christian Louboutin Dress Shoes — Black Single Monk,Black Single Monk,,9.3,,null
updated,S14,1,S14,,,DS028,Very pale blue; Birdseye/micro-check,T028,Midnight-navy tonal paisley,shoe-1,Christian Louboutin Dress Shoes — Black Single Monk,Black Single Monk,,9.4,9.101944,"{""decision"":""best_preference_with_confirmed_history_rotation"",""redundancy"":0}"
updated,S14,2,S14,,,DS044,White; Micro-diamond/dot,T044,Silver-grey tonal floral-paisley,shoe-1,Christian Louboutin Dress Shoes — Black Single Monk,Black Single Monk,,9.4,9.0943,"{""decision"":""visual_variety_within_preference_band"",""redundancy"":0.045,""best_available_preference"":9.101944,""preference_band"":0.2}"
updated,S14,3,S14,,,DS035,Ivory/off-white; Solid,T047,Pistachio / blue micro-geometric,shoe-2,Berluti Dress Shoes — Black Double Monk,Black Double Monk,,9.4,9.100206,"{""decision"":""visual_variety_within_preference_band"",""redundancy"":0.0675,""best_available_preference"":9.101944,""preference_band"":0.2}"
updated,S14,4,S14,,,DS030,Light silver-grey; Fine continuous herringbone,T043,Black / muted pale floral outline,shoe-2,Berluti Dress Shoes — Black Double Monk,Black Double Monk,,9.3,9.086194,"{""decision"":""visual_variety_within_preference_band"",""redundancy"":0.071,""best_available_preference"":9.101944,""preference_band"":0.2}"
updated,S14,5,S14,,,DS016,Tan/beige; Visually near-solid; Prince of Wales metadata retained,NO_TIE,No Tie,shoe-13,Hermes Loafers — Black Kelly Hardware,Black Kelly Hardware,,9.5,9.057416,"{""decision"":""visual_variety_within_preference_band"",""redundancy"":0.05175,""best_available_preference"":9.101944,""preference_band"":0.2}"
updated,S14,6,S14,,,DS020,White; Pencil stripe,T045,Pale pink / blue micro-dot,shoe-3,Ecco Dress Shoes — Black Oxford/Derby,Black Oxford/Derby,,9.3,9.090205,"{""decision"":""visual_variety_within_preference_band"",""redundancy"":0.0846,""best_available_preference"":9.101944,""preference_band"":0.2}"
updated,S14,7,S14,,,DS025,Light pink; Solid,T044,Silver-grey tonal floral-paisley,shoe-3,Ecco Dress Shoes — Black Oxford/Derby,Black Oxford/Derby,,9.4,9.097044,"{""decision"":""visual_variety_within_preference_band"",""redundancy"":0.09,""best_available_preference"":9.101944,""preference_band"":0.2}"
updated,S14,8,S14,,,DS022,Darker lavender; Solid,T023,Burgundy / blue paisley,shoe-4,Christian Louboutin Dress Shoes — Dark Brown Derby Lace-up,Dark Brown Derby Lace-up,,9,9.06413,"{""decision"":""visual_variety_within_preference_band"",""redundancy"":0.066857,""best_available_preference"":9.099319,""preference_band"":0.2}"
updated,S14,9,S14,,,DS030,Light silver-grey; Fine continuous herringbone,T028,Midnight-navy tonal paisley,shoe-4,Christian Louboutin Dress Shoes — Dark Brown Derby Lace-up,Dark Brown Derby Lace-up,,9.4,9.097631,"{""decision"":""visual_variety_within_preference_band"",""redundancy"":0.10875,""best_available_preference"":9.099319,""preference_band"":0.2}"
updated,S14,10,S14,,,DS029,Ice/silver-blue; Fine continuous herringbone,T010,Near-black / white spaced dots,shoe-49,"Berluti Dress Shoes — Alessandro Infini Alto Oxford, Venezia calf, brown patina, lug sole","Alessandro Infini Alto Oxford, brown Venezia calf patina, lug sole",,9.4,9.093185,"{""decision"":""visual_variety_within_preference_band"",""redundancy"":0.109333,""best_available_preference"":9.093576,""preference_band"":0.2}"
updated,S14,11,S14,,,DS024,Pale pink; Solid,T033,Dark navy / blue-gold monogram,shoe-49,"Berluti Dress Shoes — Alessandro Infini Alto Oxford, Venezia calf, brown patina, lug sole","Alessandro Infini Alto Oxford, brown Venezia calf patina, lug sole",,9.4,9.093576,"{""decision"":""visual_variety_within_preference_band"",""redundancy"":0.1104,""best_available_preference"":9.093576,""preference_band"":0.2}"
updated,S14,12,S14,,,DS035,Ivory/off-white; Solid,T033,Dark navy / blue-gold monogram,shoe-5,Ecco Dress Shoes — Brown Oxford/Derby,Brown Oxford/Derby,,9.3,9.091113,"{""decision"":""visual_variety_within_preference_band"",""redundancy"":0.111818,""best_available_preference"":9.093576,""preference_band"":0.2}"
updated,S14,13,S14,,,DS017,Cream/stone; Solid,T041,Silver / navy monogram,shoe-5,Ecco Dress Shoes — Brown Oxford/Derby,Brown Oxford/Derby,,9.1,9.072663,"{""decision"":""visual_variety_within_preference_band"",""redundancy"":0.0975,""best_available_preference"":9.093576,""preference_band"":0.2}"
updated,S14,14,S14,,,DS014,White; Solid,T010,Near-black / white spaced dots,shoe-6,Allen Edmonds Dress Shoes — Brown Double Monk Strap,Brown Double Monk Strap,,9.3,9.086216,"{""decision"":""visual_variety_within_preference_band"",""redundancy"":0.111692,""best_available_preference"":9.093576,""preference_band"":0.2}"
updated,S14,15,S14,,,DS006,Light blue; Solid,NO_TIE,No Tie,shoe-13,Hermes Loafers — Black Kelly Hardware,Black Kelly Hardware,,9.4,9.08418,"{""decision"":""visual_variety_within_preference_band"",""redundancy"":0.109714,""best_available_preference"":9.093576,""preference_band"":0.2}"
baseline,S15,1,S15,,,DS016,Tan/beige; Visually near-solid; Prince of Wales metadata retained,NO_TIE,No Tie,shoe-0,Louis Vuitton Dress Shoes — Black Embossed Monogram Lace-up,Black Embossed Monogram Lace-up,,9.5,,null
baseline,S15,2,S15,,,DS022,Darker lavender; Solid,T044,Silver-grey tonal floral-paisley,shoe-0,Louis Vuitton Dress Shoes — Black Embossed Monogram Lace-up,Black Embossed Monogram Lace-up,,9.5,,null
baseline,S15,3,S15,,,DS024,Pale pink; Solid,NO_TIE,No Tie,shoe-3,Ecco Dress Shoes — Black Oxford/Derby,Black Oxford/Derby,,9.5,,null
baseline,S15,4,S15,,,DS022,Darker lavender; Solid,T004,Burnt-orange near-solid geometric,shoe-4,Christian Louboutin Dress Shoes — Dark Brown Derby Lace-up,Dark Brown Derby Lace-up,,9.4,,null
baseline,S15,5,S15,,,DS024,Pale pink; Solid,T024,Royal blue / beige-gold paisley,shoe-3,Ecco Dress Shoes — Black Oxford/Derby,Black Oxford/Derby,,9.4,,null
baseline,S15,6,S15,,,DS025,Light pink; Solid,T022,Deep navy tonal honeycomb,shoe-13,Hermes Loafers — Black Kelly Hardware,Black Kelly Hardware,,9.4,,null
baseline,S15,7,S15,,,DS025,Light pink; Solid,T024,Royal blue / beige-gold paisley,shoe-13,Hermes Loafers — Black Kelly Hardware,Black Kelly Hardware,,9.4,,null
baseline,S15,8,S15,,,DS028,Very pale blue; Birdseye/micro-check,T044,Silver-grey tonal floral-paisley,shoe-17,Louis Vuitton Loafers — Black Damier,Black Damier,,9.4,,null
baseline,S15,9,S15,,,DS034,Black; Solid,T045,Pale pink / blue micro-dot,shoe-17,Louis Vuitton Loafers — Black Damier,Black Damier,,9.4,,null
baseline,S15,10,S15,,,DS035,Ivory/off-white; Solid,T030,Aubergine tonal geometric,shoe-19,Louis Vuitton Loafers — Black Monogram,Black Monogram,,9.4,,null
baseline,S15,11,S15,,,DS035,Ivory/off-white; Solid,T045,Pale pink / blue micro-dot,shoe-19,Louis Vuitton Loafers — Black Monogram,Black Monogram,,9.4,,null
baseline,S15,12,S15,,,DS005,Cream/off-white; Visually near-solid; subtle windowpane metadata retained,T004,Burnt-orange near-solid geometric,shoe-4,Christian Louboutin Dress Shoes — Dark Brown Derby Lace-up,Dark Brown Derby Lace-up,,9.3,,null
baseline,S15,13,S15,,,DS005,Cream/off-white; Visually near-solid; subtle windowpane metadata retained,T030,Aubergine tonal geometric,shoe-8,Gucci Loafers — Black Horsebit,Black Horsebit,,9.3,,null
baseline,S15,14,S15,,,DS009,Sky blue; Solid,T047,Pistachio / blue micro-geometric,shoe-8,Gucci Loafers — Black Horsebit,Black Horsebit,,9.3,,null
baseline,S15,15,S15,,,DS014,White; Solid,T028,Midnight-navy tonal paisley,shoe-1,Christian Louboutin Dress Shoes — Black Single Monk,Black Single Monk,,9.3,,null
updated,S15,1,S15,,,DS044,White; Micro-diamond/dot,T044,Silver-grey tonal floral-paisley,shoe-1,Christian Louboutin Dress Shoes — Black Single Monk,Black Single Monk,,9.4,9.098794,"{""decision"":""best_preference_with_confirmed_history_rotation"",""redundancy"":0}"
updated,S15,2,S15,,,DS022,Darker lavender; Solid,T016,Burgundy-red / silver diagonal stripe,shoe-1,Christian Louboutin Dress Shoes — Black Single Monk,Black Single Monk,,9.2,9.081416,"{""decision"":""visual_variety_within_preference_band"",""redundancy"":0.027,""best_available_preference"":9.096609,""preference_band"":0.2}"
updated,S15,3,S15,,,DS029,Ice/silver-blue; Fine continuous herringbone,T024,Royal blue / beige-gold paisley,shoe-2,Berluti Dress Shoes — Black Double Monk,Black Double Monk,,9.4,9.096609,"{""decision"":""visual_variety_within_preference_band"",""redundancy"":0.0615,""best_available_preference"":9.096609,""preference_band"":0.2}"
updated,S15,4,S15,,,DS030,Light silver-grey; Fine continuous herringbone,T014,Dark ground / silver ring dots,shoe-2,Berluti Dress Shoes — Black Double Monk,Black Double Monk,,9.2,9.084885,"{""decision"":""visual_variety_within_preference_band"",""redundancy"":0.067,""best_available_preference"":9.095591,""preference_band"":0.2}"
updated,S15,5,S15,,,DS031,Lavender; Windowpane over micro-check,T024,Royal blue / beige-gold paisley,shoe-3,Ecco Dress Shoes — Black Oxford/Derby,Black Oxford/Derby,,9.3,9.086837,"{""decision"":""visual_variety_within_preference_band"",""redundancy"":0.09,""best_available_preference"":9.095591,""preference_band"":0.2}"
updated,S15,6,S15,,,DS025,Light pink; Solid,T030,Aubergine tonal geometric,shoe-3,Ecco Dress Shoes — Black Oxford/Derby,Black Oxford/Derby,,9.4,9.063689,"{""decision"":""visual_variety_within_preference_band"",""redundancy"":0.0672,""best_available_preference"":9.091319,""preference_band"":0.2}"
updated,S15,7,S15,,,DS016,Tan/beige; Visually near-solid; Prince of Wales metadata retained,NO_TIE,No Tie,shoe-13,Hermes Loafers — Black Kelly Hardware,Black Kelly Hardware,,9.5,9.057416,"{""decision"":""visual_variety_within_preference_band"",""redundancy"":0.064,""best_available_preference"":9.088694,""preference_band"":0.2}"
updated,S15,8,S15,,,DS035,Ivory/off-white; Solid,T023,Burgundy / blue paisley,shoe-4,Christian Louboutin Dress Shoes — Dark Brown Derby Lace-up,Dark Brown Derby Lace-up,,9.2,9.075664,"{""decision"":""visual_variety_within_preference_band"",""redundancy"":0.084,""best_available_preference"":9.088694,""preference_band"":0.2}"
updated,S15,9,S15,,,DS044,White; Micro-diamond/dot,T028,Midnight-navy tonal paisley,shoe-4,Christian Louboutin Dress Shoes — Dark Brown Derby Lace-up,Dark Brown Derby Lace-up,,9.3,9.088069,"{""decision"":""visual_variety_within_preference_band"",""redundancy"":0.101625,""best_available_preference"":9.088694,""preference_band"":0.2}"
updated,S15,10,S15,,,DS030,Light silver-grey; Fine continuous herringbone,T044,Silver-grey tonal floral-paisley,shoe-49,"Berluti Dress Shoes — Alessandro Infini Alto Oxford, Venezia calf, brown patina, lug sole","Alessandro Infini Alto Oxford, brown Venezia calf patina, lug sole",,9.3,9.088694,"{""decision"":""visual_variety_within_preference_band"",""redundancy"":0.109667,""best_available_preference"":9.088694,""preference_band"":0.2}"
updated,S15,11,S15,,,DS027,White/light ground; Bengal stripe,T045,Pale pink / blue micro-dot,shoe-49,"Berluti Dress Shoes — Alessandro Infini Alto Oxford, Venezia calf, brown patina, lug sole","Alessandro Infini Alto Oxford, brown Venezia calf patina, lug sole",,9,9.057455,"{""decision"":""visual_variety_within_preference_band"",""redundancy"":0.084,""best_available_preference"":9.087874,""preference_band"":0.2}"
updated,S15,12,S15,,,DS025,Light pink; Solid,T016,Burgundy-red / silver diagonal stripe,shoe-5,Ecco Dress Shoes — Brown Oxford/Derby,Brown Oxford/Derby,,9.2,9.081858,"{""decision"":""visual_variety_within_preference_band"",""redundancy"":0.108,""best_available_preference"":9.087874,""preference_band"":0.2}"
updated,S15,13,S15,,,DS017,Cream/stone; Solid,T004,Burnt-orange near-solid geometric,shoe-5,Ecco Dress Shoes — Brown Oxford/Derby,Brown Oxford/Derby,,9.3,9.051885,"{""decision"":""visual_variety_within_preference_band"",""redundancy"":0.081,""best_available_preference"":9.087874,""preference_band"":0.2}"
updated,S15,14,S15,,,DS029,Ice/silver-blue; Fine continuous herringbone,T009,Gold / blue medallion mosaic,shoe-6,Allen Edmonds Dress Shoes — Brown Double Monk Strap,Brown Double Monk Strap,,9.2,9.075081,"{""decision"":""visual_variety_within_preference_band"",""redundancy"":0.106615,""best_available_preference"":9.087874,""preference_band"":0.2}"
updated,S15,15,S15,,,DS037,Taupe/medium brown; Solid,T028,Midnight-navy tonal paisley,shoe-6,Allen Edmonds Dress Shoes — Brown Double Monk Strap,Brown Double Monk Strap,,9.1,9.036627,"{""decision"":""visual_variety_within_preference_band"",""redundancy"":0.072429,""best_available_preference"":9.084724,""preference_band"":0.2}"
baseline,S16,1,S16,,,DS034,Black; Solid,T045,Pale pink / blue micro-dot,shoe-0,Louis Vuitton Dress Shoes — Black Embossed Monogram Lace-up,Black Embossed Monogram Lace-up,,9.6,,null
baseline,S16,2,S16,,,DS012,Black; Solid,T045,Pale pink / blue micro-dot,shoe-0,Louis Vuitton Dress Shoes — Black Embossed Monogram Lace-up,Black Embossed Monogram Lace-up,,9.5,,null
baseline,S16,3,S16,,,DS024,Pale pink; Solid,NO_TIE,No Tie,shoe-3,Ecco Dress Shoes — Black Oxford/Derby,Black Oxford/Derby,,9.5,,null
baseline,S16,4,S16,,,DS025,Light pink; Solid,NO_TIE,No Tie,shoe-3,Ecco Dress Shoes — Black Oxford/Derby,Black Oxford/Derby,,9.5,,null
baseline,S16,5,S16,,,DS029,Ice/silver-blue; Fine continuous herringbone,T006,Dark ground / blue-gold floral,shoe-4,Christian Louboutin Dress Shoes — Dark Brown Derby Lace-up,Dark Brown Derby Lace-up,,9.5,,null
baseline,S16,6,S16,,,DS034,Black; Solid,T044,Silver-grey tonal floral-paisley,shoe-13,Hermes Loafers — Black Kelly Hardware,Black Kelly Hardware,,9.5,,null
baseline,S16,7,S16,,,DS012,Black; Solid,T044,Silver-grey tonal floral-paisley,shoe-13,Hermes Loafers — Black Kelly Hardware,Black Kelly Hardware,,9.4,,null
baseline,S16,8,S16,,,DS017,Cream/stone; Solid,T006,Dark ground / blue-gold floral,shoe-4,Christian Louboutin Dress Shoes — Dark Brown Derby Lace-up,Dark Brown Derby Lace-up,,9.4,,null
baseline,S16,9,S16,,,DS022,Darker lavender; Solid,T047,Pistachio / blue micro-geometric,shoe-17,Louis Vuitton Loafers — Black Damier,Black Damier,,9.4,,null
baseline,S16,10,S16,,,DS024,Pale pink; Solid,T022,Deep navy tonal honeycomb,shoe-17,Louis Vuitton Loafers — Black Damier,Black Damier,,9.4,,null
baseline,S16,11,S16,,,DS025,Light pink; Solid,T022,Deep navy tonal honeycomb,shoe-19,Louis Vuitton Loafers — Black Monogram,Black Monogram,,9.4,,null
baseline,S16,12,S16,,,DS028,Very pale blue; Birdseye/micro-check,T028,Midnight-navy tonal paisley,shoe-19,Louis Vuitton Loafers — Black Monogram,Black Monogram,,9.4,,null
baseline,S16,13,S16,,,DS029,Ice/silver-blue; Fine continuous herringbone,T024,Royal blue / beige-gold paisley,shoe-8,Gucci Loafers — Black Horsebit,Black Horsebit,,9.4,,null
baseline,S16,14,S16,,,DS030,Light silver-grey; Fine continuous herringbone,T028,Midnight-navy tonal paisley,shoe-8,Gucci Loafers — Black Horsebit,Black Horsebit,,9.4,,null
baseline,S16,15,S16,,,DS035,Ivory/off-white; Solid,T047,Pistachio / blue micro-geometric,shoe-1,Christian Louboutin Dress Shoes — Black Single Monk,Black Single Monk,,9.4,,null
updated,S16,1,S16,,,DS029,Ice/silver-blue; Fine continuous herringbone,T006,Dark ground / blue-gold floral,shoe-1,Christian Louboutin Dress Shoes — Black Single Monk,Black Single Monk,,9.5,9.104229,"{""decision"":""best_preference_with_confirmed_history_rotation"",""redundancy"":0}"
updated,S16,2,S16,,,DS044,White; Micro-diamond/dot,T028,Midnight-navy tonal paisley,shoe-1,Christian Louboutin Dress Shoes — Black Single Monk,Black Single Monk,,9.4,9.094975,"{""decision"":""visual_variety_within_preference_band"",""redundancy"":0.045,""best_available_preference"":9.10221,""preference_band"":0.2}"
updated,S16,3,S16,,,DS031,Lavender; Windowpane over micro-check,NO_TIE,No Tie,shoe-13,Hermes Loafers — Black Kelly Hardware,Black Kelly Hardware,,9.5,9.090338,"{""decision"":""visual_variety_within_preference_band"",""redundancy"":0.045,""best_available_preference"":9.10221,""preference_band"":0.2}"
updated,S16,4,S16,,,DS035,Ivory/off-white; Solid,T047,Pistachio / blue micro-geometric,shoe-2,Berluti Dress Shoes — Black Double Monk,Black Double Monk,,9.4,9.100206,"{""decision"":""visual_variety_within_preference_band"",""redundancy"":0.066,""best_available_preference"":9.10221,""preference_band"":0.2}"
updated,S16,5,S16,,,DS030,Light silver-grey; Fine continuous herringbone,T044,Silver-grey tonal floral-paisley,shoe-2,Berluti Dress Shoes — Black Double Monk,Black Double Monk,,9.3,9.086931,"{""decision"":""visual_variety_within_preference_band"",""redundancy"":0.081,""best_available_preference"":9.10221,""preference_band"":0.2}"
updated,S16,6,S16,,,DS014,White; Solid,T045,Pale pink / blue micro-dot,shoe-3,Ecco Dress Shoes — Black Oxford/Derby,Black Oxford/Derby,,9.3,9.091769,"{""decision"":""visual_variety_within_preference_band"",""redundancy"":0.0912,""best_available_preference"":9.10221,""preference_band"":0.2}"
updated,S16,7,S16,,,DS035,Ivory/off-white; Solid,T006,Dark ground / blue-gold floral,shoe-3,Ecco Dress Shoes — Black Oxford/Derby,Black Oxford/Derby,,9.4,9.10221,"{""decision"":""visual_variety_within_preference_band"",""redundancy"":0.112,""best_available_preference"":9.10221,""preference_band"":0.2}"
updated,S16,8,S16,,,DS028,Very pale blue; Birdseye/micro-check,T028,Midnight-navy tonal paisley,shoe-4,Christian Louboutin Dress Shoes — Dark Brown Derby Lace-up,Dark Brown Derby Lace-up,,9.4,9.097631,"{""decision"":""visual_variety_within_preference_band"",""redundancy"":0.110571,""best_available_preference"":9.097631,""preference_band"":0.2}"
updated,S16,9,S16,,,DS017,Cream/stone; Solid,T002,Tobacco / blue medallion grid,shoe-4,Christian Louboutin Dress Shoes — Dark Brown Derby Lace-up,Dark Brown Derby Lace-up,,8.9,9.053875,"{""decision"":""visual_variety_within_preference_band"",""redundancy"":0.06975,""best_available_preference"":9.096956,""preference_band"":0.2}"
updated,S16,10,S16,,,DS026,Pink; Gingham,T024,Royal blue / beige-gold paisley,shoe-49,"Berluti Dress Shoes — Alessandro Infini Alto Oxford, Venezia calf, brown patina, lug sole","Alessandro Infini Alto Oxford, brown Venezia calf patina, lug sole",,8.9,9.04862,"{""decision"":""visual_variety_within_preference_band"",""redundancy"":0.066,""best_available_preference"":9.096956,""preference_band"":0.2}"
updated,S16,11,S16,,,DS022,Darker lavender; Solid,T023,Burgundy / blue paisley,shoe-49,"Berluti Dress Shoes — Alessandro Infini Alto Oxford, Venezia calf, brown patina, lug sole","Alessandro Infini Alto Oxford, brown Venezia calf patina, lug sole",,8.9,9.050275,"{""decision"":""visual_variety_within_preference_band"",""redundancy"":0.0735,""best_available_preference"":9.096956,""preference_band"":0.2}"
updated,S16,12,S16,,,DS031,Lavender; Windowpane over micro-check,T024,Royal blue / beige-gold paisley,shoe-5,Ecco Dress Shoes — Brown Oxford/Derby,Brown Oxford/Derby,,9.2,9.082062,"{""decision"":""visual_variety_within_preference_band"",""redundancy"":0.107182,""best_available_preference"":9.096956,""preference_band"":0.2}"
updated,S16,13,S16,,,DS007,Light blue; Micro-check,NO_TIE,No Tie,shoe-13,Hermes Loafers — Black Kelly Hardware,Black Kelly Hardware,,9.4,9.08418,"{""decision"":""visual_variety_within_preference_band"",""redundancy"":0.109,""best_available_preference"":9.096956,""preference_band"":0.2}"
updated,S16,14,S16,,,DS030,Light silver-grey; Fine continuous herringbone,T029,Navy / silver ornamental medallions,shoe-5,Ecco Dress Shoes — Brown Oxford/Derby,Brown Oxford/Derby,,9.3,9.082788,"{""decision"":""visual_variety_within_preference_band"",""redundancy"":0.108923,""best_available_preference"":9.096956,""preference_band"":0.2}"
updated,S16,15,S16,,,DS029,Ice/silver-blue; Fine continuous herringbone,T044,Silver-grey tonal floral-paisley,shoe-6,Allen Edmonds Dress Shoes — Brown Double Monk Strap,Brown Double Monk Strap,,9.4,9.096956,"{""decision"":""visual_variety_within_preference_band"",""redundancy"":0.124286,""best_available_preference"":9.096956,""preference_band"":0.2}"
baseline,S17,1,S17,,,DS016,Tan/beige; Visually near-solid; Prince of Wales metadata retained,NO_TIE,No Tie,shoe-0,Louis Vuitton Dress Shoes — Black Embossed Monogram Lace-up,Black Embossed Monogram Lace-up,,9.5,,null
baseline,S17,2,S17,,,DS022,Darker lavender; Solid,T044,Silver-grey tonal floral-paisley,shoe-0,Louis Vuitton Dress Shoes — Black Embossed Monogram Lace-up,Black Embossed Monogram Lace-up,,9.5,,null
baseline,S17,3,S17,,,DS024,Pale pink; Solid,NO_TIE,No Tie,shoe-3,Ecco Dress Shoes — Black Oxford/Derby,Black Oxford/Derby,,9.5,,null
baseline,S17,4,S17,,,DS024,Pale pink; Solid,T030,Aubergine tonal geometric,shoe-3,Ecco Dress Shoes — Black Oxford/Derby,Black Oxford/Derby,,9.5,,null
baseline,S17,5,S17,,,DS025,Light pink; Solid,T030,Aubergine tonal geometric,shoe-13,Hermes Loafers — Black Kelly Hardware,Black Kelly Hardware,,9.5,,null
baseline,S17,6,S17,,,DS029,Ice/silver-blue; Fine continuous herringbone,T024,Royal blue / beige-gold paisley,shoe-13,Hermes Loafers — Black Kelly Hardware,Black Kelly Hardware,,9.5,,null
baseline,S17,7,S17,,,DS029,Ice/silver-blue; Fine continuous herringbone,T044,Silver-grey tonal floral-paisley,shoe-17,Louis Vuitton Loafers — Black Damier,Black Damier,,9.5,,null
baseline,S17,8,S17,,,DS036,Chocolate brown; Solid,T045,Pale pink / blue micro-dot,shoe-17,Louis Vuitton Loafers — Black Damier,Black Damier,,9.5,,null
baseline,S17,9,S17,,,DS037,Taupe/medium brown; Solid,T045,Pale pink / blue micro-dot,shoe-19,Louis Vuitton Loafers — Black Monogram,Black Monogram,,9.5,,null
baseline,S17,10,S17,,,DS019,Chestnut/warm mid-brown; Solid,T037,Dusty rose / blue medallions,shoe-19,Louis Vuitton Loafers — Black Monogram,Black Monogram,,9.4,,null
baseline,S17,11,S17,,,DS022,Darker lavender; Solid,T004,Burnt-orange near-solid geometric,shoe-4,Christian Louboutin Dress Shoes — Dark Brown Derby Lace-up,Dark Brown Derby Lace-up,,9.4,,null
baseline,S17,12,S17,,,DS025,Light pink; Solid,T022,Deep navy tonal honeycomb,shoe-8,Gucci Loafers — Black Horsebit,Black Horsebit,,9.4,,null
baseline,S17,13,S17,,,DS028,Very pale blue; Birdseye/micro-check,T018,Dark brown / slate-blue paisley,shoe-4,Christian Louboutin Dress Shoes — Dark Brown Derby Lace-up,Dark Brown Derby Lace-up,,9.4,,null
baseline,S17,14,S17,,,DS028,Very pale blue; Birdseye/micro-check,T024,Royal blue / beige-gold paisley,shoe-8,Gucci Loafers — Black Horsebit,Black Horsebit,,9.4,,null
baseline,S17,15,S17,,,DS030,Light silver-grey; Fine continuous herringbone,T028,Midnight-navy tonal paisley,shoe-1,Christian Louboutin Dress Shoes — Black Single Monk,Black Single Monk,,9.4,,null
updated,S17,1,S17,,,DS029,Ice/silver-blue; Fine continuous herringbone,T044,Silver-grey tonal floral-paisley,shoe-1,Christian Louboutin Dress Shoes — Black Single Monk,Black Single Monk,,9.5,9.103969,"{""decision"":""best_preference_with_confirmed_history_rotation"",""redundancy"":0}"
updated,S17,2,S17,,,DS044,White; Micro-diamond/dot,T028,Midnight-navy tonal paisley,shoe-1,Christian Louboutin Dress Shoes — Black Single Monk,Black Single Monk,,9.4,9.097444,"{""decision"":""visual_variety_within_preference_band"",""redundancy"":0.045,""best_available_preference"":9.103235,""preference_band"":0.2}"
updated,S17,3,S17,,,DS031,Lavender; Windowpane over micro-check,T024,Royal blue / beige-gold paisley,shoe-2,Berluti Dress Shoes — Black Double Monk,Black Double Monk,,9.3,9.090993,"{""decision"":""visual_variety_within_preference_band"",""redundancy"":0.06,""best_available_preference"":9.103235,""preference_band"":0.2}"
updated,S17,4,S17,,,DS030,Light silver-grey; Fine continuous herringbone,T036,Purple / grey ornamental medallions,shoe-2,Berluti Dress Shoes — Black Double Monk,Black Double Monk,,9.3,9.087438,"{""decision"":""visual_variety_within_preference_band"",""redundancy"":0.066,""best_available_preference"":9.103235,""preference_band"":0.2}"
updated,S17,5,S17,,,DS025,Light pink; Solid,T024,Royal blue / beige-gold paisley,shoe-3,Ecco Dress Shoes — Black Oxford/Derby,Black Oxford/Derby,,9.4,9.10216,"{""decision"":""visual_variety_within_preference_band"",""redundancy"":0.0915,""best_available_preference"":9.103235,""preference_band"":0.2}"
updated,S17,6,S17,,,DS016,Tan/beige; Visually near-solid; Prince of Wales metadata retained,NO_TIE,No Tie,shoe-13,Hermes Loafers — Black Kelly Hardware,Black Kelly Hardware,,9.5,9.057416,"{""decision"":""visual_variety_within_preference_band"",""redundancy"":0.0504,""best_available_preference"":9.100256,""preference_band"":0.2}"
updated,S17,7,S17,,,DS027,White/light ground; Bengal stripe,T045,Pale pink / blue micro-dot,shoe-3,Ecco Dress Shoes — Black Oxford/Derby,Black Oxford/Derby,,9.2,9.076895,"{""decision"":""visual_variety_within_preference_band"",""redundancy"":0.084,""best_available_preference"":9.100256,""preference_band"":0.2}"
updated,S17,8,S17,,,DS028,Very pale blue; Birdseye/micro-check,T028,Midnight-navy tonal paisley,shoe-4,Christian Louboutin Dress Shoes — Dark Brown Derby Lace-up,Dark Brown Derby Lace-up,,9.4,9.097631,"{""decision"":""visual_variety_within_preference_band"",""redundancy"":0.108429,""best_available_preference"":9.097631,""preference_band"":0.2}"
updated,S17,9,S17,,,DS044,White; Micro-diamond/dot,T044,Silver-grey tonal floral-paisley,shoe-4,Christian Louboutin Dress Shoes — Dark Brown Derby Lace-up,Dark Brown Derby Lace-up,,9.4,9.096169,"{""decision"":""visual_variety_within_preference_band"",""redundancy"":0.107625,""best_available_preference"":9.096169,""preference_band"":0.2}"
updated,S17,10,S17,,,DS035,Ivory/off-white; Solid,T002,Tobacco / blue medallion grid,shoe-49,"Berluti Dress Shoes — Alessandro Infini Alto Oxford, Venezia calf, brown patina, lug sole","Alessandro Infini Alto Oxford, brown Venezia calf patina, lug sole",,9.3,9.049938,"{""decision"":""visual_variety_within_preference_band"",""redundancy"":0.067333,""best_available_preference"":9.095985,""preference_band"":0.2}"
updated,S17,11,S17,,,DS029,Ice/silver-blue; Fine continuous herringbone,T005,Dark brown / gold medallions,shoe-49,"Berluti Dress Shoes — Alessandro Infini Alto Oxford, Venezia calf, brown patina, lug sole","Alessandro Infini Alto Oxford, brown Venezia calf patina, lug sole",,9.3,9.09081,"{""decision"":""visual_variety_within_preference_band"",""redundancy"":0.1098,""best_available_preference"":9.095985,""preference_band"":0.2}"
updated,S17,12,S17,,,DS022,Darker lavender; Solid,T032,Purple / navy-white diagonal stripe,shoe-5,Ecco Dress Shoes — Brown Oxford/Derby,Brown Oxford/Derby,,9,9.059009,"{""decision"":""visual_variety_within_preference_band"",""redundancy"":0.078,""best_available_preference"":9.093581,""preference_band"":0.2}"
updated,S17,13,S17,,,DS037,Taupe/medium brown; Solid,T040,Charcoal tonal geometric,shoe-5,Ecco Dress Shoes — Brown Oxford/Derby,Brown Oxford/Derby,,9.2,9.040582,"{""decision"":""visual_variety_within_preference_band"",""redundancy"":0.0655,""best_available_preference"":9.093581,""preference_band"":0.2}"
updated,S17,14,S17,,,DS006,Light blue; Solid,NO_TIE,No Tie,shoe-13,Hermes Loafers — Black Kelly Hardware,Black Kelly Hardware,,9.4,9.08418,"{""decision"":""visual_variety_within_preference_band"",""redundancy"":0.109385,""best_available_preference"":9.093581,""preference_band"":0.2}"
updated,S17,15,S17,,,DS017,Cream/stone; Solid,T004,Burnt-orange near-solid geometric,shoe-6,Allen Edmonds Dress Shoes — Brown Double Monk Strap,Brown Double Monk Strap,,9.3,9.051885,"{""decision"":""visual_variety_within_preference_band"",""redundancy"":0.081,""best_available_preference"":9.093581,""preference_band"":0.2}"
baseline,S18,1,S18,,,DS022,Darker lavender; Solid,T044,Silver-grey tonal floral-paisley,shoe-0,Louis Vuitton Dress Shoes — Black Embossed Monogram Lace-up,Black Embossed Monogram Lace-up,,9.5,,null
baseline,S18,2,S18,,,DS029,Ice/silver-blue; Fine continuous herringbone,T044,Silver-grey tonal floral-paisley,shoe-0,Louis Vuitton Dress Shoes — Black Embossed Monogram Lace-up,Black Embossed Monogram Lace-up,,9.5,,null
baseline,S18,3,S18,,,DS036,Chocolate brown; Solid,T045,Pale pink / blue micro-dot,shoe-10,Gucci Loafers — Cognac & Dark Espresso Brown Two-Tone GG Embossed Horsebit,Cognac & Dark Espresso Brown Two-Tone GG Embossed Horsebit,,9.5,,null
baseline,S18,4,S18,,,DS036,Chocolate brown; Solid,T047,Pistachio / blue micro-geometric,shoe-10,Gucci Loafers — Cognac & Dark Espresso Brown Two-Tone GG Embossed Horsebit,Cognac & Dark Espresso Brown Two-Tone GG Embossed Horsebit,,9.5,,null
baseline,S18,5,S18,,,DS037,Taupe/medium brown; Solid,T047,Pistachio / blue micro-geometric,shoe-14,"Hermes Loafers — Cognac/Chestnut Kelly Hardware, Dark Espresso Patina","Cognac/Chestnut Kelly Hardware, Dark Espresso Patina",,9.5,,null
baseline,S18,6,S18,,,DS014,White; Solid,T040,Charcoal tonal geometric,shoe-3,Ecco Dress Shoes — Black Oxford/Derby,Black Oxford/Derby,,9.4,,null
baseline,S18,7,S18,,,DS017,Cream/stone; Solid,T030,Aubergine tonal geometric,shoe-14,"Hermes Loafers — Cognac/Chestnut Kelly Hardware, Dark Espresso Patina","Cognac/Chestnut Kelly Hardware, Dark Espresso Patina",,9.4,,null
baseline,S18,8,S18,,,DS022,Darker lavender; Solid,T045,Pale pink / blue micro-dot,shoe-9,Gucci Loafers — Cognac Horsebit,Cognac Horsebit,,9.4,,null
baseline,S18,9,S18,,,DS024,Pale pink; Solid,T028,Midnight-navy tonal paisley,shoe-3,Ecco Dress Shoes — Black Oxford/Derby,Black Oxford/Derby,,9.4,,null
baseline,S18,10,S18,,,DS024,Pale pink; Solid,T030,Aubergine tonal geometric,shoe-9,Gucci Loafers — Cognac Horsebit,Cognac Horsebit,,9.4,,null
baseline,S18,11,S18,,,DS025,Light pink; Solid,T022,Deep navy tonal honeycomb,shoe-13,Hermes Loafers — Black Kelly Hardware,Black Kelly Hardware,,9.4,,null
baseline,S18,12,S18,,,DS025,Light pink; Solid,T028,Midnight-navy tonal paisley,shoe-13,Hermes Loafers — Black Kelly Hardware,Black Kelly Hardware,,9.4,,null
baseline,S18,13,S18,,,DS029,Ice/silver-blue; Fine continuous herringbone,T024,Royal blue / beige-gold paisley,shoe-17,Louis Vuitton Loafers — Black Damier,Black Damier,,9.4,,null
baseline,S18,14,S18,,,DS030,Light silver-grey; Fine continuous herringbone,NO_TIE,No Tie,shoe-17,Louis Vuitton Loafers — Black Damier,Black Damier,,9.4,,null
baseline,S18,15,S18,,,DS030,Light silver-grey; Fine continuous herringbone,T025,Muted slate-brown / wine paisley,shoe-4,Christian Louboutin Dress Shoes — Dark Brown Derby Lace-up,Dark Brown Derby Lace-up,,9.4,,null
updated,S18,1,S18,,,DS029,Ice/silver-blue; Fine continuous herringbone,T044,Silver-grey tonal floral-paisley,shoe-1,Christian Louboutin Dress Shoes — Black Single Monk,Black Single Monk,,9.5,9.103863,"{""decision"":""best_preference_with_confirmed_history_rotation"",""redundancy"":0}"
updated,S18,2,S18,,,DS044,White; Micro-diamond/dot,T028,Midnight-navy tonal paisley,shoe-1,Christian Louboutin Dress Shoes — Black Single Monk,Black Single Monk,,9.4,9.094975,"{""decision"":""visual_variety_within_preference_band"",""redundancy"":0.045,""best_available_preference"":9.101838,""preference_band"":0.2}"
updated,S18,3,S18,,,DS031,Lavender; Windowpane over micro-check,T024,Royal blue / beige-gold paisley,shoe-2,Berluti Dress Shoes — Black Double Monk,Black Double Monk,,9.3,9.08519,"{""decision"":""visual_variety_within_preference_band"",""redundancy"":0.06,""best_available_preference"":9.101838,""preference_band"":0.2}"
updated,S18,4,S18,,,DS030,Light silver-grey; Fine continuous herringbone,T030,Aubergine tonal geometric,shoe-2,Berluti Dress Shoes — Black Double Monk,Black Double Monk,,9.4,9.094406,"{""decision"":""visual_variety_within_preference_band"",""redundancy"":0.068,""best_available_preference"":9.101838,""preference_band"":0.2}"
updated,S18,5,S18,,,DS037,Taupe/medium brown; Solid,T040,Charcoal tonal geometric,shoe-3,Ecco Dress Shoes — Black Oxford/Derby,Black Oxford/Derby,,9.3,9.051831,"{""decision"":""visual_variety_within_preference_band"",""redundancy"":0.0495,""best_available_preference"":9.101838,""preference_band"":0.2}"
updated,S18,6,S18,,,DS035,Ivory/off-white; Solid,T047,Pistachio / blue micro-geometric,shoe-3,Ecco Dress Shoes — Black Oxford/Derby,Black Oxford/Derby,,9.4,9.062519,"{""decision"":""visual_variety_within_preference_band"",""redundancy"":0.0684,""best_available_preference"":9.101838,""preference_band"":0.2}"
updated,S18,7,S18,,,DS044,White; Micro-diamond/dot,T044,Silver-grey tonal floral-paisley,shoe-4,Christian Louboutin Dress Shoes — Dark Brown Derby Lace-up,Dark Brown Derby Lace-up,,9.4,9.096063,"{""decision"":""visual_variety_within_preference_band"",""redundancy"":0.1065,""best_available_preference"":9.099213,""preference_band"":0.2}"
updated,S18,8,S18,,,DS036,Chocolate brown; Solid,NO_TIE,No Tie,shoe-13,Hermes Loafers — Black Kelly Hardware,Black Kelly Hardware,,9.3,9.038943,"{""decision"":""visual_variety_within_preference_band"",""redundancy"":0.050143,""best_available_preference"":9.097631,""preference_band"":0.2}"
updated,S18,9,S18,,,DS025,Light pink; Solid,T007,Charcoal / pale-pink diagonal lattice,shoe-4,Christian Louboutin Dress Shoes — Dark Brown Derby Lace-up,Dark Brown Derby Lace-up,,9.1,9.06625,"{""decision"":""visual_variety_within_preference_band"",""redundancy"":0.080625,""best_available_preference"":9.097631,""preference_band"":0.2}"
updated,S18,10,S18,,,DS030,Light silver-grey; Fine continuous herringbone,T025,Muted slate-brown / wine paisley,shoe-49,"Berluti Dress Shoes — Alessandro Infini Alto Oxford, Venezia calf, brown patina, lug sole","Alessandro Infini Alto Oxford, brown Venezia calf patina, lug sole",,9.4,9.092966,"{""decision"":""visual_variety_within_preference_band"",""redundancy"":0.107667,""best_available_preference"":9.097631,""preference_band"":0.2}"
updated,S18,11,S18,,,DS019,Chestnut/warm mid-brown; Solid,T028,Midnight-navy tonal paisley,shoe-49,"Berluti Dress Shoes — Alessandro Infini Alto Oxford, Venezia calf, brown patina, lug sole","Alessandro Infini Alto Oxford, brown Venezia calf patina, lug sole",,9.3,9.049431,"{""decision"":""visual_variety_within_preference_band"",""redundancy"":0.0723,""best_available_preference"":9.093984,""preference_band"":0.2}"
updated,S18,12,S18,,,DS029,Ice/silver-blue; Fine continuous herringbone,T024,Royal blue / beige-gold paisley,shoe-5,Ecco Dress Shoes — Brown Oxford/Derby,Brown Oxford/Derby,,9.4,9.093984,"{""decision"":""visual_variety_within_preference_band"",""redundancy"":0.120818,""best_available_preference"":9.093984,""preference_band"":0.2}"
updated,S18,13,S18,,,DS027,White/light ground; Bengal stripe,T045,Pale pink / blue micro-dot,shoe-5,Ecco Dress Shoes — Brown Oxford/Derby,Brown Oxford/Derby,,8.9,9.05273,"{""decision"":""visual_variety_within_preference_band"",""redundancy"":0.0835,""best_available_preference"":9.083741,""preference_band"":0.2}"
updated,S18,14,S18,,,DS022,Darker lavender; Solid,T027,Deep purple / pale medallions,shoe-6,Allen Edmonds Dress Shoes — Brown Double Monk Strap,Brown Double Monk Strap,,9.3,9.048363,"{""decision"":""visual_variety_within_preference_band"",""redundancy"":0.079846,""best_available_preference"":9.083741,""preference_band"":0.2}"
updated,S18,15,S18,,,DS017,Cream/stone; Solid,T004,Burnt-orange near-solid geometric,shoe-6,Allen Edmonds Dress Shoes — Brown Double Monk Strap,Brown Double Monk Strap,,9.3,9.046947,"{""decision"":""visual_variety_within_preference_band"",""redundancy"":0.081,""best_available_preference"":9.083741,""preference_band"":0.2}"
baseline,B01,1,,B01,PG002,DS025,Light pink; Solid,T024,Royal blue / beige-gold paisley,shoe-13,Hermes Loafers — Black Kelly Hardware,Black Kelly Hardware,,9.5,,null
baseline,B01,2,,B01,PN002,DS018,Mauve/rose; Prince of Wales/glen check,NO_TIE,No Tie,shoe-10,Gucci Loafers — Cognac & Dark Espresso Brown Two-Tone GG Embossed Horsebit,Cognac & Dark Espresso Brown Two-Tone GG Embossed Horsebit,,9.5,,null
baseline,B01,3,,B01,PN002,DS024,Pale pink; Solid,T024,Royal blue / beige-gold paisley,shoe-10,Gucci Loafers — Cognac & Dark Espresso Brown Two-Tone GG Embossed Horsebit,Cognac & Dark Espresso Brown Two-Tone GG Embossed Horsebit,,9.5,,null
baseline,B01,4,,B01,PG002,DS018,Mauve/rose; Prince of Wales/glen check,NO_TIE,No Tie,shoe-13,Hermes Loafers — Black Kelly Hardware,Black Kelly Hardware,,9.4,,null
baseline,B01,5,,B01,PG003,DS021,Very light lavender; Pinstripe,T023,Burgundy / blue paisley,shoe-17,Louis Vuitton Loafers — Black Damier,Black Damier,,9.4,,null
baseline,B01,6,,B01,PG003,DS021,Very light lavender; Pinstripe,T037,Dusty rose / blue medallions,shoe-17,Louis Vuitton Loafers — Black Damier,Black Damier,,9.4,,null
baseline,B01,7,,B01,PB001,DS022,Darker lavender; Solid,T037,Dusty rose / blue medallions,shoe-19,Louis Vuitton Loafers — Black Monogram,Black Monogram,,9.4,,null
baseline,B01,8,,B01,PB001,DS022,Darker lavender; Solid,T041,Silver / navy monogram,shoe-19,Louis Vuitton Loafers — Black Monogram,Black Monogram,,9.4,,null
baseline,B01,9,,B01,PB002,DS025,Light pink; Solid,T032,Purple / navy-white diagonal stripe,shoe-8,Gucci Loafers — Black Horsebit,Black Horsebit,,9.4,,null
baseline,B01,10,,B01,PT001,DS014,White; Solid,T034,Bronze / dark woven checkerboard,shoe-8,Gucci Loafers — Black Horsebit,Black Horsebit,,9.3,,null
baseline,B01,11,,B01,PT002,DS014,White; Solid,T034,Bronze / dark woven checkerboard,shoe-1,Christian Louboutin Dress Shoes — Black Single Monk,Black Single Monk,,9.3,,null
baseline,B01,12,,B01,PT001,DS024,Pale pink; Solid,T006,Dark ground / blue-gold floral,shoe-1,Christian Louboutin Dress Shoes — Black Single Monk,Black Single Monk,,9.3,,null
baseline,B01,13,,B01,PT002,DS001,White; Solid,T001,Taupe horsebit,shoe-2,Berluti Dress Shoes — Black Double Monk,Black Double Monk,,9.2,,null
baseline,B01,14,,B01,PT003,DS001,White; Solid,T001,Taupe horsebit,shoe-2,Berluti Dress Shoes — Black Double Monk,Black Double Monk,,9.2,,null
baseline,B01,15,,B01,PB002,DS004,White; Fine horizontal stripe,T004,Burnt-orange near-solid geometric,shoe-14,"Hermes Loafers — Cognac/Chestnut Kelly Hardware, Dark Espresso Patina","Cognac/Chestnut Kelly Hardware, Dark Espresso Patina",,9.2,,null
updated,B01,1,,B01,PN002,DS025,Light pink; Solid,T024,Royal blue / beige-gold paisley,shoe-13,Hermes Loafers — Black Kelly Hardware,Black Kelly Hardware,,9.5,9.109739,"{""decision"":""best_preference_with_confirmed_history_rotation"",""redundancy"":0}"
updated,B01,2,,B01,PN002,DS027,White/light ground; Bengal stripe,T045,Pale pink / blue micro-dot,shoe-13,Hermes Loafers — Black Kelly Hardware,Black Kelly Hardware,,9.3,9.089744,"{""decision"":""visual_variety_within_preference_band"",""redundancy"":0.045,""best_available_preference"":9.106589,""preference_band"":0.2}"
updated,B01,3,,B01,PG002,DS022,Darker lavender; Solid,T032,Purple / navy-white diagonal stripe,shoe-17,Louis Vuitton Loafers — Black Damier,Black Damier,,9.3,9.095825,"{""decision"":""visual_variety_within_preference_band"",""redundancy"":0.0495,""best_available_preference"":9.102155,""preference_band"":0.2}"
updated,B01,4,,B01,PG002,DS006,Light blue; Solid,T041,Silver / navy monogram,shoe-17,Louis Vuitton Loafers — Black Damier,Black Damier,,9.3,9.090804,"{""decision"":""visual_variety_within_preference_band"",""redundancy"":0.067,""best_available_preference"":9.102155,""preference_band"":0.2}"
updated,B01,5,,B01,PG003,DS018,Mauve/rose; Prince of Wales/glen check,T014,Dark ground / silver ring dots,shoe-8,Gucci Loafers — Black Horsebit,Black Horsebit,,9.2,9.08593,"{""decision"":""visual_variety_within_preference_band"",""redundancy"":0.06675,""best_available_preference"":9.102155,""preference_band"":0.2}"
updated,B01,6,,B01,PG003,DS008,White; Fine horizontal stripe,T004,Burnt-orange near-solid geometric,shoe-8,Gucci Loafers — Black Horsebit,Black Horsebit,,9.3,9.088026,"{""decision"":""visual_variety_within_preference_band"",""redundancy"":0.0906,""best_available_preference"":9.102155,""preference_band"":0.2}"
updated,B01,7,,B01,PT001,DS025,Light pink; Solid,T032,Purple / navy-white diagonal stripe,shoe-15,Loro Piana Loafers — Brown Suede Penny,Brown Suede Penny,,9.4,9.098067,"{""decision"":""visual_variety_within_preference_band"",""redundancy"":0.1105,""best_available_preference"":9.098067,""preference_band"":0.2}"
updated,B01,8,,B01,PT001,DS024,Pale pink; Solid,T041,Silver / navy monogram,shoe-15,Loro Piana Loafers — Brown Suede Penny,Brown Suede Penny,,9.3,9.091317,"{""decision"":""visual_variety_within_preference_band"",""redundancy"":0.113571,""best_available_preference"":9.091317,""preference_band"":0.2}"
updated,B01,9,,B01,PT002,DS014,White; Solid,T010,Near-black / white spaced dots,shoe-11,"Gucci Loafers — Dark Espresso Brown/Oxblood Horsebit, Polished Leather","Dark Espresso Brown/Oxblood Horsebit, Polished Leather",,9.2,9.084265,"{""decision"":""visual_variety_within_preference_band"",""redundancy"":0.112875,""best_available_preference"":9.084265,""preference_band"":0.2}"
updated,B01,10,,B01,PT002,DS006,Light blue; Solid,T018,Dark brown / slate-blue paisley,shoe-11,"Gucci Loafers — Dark Espresso Brown/Oxblood Horsebit, Polished Leather","Dark Espresso Brown/Oxblood Horsebit, Polished Leather",,9.2,9.079753,"{""decision"":""visual_variety_within_preference_band"",""redundancy"":0.108333,""best_available_preference"":9.084265,""preference_band"":0.2}"
updated,B01,11,,B01,PT003,DS008,White; Fine horizontal stripe,T017,Pale blue / white paisley,shoe-14,"Hermes Loafers — Cognac/Chestnut Kelly Hardware, Dark Espresso Patina","Cognac/Chestnut Kelly Hardware, Dark Espresso Patina",,9.2,9.075541,"{""decision"":""visual_variety_within_preference_band"",""redundancy"":0.1137,""best_available_preference"":9.077702,""preference_band"":0.2}"
updated,B01,12,,B01,PT003,DS024,Pale pink; Solid,T007,Charcoal / pale-pink diagonal lattice,shoe-14,"Hermes Loafers — Cognac/Chestnut Kelly Hardware, Dark Espresso Patina","Cognac/Chestnut Kelly Hardware, Dark Espresso Patina",,9.1,9.068897,"{""decision"":""visual_variety_within_preference_band"",""redundancy"":0.111,""best_available_preference"":9.077702,""preference_band"":0.2}"
updated,B01,13,,B01,PT004,DS027,White/light ground; Bengal stripe,T010,Near-black / white spaced dots,shoe-9,Gucci Loafers — Cognac Horsebit,Cognac Horsebit,,9.2,9.074729,"{""decision"":""visual_variety_within_preference_band"",""redundancy"":0.12625,""best_available_preference"":9.077702,""preference_band"":0.2}"
updated,B01,14,,B01,PT004,DS007,Light blue; Micro-check,T006,Dark ground / blue-gold floral,shoe-9,Gucci Loafers — Cognac Horsebit,Cognac Horsebit,,9.2,9.07319,"{""decision"":""visual_variety_within_preference_band"",""redundancy"":0.124615,""best_available_preference"":9.075363,""preference_band"":0.2}"
updated,B01,15,,B01,PT005,DS007,Light blue; Micro-check,T024,Royal blue / beige-gold paisley,shoe-19,Louis Vuitton Loafers — Black Monogram,Black Monogram,,9.2,9.071276,"{""decision"":""visual_variety_within_preference_band"",""redundancy"":0.125143,""best_available_preference"":9.074426,""preference_band"":0.2}"
baseline,B02,1,,B02,PG002,DS022,Darker lavender; Solid,T041,Silver / navy monogram,shoe-13,Hermes Loafers — Black Kelly Hardware,Black Kelly Hardware,,9.5,,null
baseline,B02,2,,B02,PN002,DS018,Mauve/rose; Prince of Wales/glen check,NO_TIE,No Tie,shoe-10,Gucci Loafers — Cognac & Dark Espresso Brown Two-Tone GG Embossed Horsebit,Cognac & Dark Espresso Brown Two-Tone GG Embossed Horsebit,,9.5,,null
baseline,B02,3,,B02,PG003,DS022,Darker lavender; Solid,T041,Silver / navy monogram,shoe-13,Hermes Loafers — Black Kelly Hardware,Black Kelly Hardware,,9.5,,null
baseline,B02,4,,B02,PN002,DS024,Pale pink; Solid,T024,Royal blue / beige-gold paisley,shoe-10,Gucci Loafers — Cognac & Dark Espresso Brown Two-Tone GG Embossed Horsebit,Cognac & Dark Espresso Brown Two-Tone GG Embossed Horsebit,,9.5,,null
baseline,B02,5,,B02,PG002,DS024,Pale pink; Solid,T032,Purple / navy-white diagonal stripe,shoe-12,Gucci Loafers — Navy Suede Horsebit Loafer,Navy Suede Horsebit Loafer,,9.5,,null
baseline,B02,6,,B02,PG003,DS025,Light pink; Solid,T024,Royal blue / beige-gold paisley,shoe-17,Louis Vuitton Loafers — Black Damier,Black Damier,,9.5,,null
baseline,B02,7,,B02,PG001,DS019,Chestnut/warm mid-brown; Solid,T037,Dusty rose / blue medallions,shoe-12,Gucci Loafers — Navy Suede Horsebit Loafer,Navy Suede Horsebit Loafer,,9.4,,null
baseline,B02,8,,B02,PT001,DS019,Chestnut/warm mid-brown; Solid,T037,Dusty rose / blue medallions,shoe-17,Louis Vuitton Loafers — Black Damier,Black Damier,,9.4,,null
baseline,B02,9,,B02,PG001,DS021,Very light lavender; Pinstripe,T023,Burgundy / blue paisley,shoe-19,Louis Vuitton Loafers — Black Monogram,Black Monogram,,9.4,,null
baseline,B02,10,,B02,PT001,DS025,Light pink; Solid,T020,Navy / burgundy-tan paisley,shoe-19,Louis Vuitton Loafers — Black Monogram,Black Monogram,,9.4,,null
baseline,B02,11,,B02,PT002,DS005,Cream/off-white; Visually near-solid; subtle windowpane metadata retained,T001,Taupe horsebit,shoe-8,Gucci Loafers — Black Horsebit,Black Horsebit,,9.3,,null
baseline,B02,12,,B02,PT003,DS005,Cream/off-white; Visually near-solid; subtle windowpane metadata retained,T001,Taupe horsebit,shoe-8,Gucci Loafers — Black Horsebit,Black Horsebit,,9.3,,null
baseline,B02,13,,B02,PT002,DS006,Light blue; Solid,T033,Dark navy / blue-gold monogram,shoe-1,Christian Louboutin Dress Shoes — Black Single Monk,Black Single Monk,,9.3,,null
baseline,B02,14,,B02,PT003,DS006,Light blue; Solid,T033,Dark navy / blue-gold monogram,shoe-1,Christian Louboutin Dress Shoes — Black Single Monk,Black Single Monk,,9.3,,null
baseline,B02,15,,B02,PT004,DS014,White; Solid,T013,Vivid red / small pale motifs,shoe-2,Berluti Dress Shoes — Black Double Monk,Black Double Monk,,9.3,,null
updated,B02,1,,B02,PN002,DS025,Light pink; Solid,T024,Royal blue / beige-gold paisley,shoe-13,Hermes Loafers — Black Kelly Hardware,Black Kelly Hardware,,9.5,9.109739,"{""decision"":""best_preference_with_confirmed_history_rotation"",""redundancy"":0}"
updated,B02,2,,B02,PN002,DS027,White/light ground; Bengal stripe,T028,Midnight-navy tonal paisley,shoe-13,Hermes Loafers — Black Kelly Hardware,Black Kelly Hardware,,9.3,9.093681,"{""decision"":""visual_variety_within_preference_band"",""redundancy"":0.045,""best_available_preference"":9.109185,""preference_band"":0.2}"
updated,B02,3,,B02,PG002,DS022,Darker lavender; Solid,T032,Purple / navy-white diagonal stripe,shoe-17,Louis Vuitton Loafers — Black Damier,Black Damier,,9.4,9.102575,"{""decision"":""visual_variety_within_preference_band"",""redundancy"":0.0495,""best_available_preference"":9.108905,""preference_band"":0.2}"
updated,B02,4,,B02,PG002,DS006,Light blue; Solid,T041,Silver / navy monogram,shoe-17,Louis Vuitton Loafers — Black Damier,Black Damier,,9.3,9.093054,"{""decision"":""visual_variety_within_preference_band"",""redundancy"":0.069,""best_available_preference"":9.108905,""preference_band"":0.2}"
updated,B02,5,,B02,PG003,DS018,Mauve/rose; Prince of Wales/glen check,T020,Navy / burgundy-tan paisley,shoe-8,Gucci Loafers — Black Horsebit,Black Horsebit,,9.3,9.09155,"{""decision"":""visual_variety_within_preference_band"",""redundancy"":0.06975,""best_available_preference"":9.108905,""preference_band"":0.2}"
updated,B02,6,,B02,PG003,DS005,Cream/off-white; Visually near-solid; subtle windowpane metadata retained,T015,Navy / fine diagonal stripe,shoe-8,Gucci Loafers — Black Horsebit,Black Horsebit,,9.3,9.089584,"{""decision"":""visual_variety_within_preference_band"",""redundancy"":0.0858,""best_available_preference"":9.108905,""preference_band"":0.2}"
updated,B02,7,,B02,PG001,DS004,White; Fine horizontal stripe,T018,Dark brown / slate-blue paisley,shoe-15,Loro Piana Loafers — Brown Suede Penny,Brown Suede Penny,,9.3,9.088948,"{""decision"":""visual_variety_within_preference_band"",""redundancy"":0.0915,""best_available_preference"":9.104817,""preference_band"":0.2}"
updated,B02,8,,B02,PG001,DS025,Light pink; Solid,T032,Purple / navy-white diagonal stripe,shoe-15,Loro Piana Loafers — Brown Suede Penny,Brown Suede Penny,,9.4,9.104817,"{""decision"":""visual_variety_within_preference_band"",""redundancy"":0.111,""best_available_preference"":9.104817,""preference_band"":0.2}"
updated,B02,9,,B02,PT001,DS019,Chestnut/warm mid-brown; Solid,T033,Dark navy / blue-gold monogram,shoe-11,"Gucci Loafers — Dark Espresso Brown/Oxblood Horsebit, Polished Leather","Dark Espresso Brown/Oxblood Horsebit, Polished Leather",,9.2,9.024936,"{""decision"":""visual_variety_within_preference_band"",""redundancy"":0.096375,""best_available_preference"":9.03788,""preference_band"":0.2}"
updated,B02,10,,B02,PT001,DS021,Very light lavender; Pinstripe,T028,Midnight-navy tonal paisley,shoe-11,"Gucci Loafers — Dark Espresso Brown/Oxblood Horsebit, Polished Leather","Dark Espresso Brown/Oxblood Horsebit, Polished Leather",,9.3,9.028465,"{""decision"":""visual_variety_within_preference_band"",""redundancy"":0.102333,""best_available_preference"":9.03788,""preference_band"":0.2}"
updated,B02,11,,B02,PT002,DS027,White/light ground; Bengal stripe,T045,Pale pink / blue micro-dot,shoe-14,"Hermes Loafers — Cognac/Chestnut Kelly Hardware, Dark Espresso Patina","Cognac/Chestnut Kelly Hardware, Dark Espresso Patina",,9.2,9.016544,"{""decision"":""visual_variety_within_preference_band"",""redundancy"":0.1017,""best_available_preference"":9.031317,""preference_band"":0.2}"
updated,B02,12,,B02,PT002,DS024,Pale pink; Solid,T033,Dark navy / blue-gold monogram,shoe-14,"Hermes Loafers — Cognac/Chestnut Kelly Hardware, Dark Espresso Patina","Cognac/Chestnut Kelly Hardware, Dark Espresso Patina",,9.4,9.031317,"{""decision"":""visual_variety_within_preference_band"",""redundancy"":0.115636,""best_available_preference"":9.031317,""preference_band"":0.2}"
updated,B02,13,,B02,PT003,DS006,Light blue; Solid,T018,Dark brown / slate-blue paisley,shoe-9,Gucci Loafers — Cognac Horsebit,Cognac Horsebit,,9.2,9.020446,"{""decision"":""visual_variety_within_preference_band"",""redundancy"":0.109,""best_available_preference"":9.031317,""preference_band"":0.2}"
updated,B02,14,,B02,PT003,DS023,Deep burgundy/oxblood; Solid color with micro-texture,T012,Black tonal lattice,shoe-9,Gucci Loafers — Cognac Horsebit,Cognac Horsebit,,9,8.963648,"{""decision"":""visual_variety_within_preference_band"",""redundancy"":0.052615,""best_available_preference"":9.031317,""preference_band"":0.2}"
updated,B02,15,,B02,PT004,DS024,Pale pink; Solid,T007,Charcoal / pale-pink diagonal lattice,shoe-19,Louis Vuitton Loafers — Black Monogram,Black Monogram,,9.2,9.015215,"{""decision"":""visual_variety_within_preference_band"",""redundancy"":0.109286,""best_available_preference"":9.03038,""preference_band"":0.2}"
baseline,B03,1,,B03,PB001,DS014,White; Solid,T033,Dark navy / blue-gold monogram,shoe-13,Hermes Loafers — Black Kelly Hardware,Black Kelly Hardware,,9.5,,null
baseline,B03,2,,B03,PB002,DS014,White; Solid,T033,Dark navy / blue-gold monogram,shoe-13,Hermes Loafers — Black Kelly Hardware,Black Kelly Hardware,,9.5,,null
baseline,B03,3,,B03,PB001,DS021,Very light lavender; Pinstripe,T023,Burgundy / blue paisley,shoe-17,Louis Vuitton Loafers — Black Damier,Black Damier,,9.5,,null
baseline,B03,4,,B03,PB002,DS021,Very light lavender; Pinstripe,T023,Burgundy / blue paisley,shoe-17,Louis Vuitton Loafers — Black Damier,Black Damier,,9.5,,null
baseline,B03,5,,B03,PB003,DS024,Pale pink; Solid,T035,Navy / blue monogram,shoe-19,Louis Vuitton Loafers — Black Monogram,Black Monogram,,9.5,,null
baseline,B03,6,,B03,PB004,DS024,Pale pink; Solid,T035,Navy / blue monogram,shoe-19,Louis Vuitton Loafers — Black Monogram,Black Monogram,,9.5,,null
baseline,B03,7,,B03,PB003,DS025,Light pink; Solid,T020,Navy / burgundy-tan paisley,shoe-8,Gucci Loafers — Black Horsebit,Black Horsebit,,9.5,,null
baseline,B03,8,,B03,PB004,DS025,Light pink; Solid,T020,Navy / burgundy-tan paisley,shoe-8,Gucci Loafers — Black Horsebit,Black Horsebit,,9.5,,null
baseline,B03,9,,B03,PG001,DS001,White; Solid,T015,Navy / fine diagonal stripe,shoe-10,Gucci Loafers — Cognac & Dark Espresso Brown Two-Tone GG Embossed Horsebit,Cognac & Dark Espresso Brown Two-Tone GG Embossed Horsebit,,9.4,,null
baseline,B03,10,,B03,PT001,DS001,White; Solid,T015,Navy / fine diagonal stripe,shoe-1,Christian Louboutin Dress Shoes — Black Single Monk,Black Single Monk,,9.4,,null
baseline,B03,11,,B03,PG001,DS004,White; Fine horizontal stripe,T006,Dark ground / blue-gold floral,shoe-10,Gucci Loafers — Cognac & Dark Espresso Brown Two-Tone GG Embossed Horsebit,Cognac & Dark Espresso Brown Two-Tone GG Embossed Horsebit,,9.4,,null
baseline,B03,12,,B03,PG003,DS004,White; Fine horizontal stripe,T006,Dark ground / blue-gold floral,shoe-14,"Hermes Loafers — Cognac/Chestnut Kelly Hardware, Dark Espresso Patina","Cognac/Chestnut Kelly Hardware, Dark Espresso Patina",,9.4,,null
baseline,B03,13,,B03,PT001,DS005,Cream/off-white; Visually near-solid; subtle windowpane metadata retained,T010,Near-black / white spaced dots,shoe-1,Christian Louboutin Dress Shoes — Black Single Monk,Black Single Monk,,9.4,,null
baseline,B03,14,,B03,PT002,DS005,Cream/off-white; Visually near-solid; subtle windowpane metadata retained,T010,Near-black / white spaced dots,shoe-2,Berluti Dress Shoes — Black Double Monk,Black Double Monk,,9.4,,null
baseline,B03,15,,B03,PG003,DS006,Light blue; Solid,T039,Navy / light-blue floral,shoe-14,"Hermes Loafers — Cognac/Chestnut Kelly Hardware, Dark Espresso Patina","Cognac/Chestnut Kelly Hardware, Dark Espresso Patina",,9.4,,null
updated,B03,1,,B03,PB001,DS024,Pale pink; Solid,T033,Dark navy / blue-gold monogram,shoe-13,Hermes Loafers — Black Kelly Hardware,Black Kelly Hardware,,9.5,9.109461,"{""decision"":""best_preference_with_confirmed_history_rotation"",""redundancy"":0}"
updated,B03,2,,B03,PB001,DS027,White/light ground; Bengal stripe,T010,Near-black / white spaced dots,shoe-13,Hermes Loafers — Black Kelly Hardware,Black Kelly Hardware,,9.4,9.099354,"{""decision"":""visual_variety_within_preference_band"",""redundancy"":0.045,""best_available_preference"":9.109461,""preference_band"":0.2}"
updated,B03,3,,B03,PB002,DS021,Very light lavender; Pinstripe,T023,Burgundy / blue paisley,shoe-17,Louis Vuitton Loafers — Black Damier,Black Damier,,9.5,9.106713,"{""decision"":""visual_variety_within_preference_band"",""redundancy"":0.0675,""best_available_preference"":9.109461,""preference_band"":0.2}"
updated,B03,4,,B03,PB002,DS005,Cream/off-white; Visually near-solid; subtle windowpane metadata retained,T006,Dark ground / blue-gold floral,shoe-17,Louis Vuitton Loafers — Black Damier,Black Damier,,9.4,9.103096,"{""decision"":""visual_variety_within_preference_band"",""redundancy"":0.087,""best_available_preference"":9.109461,""preference_band"":0.2}"
updated,B03,5,,B03,PB003,DS014,White; Solid,T018,Dark brown / slate-blue paisley,shoe-8,Gucci Loafers — Black Horsebit,Black Horsebit,,9.4,9.098477,"{""decision"":""visual_variety_within_preference_band"",""redundancy"":0.09525,""best_available_preference"":9.109461,""preference_band"":0.2}"
updated,B03,6,,B03,PB003,DS006,Light blue; Solid,T039,Navy / light-blue floral,shoe-8,Gucci Loafers — Black Horsebit,Black Horsebit,,9.4,9.102042,"{""decision"":""visual_variety_within_preference_band"",""redundancy"":0.1002,""best_available_preference"":9.109461,""preference_band"":0.2}"
updated,B03,7,,B03,PB004,DS025,Light pink; Solid,T032,Purple / navy-white diagonal stripe,shoe-15,Loro Piana Loafers — Brown Suede Penny,Brown Suede Penny,,9.4,9.100873,"{""decision"":""visual_variety_within_preference_band"",""redundancy"":0.1095,""best_available_preference"":9.109086,""preference_band"":0.2}"
updated,B03,8,,B03,PB004,DS014,White; Solid,T033,Dark navy / blue-gold monogram,shoe-15,Loro Piana Loafers — Brown Suede Penny,Brown Suede Penny,,9.5,9.106741,"{""decision"":""visual_variety_within_preference_band"",""redundancy"":0.116143,""best_available_preference"":9.109086,""preference_band"":0.2}"
updated,B03,9,,B03,PG001,DS025,Light pink; Solid,T006,Dark ground / blue-gold floral,shoe-11,"Gucci Loafers — Dark Espresso Brown/Oxblood Horsebit, Polished Leather","Dark Espresso Brown/Oxblood Horsebit, Polished Leather",,9.4,9.101915,"{""decision"":""visual_variety_within_preference_band"",""redundancy"":0.117375,""best_available_preference"":9.106498,""preference_band"":0.2}"
updated,B03,10,,B03,PG001,DS005,Cream/off-white; Visually near-solid; subtle windowpane metadata retained,T035,Navy / blue monogram,shoe-11,"Gucci Loafers — Dark Espresso Brown/Oxblood Horsebit, Polished Leather","Dark Espresso Brown/Oxblood Horsebit, Polished Leather",,9.4,9.098191,"{""decision"":""visual_variety_within_preference_band"",""redundancy"":0.114333,""best_available_preference"":9.106498,""preference_band"":0.2}"
updated,B03,11,,B03,PG003,DS021,Very light lavender; Pinstripe,T014,Dark ground / silver ring dots,shoe-14,"Hermes Loafers — Cognac/Chestnut Kelly Hardware, Dark Espresso Patina","Cognac/Chestnut Kelly Hardware, Dark Espresso Patina",,9.4,9.088943,"{""decision"":""visual_variety_within_preference_band"",""redundancy"":0.1131,""best_available_preference"":9.099936,""preference_band"":0.2}"
updated,B03,12,,B03,PG003,DS008,White; Fine horizontal stripe,T040,Charcoal tonal geometric,shoe-14,"Hermes Loafers — Cognac/Chestnut Kelly Hardware, Dark Espresso Patina","Cognac/Chestnut Kelly Hardware, Dark Espresso Patina",,9.4,9.088318,"{""decision"":""visual_variety_within_preference_band"",""redundancy"":0.113182,""best_available_preference"":9.099936,""preference_band"":0.2}"
updated,B03,13,,B03,PT001,DS027,White/light ground; Bengal stripe,T035,Navy / blue monogram,shoe-9,Gucci Loafers — Cognac Horsebit,Cognac Horsebit,,9.4,9.088656,"{""decision"":""visual_variety_within_preference_band"",""redundancy"":0.12925,""best_available_preference"":9.099936,""preference_band"":0.2}"
updated,B03,14,,B03,PT001,DS024,Pale pink; Solid,T039,Navy / light-blue floral,shoe-9,Gucci Loafers — Cognac Horsebit,Cognac Horsebit,,9.5,9.099936,"{""decision"":""visual_variety_within_preference_band"",""redundancy"":0.141692,""best_available_preference"":9.099936,""preference_band"":0.2}"
updated,B03,15,,B03,PT002,DS002,Cream/white; Check/grid,NO_TIE,No Tie,shoe-19,Louis Vuitton Loafers — Black Monogram,Black Monogram,,9.3,9.077655,"{""decision"":""visual_variety_within_preference_band"",""redundancy"":0.083571,""best_available_preference"":9.086899,""preference_band"":0.2}"
baseline,B04,1,,B04,PG002,DS022,Darker lavender; Solid,T044,Silver-grey tonal floral-paisley,shoe-13,Hermes Loafers — Black Kelly Hardware,Black Kelly Hardware,,9.5,,null
baseline,B04,2,,B04,PG003,DS022,Darker lavender; Solid,T044,Silver-grey tonal floral-paisley,shoe-13,Hermes Loafers — Black Kelly Hardware,Black Kelly Hardware,,9.5,,null
baseline,B04,3,,B04,PN002,DS024,Pale pink; Solid,NO_TIE,No Tie,shoe-10,Gucci Loafers — Cognac & Dark Espresso Brown Two-Tone GG Embossed Horsebit,Cognac & Dark Espresso Brown Two-Tone GG Embossed Horsebit,,9.5,,null
baseline,B04,4,,B04,PN002,DS025,Light pink; Solid,NO_TIE,No Tie,shoe-10,Gucci Loafers — Cognac & Dark Espresso Brown Two-Tone GG Embossed Horsebit,Cognac & Dark Espresso Brown Two-Tone GG Embossed Horsebit,,9.5,,null
baseline,B04,5,,B04,PG002,DS024,Pale pink; Solid,T028,Midnight-navy tonal paisley,shoe-17,Louis Vuitton Loafers — Black Damier,Black Damier,,9.4,,null
baseline,B04,6,,B04,PG003,DS025,Light pink; Solid,T022,Deep navy tonal honeycomb,shoe-17,Louis Vuitton Loafers — Black Damier,Black Damier,,9.4,,null
baseline,B04,7,,B04,PT001,DS006,Light blue; Solid,T004,Burnt-orange near-solid geometric,shoe-19,Louis Vuitton Loafers — Black Monogram,Black Monogram,,9.3,,null
baseline,B04,8,,B04,PT002,DS006,Light blue; Solid,T004,Burnt-orange near-solid geometric,shoe-19,Louis Vuitton Loafers — Black Monogram,Black Monogram,,9.3,,null
baseline,B04,9,,B04,PT001,DS021,Very light lavender; Pinstripe,T045,Pale pink / blue micro-dot,shoe-8,Gucci Loafers — Black Horsebit,Black Horsebit,,9.3,,null
baseline,B04,10,,B04,PT002,DS021,Very light lavender; Pinstripe,T045,Pale pink / blue micro-dot,shoe-8,Gucci Loafers — Black Horsebit,Black Horsebit,,9.3,,null
baseline,B04,11,,B04,PT003,DS001,White; Solid,T030,Aubergine tonal geometric,shoe-1,Christian Louboutin Dress Shoes — Black Single Monk,Black Single Monk,,9.2,,null
baseline,B04,12,,B04,PT004,DS001,White; Solid,T030,Aubergine tonal geometric,shoe-1,Christian Louboutin Dress Shoes — Black Single Monk,Black Single Monk,,9.2,,null
baseline,B04,13,,B04,PT003,DS005,Cream/off-white; Visually near-solid; subtle windowpane metadata retained,T022,Deep navy tonal honeycomb,shoe-2,Berluti Dress Shoes — Black Double Monk,Black Double Monk,,9.2,,null
baseline,B04,14,,B04,PT004,DS005,Cream/off-white; Visually near-solid; subtle windowpane metadata retained,T028,Midnight-navy tonal paisley,shoe-2,Berluti Dress Shoes — Black Double Monk,Black Double Monk,,9.2,,null
baseline,B04,15,,B04,PT005,DS014,White; Solid,T010,Near-black / white spaced dots,shoe-0,Louis Vuitton Dress Shoes — Black Embossed Monogram Lace-up,Black Embossed Monogram Lace-up,,9.2,,null
updated,B04,1,,B04,PN002,DS006,Light blue; Solid,NO_TIE,No Tie,shoe-13,Hermes Loafers — Black Kelly Hardware,Black Kelly Hardware,,9.4,9.09498,"{""decision"":""best_preference_with_confirmed_history_rotation"",""redundancy"":0}"
updated,B04,2,,B04,PN002,DS025,Light pink; Solid,T041,Silver / navy monogram,shoe-13,Hermes Loafers — Black Kelly Hardware,Black Kelly Hardware,,9.3,9.092994,"{""decision"":""visual_variety_within_preference_band"",""redundancy"":0.072,""best_available_preference"":9.09498,""preference_band"":0.2}"
updated,B04,3,,B04,PG002,DS022,Darker lavender; Solid,T036,Purple / grey ornamental medallions,shoe-17,Louis Vuitton Loafers — Black Damier,Black Damier,,9,9.068327,"{""decision"":""visual_variety_within_preference_band"",""redundancy"":0.054,""best_available_preference"":9.092586,""preference_band"":0.2}"
updated,B04,4,,B04,PG002,DS014,White; Solid,T010,Near-black / white spaced dots,shoe-17,Louis Vuitton Loafers — Black Damier,Black Damier,,9.2,9.084267,"{""decision"":""visual_variety_within_preference_band"",""redundancy"":0.072,""best_available_preference"":9.092586,""preference_band"":0.2}"
updated,B04,5,,B04,PG003,DS005,Cream/off-white; Visually near-solid; subtle windowpane metadata retained,T024,Royal blue / beige-gold paisley,shoe-8,Gucci Loafers — Black Horsebit,Black Horsebit,,9,9.065556,"{""decision"":""visual_variety_within_preference_band"",""redundancy"":0.0705,""best_available_preference"":9.092586,""preference_band"":0.2}"
updated,B04,6,,B04,PG003,DS006,Light blue; Solid,T004,Burnt-orange near-solid geometric,shoe-8,Gucci Loafers — Black Horsebit,Black Horsebit,,9.3,9.092586,"{""decision"":""visual_variety_within_preference_band"",""redundancy"":0.1116,""best_available_preference"":9.092586,""preference_band"":0.2}"
updated,B04,7,,B04,PT001,DS025,Light pink; Solid,T024,Royal blue / beige-gold paisley,shoe-15,Loro Piana Loafers — Brown Suede Penny,Brown Suede Penny,,9.2,9.083844,"{""decision"":""visual_variety_within_preference_band"",""redundancy"":0.113,""best_available_preference"":9.088457,""preference_band"":0.2}"
updated,B04,8,,B04,PT001,DS008,White; Fine horizontal stripe,T044,Silver-grey tonal floral-paisley,shoe-15,Loro Piana Loafers — Brown Suede Penny,Brown Suede Penny,,9.2,9.078918,"{""decision"":""visual_variety_within_preference_band"",""redundancy"":0.113143,""best_available_preference"":9.085307,""preference_band"":0.2}"
updated,B04,9,,B04,PT002,DS007,Light blue; Micro-check,T044,Silver-grey tonal floral-paisley,shoe-11,"Gucci Loafers — Dark Espresso Brown/Oxblood Horsebit, Polished Leather","Dark Espresso Brown/Oxblood Horsebit, Polished Leather",,9.2,9.077776,"{""decision"":""visual_variety_within_preference_band"",""redundancy"":0.117,""best_available_preference"":9.083057,""preference_band"":0.2}"
updated,B04,10,,B04,PT002,DS007,Light blue; Micro-check,T010,Near-black / white spaced dots,shoe-11,"Gucci Loafers — Dark Espresso Brown/Oxblood Horsebit, Polished Leather","Dark Espresso Brown/Oxblood Horsebit, Polished Leather",,9.1,9.073761,"{""decision"":""visual_variety_within_preference_band"",""redundancy"":0.116,""best_available_preference"":9.083057,""preference_band"":0.2}"
updated,B04,11,,B04,PT003,DS005,Cream/off-white; Visually near-solid; subtle windowpane metadata retained,T041,Silver / navy monogram,shoe-14,"Hermes Loafers — Cognac/Chestnut Kelly Hardware, Dark Espresso Patina","Cognac/Chestnut Kelly Hardware, Dark Espresso Patina",,9.1,9.063906,"{""decision"":""visual_variety_within_preference_band"",""redundancy"":0.114,""best_available_preference"":9.076494,""preference_band"":0.2}"
updated,B04,12,,B04,PT003,DS014,White; Solid,T011,Near-black / fine white dots,shoe-14,"Hermes Loafers — Cognac/Chestnut Kelly Hardware, Dark Espresso Patina","Cognac/Chestnut Kelly Hardware, Dark Espresso Patina",,9.1,9.068217,"{""decision"":""visual_variety_within_preference_band"",""redundancy"":0.150545,""best_available_preference"":9.068217,""preference_band"":0.2}"
updated,B04,13,,B04,PT004,DS001,White; Solid,T011,Near-black / fine white dots,shoe-9,Gucci Loafers — Cognac Horsebit,Cognac Horsebit,,9,9.058767,"{""decision"":""visual_variety_within_preference_band"",""redundancy"":0.153,""best_available_preference"":9.058767,""preference_band"":0.2}"
updated,B04,14,,B04,PT004,DS019,Chestnut/warm mid-brown; Solid,T028,Midnight-navy tonal paisley,shoe-9,Gucci Loafers — Cognac Horsebit,Cognac Horsebit,,9.1,9.025789,"{""decision"":""visual_variety_within_preference_band"",""redundancy"":0.067846,""best_available_preference"":9.052532,""preference_band"":0.2}"
updated,B04,15,,B04,PT005,DS024,Pale pink; Solid,T032,Purple / navy-white diagonal stripe,shoe-19,Louis Vuitton Loafers — Black Monogram,Black Monogram,,9,9.051594,"{""decision"":""visual_variety_within_preference_band"",""redundancy"":0.110571,""best_available_preference"":9.051594,""preference_band"":0.2}"
baseline,B05,1,,B05,PG002,DS024,Pale pink; Solid,T043,Black / muted pale floral outline,shoe-10,Gucci Loafers — Cognac & Dark Espresso Brown Two-Tone GG Embossed Horsebit,Cognac & Dark Espresso Brown Two-Tone GG Embossed Horsebit,,9.5,,null
baseline,B05,2,,B05,PG003,DS024,Pale pink; Solid,T043,Black / muted pale floral outline,shoe-10,Gucci Loafers — Cognac & Dark Espresso Brown Two-Tone GG Embossed Horsebit,Cognac & Dark Espresso Brown Two-Tone GG Embossed Horsebit,,9.5,,null
baseline,B05,3,,B05,PN002,DS025,Light pink; Solid,T024,Royal blue / beige-gold paisley,shoe-14,"Hermes Loafers — Cognac/Chestnut Kelly Hardware, Dark Espresso Patina","Cognac/Chestnut Kelly Hardware, Dark Espresso Patina",,9.5,,null
baseline,B05,4,,B05,PN002,DS002,Cream/white; Check/grid,NO_TIE,No Tie,shoe-14,"Hermes Loafers — Cognac/Chestnut Kelly Hardware, Dark Espresso Patina","Cognac/Chestnut Kelly Hardware, Dark Espresso Patina",,9.4,,null
baseline,B05,5,,B05,PG003,DS005,Cream/off-white; Visually near-solid; subtle windowpane metadata retained,T010,Near-black / white spaced dots,shoe-9,Gucci Loafers — Cognac Horsebit,Cognac Horsebit,,9.4,,null
baseline,B05,6,,B05,PT001,DS005,Cream/off-white; Visually near-solid; subtle windowpane metadata retained,T010,Near-black / white spaced dots,shoe-11,"Gucci Loafers — Dark Espresso Brown/Oxblood Horsebit, Polished Leather","Dark Espresso Brown/Oxblood Horsebit, Polished Leather",,9.4,,null
baseline,B05,7,,B05,PT001,DS006,Light blue; Solid,T006,Dark ground / blue-gold floral,shoe-11,"Gucci Loafers — Dark Espresso Brown/Oxblood Horsebit, Polished Leather","Dark Espresso Brown/Oxblood Horsebit, Polished Leather",,9.4,,null
baseline,B05,8,,B05,PT002,DS006,Light blue; Solid,T006,Dark ground / blue-gold floral,shoe-9,Gucci Loafers — Cognac Horsebit,Cognac Horsebit,,9.4,,null
baseline,B05,9,,B05,PG002,DS014,White; Solid,T011,Near-black / fine white dots,shoe-15,Loro Piana Loafers — Brown Suede Penny,Brown Suede Penny,,9.4,,null
baseline,B05,10,,B05,PT002,DS014,White; Solid,T011,Near-black / fine white dots,shoe-13,Hermes Loafers — Black Kelly Hardware,Black Kelly Hardware,,9.4,,null
baseline,B05,11,,B05,PT003,DS015,Owner-corrected ice-blue tonal checkerboard,NO_TIE,No Tie,shoe-13,Hermes Loafers — Black Kelly Hardware,Black Kelly Hardware,,9.4,,null
baseline,B05,12,,B05,PT003,DS022,Darker lavender; Solid,T026,Ice-blue / silver monogram,shoe-17,Louis Vuitton Loafers — Black Damier,Black Damier,,9.4,,null
baseline,B05,13,,B05,PT004,DS022,Darker lavender; Solid,T026,Ice-blue / silver monogram,shoe-17,Louis Vuitton Loafers — Black Damier,Black Damier,,9.4,,null
baseline,B05,14,,B05,PB001,DS025,Light pink; Solid,T012,Black tonal lattice,shoe-15,Loro Piana Loafers — Brown Suede Penny,Brown Suede Penny,,9.4,,null
baseline,B05,15,,B05,PT004,DS001,White; Solid,T012,Black tonal lattice,shoe-19,Louis Vuitton Loafers — Black Monogram,Black Monogram,,9.3,,null
updated,B05,1,,B05,PN002,DS025,Light pink; Solid,T024,Royal blue / beige-gold paisley,shoe-15,Loro Piana Loafers — Brown Suede Penny,Brown Suede Penny,,9.5,9.113817,"{""decision"":""best_preference_with_confirmed_history_rotation"",""redundancy"":0}"
updated,B05,2,,B05,PG003,DS027,White/light ground; Bengal stripe,T010,Near-black / white spaced dots,shoe-15,Loro Piana Loafers — Brown Suede Penny,Brown Suede Penny,,9.4,9.106854,"{""decision"":""visual_variety_within_preference_band"",""redundancy"":0.045,""best_available_preference"":9.111359,""preference_band"":0.2}"
updated,B05,3,,B05,PN002,DS002,Cream/white; Check/grid,NO_TIE,No Tie,shoe-11,"Gucci Loafers — Dark Espresso Brown/Oxblood Horsebit, Polished Leather","Dark Espresso Brown/Oxblood Horsebit, Polished Leather",,9.4,9.09483,"{""decision"":""visual_variety_within_preference_band"",""redundancy"":0.045,""best_available_preference"":9.109109,""preference_band"":0.2}"
updated,B05,4,,B05,PG003,DS006,Light blue; Solid,T033,Dark navy / blue-gold monogram,shoe-11,"Gucci Loafers — Dark Espresso Brown/Oxblood Horsebit, Polished Leather","Dark Espresso Brown/Oxblood Horsebit, Polished Leather",,9.4,9.105042,"{""decision"":""visual_variety_within_preference_band"",""redundancy"":0.066,""best_available_preference"":9.109109,""preference_band"":0.2}"
updated,B05,5,,B05,PG002,DS018,Mauve/rose; Prince of Wales/glen check,T014,Dark ground / silver ring dots,shoe-13,Hermes Loafers — Black Kelly Hardware,Black Kelly Hardware,,9.3,9.093125,"{""decision"":""visual_variety_within_preference_band"",""redundancy"":0.072,""best_available_preference"":9.102397,""preference_band"":0.2}"
updated,B05,6,,B05,PG002,DS014,White; Solid,T046,Pink / silver check,shoe-13,Hermes Loafers — Black Kelly Hardware,Black Kelly Hardware,,9.3,9.087879,"{""decision"":""visual_variety_within_preference_band"",""redundancy"":0.0888,""best_available_preference"":9.102397,""preference_band"":0.2}"
updated,B05,7,,B05,PT001,DS006,Light blue; Solid,T006,Dark ground / blue-gold floral,shoe-17,Louis Vuitton Loafers — Black Damier,Black Damier,,9.4,9.097184,"{""decision"":""visual_variety_within_preference_band"",""redundancy"":0.112,""best_available_preference"":9.102326,""preference_band"":0.2}"
updated,B05,8,,B05,PT001,DS025,Light pink; Solid,T007,Charcoal / pale-pink diagonal lattice,shoe-17,Louis Vuitton Loafers — Black Damier,Black Damier,,9.3,9.088986,"{""decision"":""visual_variety_within_preference_band"",""redundancy"":0.108,""best_available_preference"":9.102326,""preference_band"":0.2}"
updated,B05,9,,B05,PT002,DS004,White; Fine horizontal stripe,T017,Pale blue / white paisley,shoe-8,Gucci Loafers — Black Horsebit,Black Horsebit,,9.3,9.09388,"{""decision"":""visual_variety_within_preference_band"",""redundancy"":0.1125,""best_available_preference"":9.102326,""preference_band"":0.2}"
updated,B05,10,,B05,PT002,DS004,White; Fine horizontal stripe,T028,Midnight-navy tonal paisley,shoe-8,Gucci Loafers — Black Horsebit,Black Horsebit,,9.3,9.091201,"{""decision"":""visual_variety_within_preference_band"",""redundancy"":0.113333,""best_available_preference"":9.102326,""preference_band"":0.2}"
updated,B05,11,,B05,PT003,DS027,White/light ground; Bengal stripe,T038,Fuchsia / pale-blue floral,shoe-4,Christian Louboutin Dress Shoes — Dark Brown Derby Lace-up,Dark Brown Derby Lace-up,,9.2,9.077519,"{""decision"":""visual_variety_within_preference_band"",""redundancy"":0.1155,""best_available_preference"":9.097075,""preference_band"":0.2}"
updated,B05,12,,B05,PT003,DS014,White; Solid,T010,Near-black / white spaced dots,shoe-4,Christian Louboutin Dress Shoes — Dark Brown Derby Lace-up,Dark Brown Derby Lace-up,,9.4,9.097075,"{""decision"":""visual_variety_within_preference_band"",""redundancy"":0.135545,""best_available_preference"":9.097075,""preference_band"":0.2}"
updated,B05,13,,B05,PT004,DS007,Light blue; Micro-check,T024,Royal blue / beige-gold paisley,shoe-49,"Berluti Dress Shoes — Alessandro Infini Alto Oxford, Venezia calf, brown patina, lug sole","Alessandro Infini Alto Oxford, brown Venezia calf patina, lug sole",,9.3,9.084447,"{""decision"":""visual_variety_within_preference_band"",""redundancy"":0.12425,""best_available_preference"":9.091934,""preference_band"":0.2}"
updated,B05,14,,B05,PT004,DS024,Pale pink; Solid,T025,Muted slate-brown / wine paisley,shoe-49,"Berluti Dress Shoes — Alessandro Infini Alto Oxford, Venezia calf, brown patina, lug sole","Alessandro Infini Alto Oxford, brown Venezia calf patina, lug sole",,9.2,9.078875,"{""decision"":""visual_variety_within_preference_band"",""redundancy"":0.122538,""best_available_preference"":9.091934,""preference_band"":0.2}"
updated,B05,15,,B05,PT005,DS007,Light blue; Micro-check,T039,Navy / light-blue floral,shoe-5,Ecco Dress Shoes — Brown Oxford/Derby,Brown Oxford/Derby,,9.3,9.091392,"{""decision"":""visual_variety_within_preference_band"",""redundancy"":0.137786,""best_available_preference"":9.091934,""preference_band"":0.2}"
baseline,B06,1,,B06,PB001,DS019,Chestnut/warm mid-brown; Solid,T043,Black / muted pale floral outline,shoe-13,Hermes Loafers — Black Kelly Hardware,Black Kelly Hardware,,9.4,,null
baseline,B06,2,,B06,PB002,DS019,Chestnut/warm mid-brown; Solid,T043,Black / muted pale floral outline,shoe-13,Hermes Loafers — Black Kelly Hardware,Black Kelly Hardware,,9.4,,null
baseline,B06,3,,B06,PB001,DS023,Deep burgundy/oxblood; Solid color with micro-texture,T010,Near-black / white spaced dots,shoe-17,Louis Vuitton Loafers — Black Damier,Black Damier,,9.3,,null
baseline,B06,4,,B06,PB002,DS023,Deep burgundy/oxblood; Solid color with micro-texture,T010,Near-black / white spaced dots,shoe-17,Louis Vuitton Loafers — Black Damier,Black Damier,,9.3,,null
baseline,B06,5,,B06,PB003,DS024,Pale pink; Solid,T032,Purple / navy-white diagonal stripe,shoe-19,Louis Vuitton Loafers — Black Monogram,Black Monogram,,9.3,,null
baseline,B06,6,,B06,PB004,DS024,Pale pink; Solid,T032,Purple / navy-white diagonal stripe,shoe-19,Louis Vuitton Loafers — Black Monogram,Black Monogram,,9.3,,null
baseline,B06,7,,B06,PB003,DS025,Light pink; Solid,T027,Deep purple / pale medallions,shoe-8,Gucci Loafers — Black Horsebit,Black Horsebit,,9.3,,null
baseline,B06,8,,B06,PB004,DS025,Light pink; Solid,T027,Deep purple / pale medallions,shoe-8,Gucci Loafers — Black Horsebit,Black Horsebit,,9.3,,null
baseline,B06,9,,B06,PG001,DS001,White; Solid,T015,Navy / fine diagonal stripe,shoe-10,Gucci Loafers — Cognac & Dark Espresso Brown Two-Tone GG Embossed Horsebit,Cognac & Dark Espresso Brown Two-Tone GG Embossed Horsebit,,9.2,,null
baseline,B06,10,,B06,PG002,DS001,White; Solid,T015,Navy / fine diagonal stripe,shoe-10,Gucci Loafers — Cognac & Dark Espresso Brown Two-Tone GG Embossed Horsebit,Cognac & Dark Espresso Brown Two-Tone GG Embossed Horsebit,,9.2,,null
baseline,B06,11,,B06,PG001,DS004,White; Fine horizontal stripe,T030,Aubergine tonal geometric,shoe-14,"Hermes Loafers — Cognac/Chestnut Kelly Hardware, Dark Espresso Patina","Cognac/Chestnut Kelly Hardware, Dark Espresso Patina",,9.2,,null
baseline,B06,12,,B06,PG002,DS004,White; Fine horizontal stripe,T030,Aubergine tonal geometric,shoe-14,"Hermes Loafers — Cognac/Chestnut Kelly Hardware, Dark Espresso Patina","Cognac/Chestnut Kelly Hardware, Dark Espresso Patina",,9.2,,null
baseline,B06,13,,B06,PN002,DS006,Light blue; Solid,T033,Dark navy / blue-gold monogram,shoe-9,Gucci Loafers — Cognac Horsebit,Cognac Horsebit,,9.2,,null
baseline,B06,14,,B06,PT001,DS006,Light blue; Solid,T033,Dark navy / blue-gold monogram,shoe-1,Christian Louboutin Dress Shoes — Black Single Monk,Black Single Monk,,9.2,,null
baseline,B06,15,,B06,PT001,DS007,Light blue; Micro-check,T039,Navy / light-blue floral,shoe-1,Christian Louboutin Dress Shoes — Black Single Monk,Black Single Monk,,9.2,,null
updated,B06,1,,B06,PG002,DS019,Chestnut/warm mid-brown; Solid,T029,Navy / silver ornamental medallions,shoe-13,Hermes Loafers — Black Kelly Hardware,Black Kelly Hardware,,9.3,9.090922,"{""decision"":""best_preference_with_confirmed_history_rotation"",""redundancy"":0}"
updated,B06,2,,B06,PB001,DS027,White/light ground; Bengal stripe,T041,Silver / navy monogram,shoe-13,Hermes Loafers — Black Kelly Hardware,Black Kelly Hardware,,9,9.059549,"{""decision"":""visual_variety_within_preference_band"",""redundancy"":0.027,""best_available_preference"":9.090576,""preference_band"":0.2}"
updated,B06,3,,B06,PB001,DS025,Light pink; Solid,T032,Purple / navy-white diagonal stripe,shoe-17,Louis Vuitton Loafers — Black Damier,Black Damier,,9.3,9.084072,"{""decision"":""visual_variety_within_preference_band"",""redundancy"":0.0525,""best_available_preference"":9.090576,""preference_band"":0.2}"
updated,B06,4,,B06,PG002,DS023,Deep burgundy/oxblood; Solid color with micro-texture,T014,Dark ground / silver ring dots,shoe-17,Louis Vuitton Loafers — Black Damier,Black Damier,,9.2,9.082813,"{""decision"":""visual_variety_within_preference_band"",""redundancy"":0.065,""best_available_preference"":9.090576,""preference_band"":0.2}"
updated,B06,5,,B06,PG001,DS022,Darker lavender; Solid,T016,Burgundy-red / silver diagonal stripe,shoe-8,Gucci Loafers — Black Horsebit,Black Horsebit,,9.1,9.071791,"{""decision"":""visual_variety_within_preference_band"",""redundancy"":0.06675,""best_available_preference"":9.089066,""preference_band"":0.2}"
updated,B06,6,,B06,PB002,DS006,Light blue; Solid,T018,Dark brown / slate-blue paisley,shoe-8,Gucci Loafers — Black Horsebit,Black Horsebit,,9.1,9.065282,"{""decision"":""visual_variety_within_preference_band"",""redundancy"":0.0666,""best_available_preference"":9.089066,""preference_band"":0.2}"
updated,B06,7,,B06,PG001,DS018,Mauve/rose; Prince of Wales/glen check,T036,Purple / grey ornamental medallions,shoe-15,Loro Piana Loafers — Brown Suede Penny,Brown Suede Penny,,9,9.067751,"{""decision"":""visual_variety_within_preference_band"",""redundancy"":0.0825,""best_available_preference"":9.088691,""preference_band"":0.2}"
updated,B06,8,,B06,PT001,DS014,White; Solid,T010,Near-black / white spaced dots,shoe-15,Loro Piana Loafers — Brown Suede Penny,Brown Suede Penny,,9.2,9.078451,"{""decision"":""visual_variety_within_preference_band"",""redundancy"":0.098143,""best_available_preference"":9.085819,""preference_band"":0.2}"
updated,B06,9,,B06,PB002,DS025,Light pink; Solid,T007,Charcoal / pale-pink diagonal lattice,shoe-11,"Gucci Loafers — Dark Espresso Brown/Oxblood Horsebit, Polished Leather","Dark Espresso Brown/Oxblood Horsebit, Polished Leather",,9.2,9.070919,"{""decision"":""visual_variety_within_preference_band"",""redundancy"":0.106125,""best_available_preference"":9.083569,""preference_band"":0.2}"
updated,B06,10,,B06,PT001,DS006,Light blue; Solid,T033,Dark navy / blue-gold monogram,shoe-11,"Gucci Loafers — Dark Espresso Brown/Oxblood Horsebit, Polished Leather","Dark Espresso Brown/Oxblood Horsebit, Polished Leather",,9.2,9.071322,"{""decision"":""visual_variety_within_preference_band"",""redundancy"":0.108333,""best_available_preference"":9.083569,""preference_band"":0.2}"
updated,B06,11,,B06,PB003,DS022,Darker lavender; Solid,T032,Purple / navy-white diagonal stripe,shoe-14,"Hermes Loafers — Cognac/Chestnut Kelly Hardware, Dark Espresso Patina","Cognac/Chestnut Kelly Hardware, Dark Espresso Patina",,9.2,9.077006,"{""decision"":""visual_variety_within_preference_band"",""redundancy"":0.1203,""best_available_preference"":9.077006,""preference_band"":0.2}"
updated,B06,12,,B06,PB003,DS004,White; Fine horizontal stripe,T018,Dark brown / slate-blue paisley,shoe-14,"Hermes Loafers — Cognac/Chestnut Kelly Hardware, Dark Espresso Patina","Cognac/Chestnut Kelly Hardware, Dark Espresso Patina",,9.1,9.058234,"{""decision"":""visual_variety_within_preference_band"",""redundancy"":0.109364,""best_available_preference"":9.069638,""preference_band"":0.2}"
updated,B06,13,,B06,PB004,DS024,Pale pink; Solid,T041,Silver / navy monogram,shoe-9,Gucci Loafers — Cognac Horsebit,Cognac Horsebit,,9.1,9.056209,"{""decision"":""visual_variety_within_preference_band"",""redundancy"":0.10975,""best_available_preference"":9.069638,""preference_band"":0.2}"
updated,B06,14,,B06,PB004,DS019,Chestnut/warm mid-brown; Solid,T043,Black / muted pale floral outline,shoe-9,Gucci Loafers — Cognac Horsebit,Cognac Horsebit,,9.4,9.052766,"{""decision"":""visual_variety_within_preference_band"",""redundancy"":0.107308,""best_available_preference"":9.069638,""preference_band"":0.2}"
updated,B06,15,,B06,PT002,DS027,White/light ground; Bengal stripe,T010,Near-black / white spaced dots,shoe-19,Louis Vuitton Loafers — Black Monogram,Black Monogram,,9.2,9.065728,"{""decision"":""visual_variety_within_preference_band"",""redundancy"":0.123214,""best_available_preference"":9.068701,""preference_band"":0.2}"
baseline,B07,1,,B07,PB001,DS014,White; Solid,T033,Dark navy / blue-gold monogram,shoe-10,Gucci Loafers — Cognac & Dark Espresso Brown Two-Tone GG Embossed Horsebit,Cognac & Dark Espresso Brown Two-Tone GG Embossed Horsebit,,9.4,,null
baseline,B07,2,,B07,PB002,DS014,White; Solid,T033,Dark navy / blue-gold monogram,shoe-10,Gucci Loafers — Cognac & Dark Espresso Brown Two-Tone GG Embossed Horsebit,Cognac & Dark Espresso Brown Two-Tone GG Embossed Horsebit,,9.4,,null
baseline,B07,3,,B07,PB001,DS019,Chestnut/warm mid-brown; Solid,T015,Navy / fine diagonal stripe,shoe-14,"Hermes Loafers — Cognac/Chestnut Kelly Hardware, Dark Espresso Patina","Cognac/Chestnut Kelly Hardware, Dark Espresso Patina",,9.4,,null
baseline,B07,4,,B07,PB002,DS019,Chestnut/warm mid-brown; Solid,T015,Navy / fine diagonal stripe,shoe-14,"Hermes Loafers — Cognac/Chestnut Kelly Hardware, Dark Espresso Patina","Cognac/Chestnut Kelly Hardware, Dark Espresso Patina",,9.4,,null
baseline,B07,5,,B07,PB003,DS001,White; Solid,T010,Near-black / white spaced dots,shoe-9,Gucci Loafers — Cognac Horsebit,Cognac Horsebit,,9.3,,null
baseline,B07,6,,B07,PB004,DS001,White; Solid,T010,Near-black / white spaced dots,shoe-9,Gucci Loafers — Cognac Horsebit,Cognac Horsebit,,9.3,,null
baseline,B07,7,,B07,PB003,DS004,White; Fine horizontal stripe,T028,Midnight-navy tonal paisley,shoe-13,Hermes Loafers — Black Kelly Hardware,Black Kelly Hardware,,9.3,,null
baseline,B07,8,,B07,PB004,DS004,White; Fine horizontal stripe,T028,Midnight-navy tonal paisley,shoe-13,Hermes Loafers — Black Kelly Hardware,Black Kelly Hardware,,9.3,,null
baseline,B07,9,,B07,PG001,DS008,White; Fine horizontal stripe,T006,Dark ground / blue-gold floral,shoe-15,Loro Piana Loafers — Brown Suede Penny,Brown Suede Penny,,9.3,,null
baseline,B07,10,,B07,PG002,DS008,White; Fine horizontal stripe,T006,Dark ground / blue-gold floral,shoe-15,Loro Piana Loafers — Brown Suede Penny,Brown Suede Penny,,9.3,,null
baseline,B07,11,,B07,PG001,DS021,Very light lavender; Pinstripe,T020,Navy / burgundy-tan paisley,shoe-17,Louis Vuitton Loafers — Black Damier,Black Damier,,9.3,,null
baseline,B07,12,,B07,PG002,DS021,Very light lavender; Pinstripe,T020,Navy / burgundy-tan paisley,shoe-17,Louis Vuitton Loafers — Black Damier,Black Damier,,9.3,,null
baseline,B07,13,,B07,PG003,DS023,Deep burgundy/oxblood; Solid color with micro-texture,T012,Black tonal lattice,shoe-18,"Louis Vuitton Loafers — Beige/Taupe Monogram Canvas, Dark Brown Trim","Beige/Taupe Monogram Canvas, Dark Brown Trim",,9.3,,null
baseline,B07,14,,B07,PN002,DS023,Deep burgundy/oxblood; Solid color with micro-texture,T012,Black tonal lattice,shoe-18,"Louis Vuitton Loafers — Beige/Taupe Monogram Canvas, Dark Brown Trim","Beige/Taupe Monogram Canvas, Dark Brown Trim",,9.3,,null
baseline,B07,15,,B07,PT001,DS027,White/light ground; Bengal stripe,T011,Near-black / fine white dots,shoe-19,Louis Vuitton Loafers — Black Monogram,Black Monogram,,9.3,,null
updated,B07,1,,B07,PG002,DS019,Chestnut/warm mid-brown; Solid,T020,Navy / burgundy-tan paisley,shoe-13,Hermes Loafers — Black Kelly Hardware,Black Kelly Hardware,,9.4,9.100638,"{""decision"":""best_preference_with_confirmed_history_rotation"",""redundancy"":0}"
updated,B07,2,,B07,PG002,DS027,White/light ground; Bengal stripe,T010,Near-black / white spaced dots,shoe-13,Hermes Loafers — Black Kelly Hardware,Black Kelly Hardware,,9.3,9.093667,"{""decision"":""visual_variety_within_preference_band"",""redundancy"":0.027,""best_available_preference"":9.100479,""preference_band"":0.2}"
updated,B07,3,,B07,PG001,DS021,Very light lavender; Pinstripe,T030,Aubergine tonal geometric,shoe-17,Louis Vuitton Loafers — Black Damier,Black Damier,,9.2,9.085664,"{""decision"":""visual_variety_within_preference_band"",""redundancy"":0.0525,""best_available_preference"":9.100245,""preference_band"":0.2}"
updated,B07,4,,B07,PG001,DS023,Deep burgundy/oxblood; Solid color with micro-texture,T012,Black tonal lattice,shoe-17,Louis Vuitton Loafers — Black Damier,Black Damier,,9.3,9.092707,"{""decision"":""visual_variety_within_preference_band"",""redundancy"":0.061,""best_available_preference"":9.100245,""preference_band"":0.2}"
updated,B07,5,,B07,PB001,DS008,White; Fine horizontal stripe,T028,Midnight-navy tonal paisley,shoe-8,Gucci Loafers — Black Horsebit,Black Horsebit,,9.3,9.095019,"{""decision"":""visual_variety_within_preference_band"",""redundancy"":0.09375,""best_available_preference"":9.097779,""preference_band"":0.2}"
updated,B07,6,,B07,PB001,DS019,Chestnut/warm mid-brown; Solid,T014,Dark ground / silver ring dots,shoe-8,Gucci Loafers — Black Horsebit,Black Horsebit,,9.3,9.095345,"{""decision"":""visual_variety_within_preference_band"",""redundancy"":0.111,""best_available_preference"":9.097779,""preference_band"":0.2}"
updated,B07,7,,B07,PB002,DS008,White; Fine horizontal stripe,T040,Charcoal tonal geometric,shoe-15,Loro Piana Loafers — Brown Suede Penny,Brown Suede Penny,,9.3,9.094644,"{""decision"":""visual_variety_within_preference_band"",""redundancy"":0.1115,""best_available_preference"":9.09587,""preference_band"":0.2}"
updated,B07,8,,B07,PB002,DS014,White; Solid,T032,Purple / navy-white diagonal stripe,shoe-15,Loro Piana Loafers — Brown Suede Penny,Brown Suede Penny,,9.3,9.089297,"{""decision"":""visual_variety_within_preference_band"",""redundancy"":0.113571,""best_available_preference"":9.09587,""preference_band"":0.2}"
updated,B07,9,,B07,PB003,DS021,Very light lavender; Pinstripe,T014,Dark ground / silver ring dots,shoe-11,"Gucci Loafers — Dark Espresso Brown/Oxblood Horsebit, Polished Leather","Dark Espresso Brown/Oxblood Horsebit, Polished Leather",,9.2,9.084374,"{""decision"":""visual_variety_within_preference_band"",""redundancy"":0.113625,""best_available_preference"":9.09362,""preference_band"":0.2}"
updated,B07,10,,B07,PB003,DS004,White; Fine horizontal stripe,T018,Dark brown / slate-blue paisley,shoe-11,"Gucci Loafers — Dark Espresso Brown/Oxblood Horsebit, Polished Leather","Dark Espresso Brown/Oxblood Horsebit, Polished Leather",,9.2,9.084685,"{""decision"":""visual_variety_within_preference_band"",""redundancy"":0.113667,""best_available_preference"":9.09362,""preference_band"":0.2}"
updated,B07,11,,B07,PG003,DS027,White/light ground; Bengal stripe,T028,Midnight-navy tonal paisley,shoe-14,"Hermes Loafers — Cognac/Chestnut Kelly Hardware, Dark Espresso Patina","Cognac/Chestnut Kelly Hardware, Dark Espresso Patina",,9.3,9.080888,"{""decision"":""visual_variety_within_preference_band"",""redundancy"":0.1287,""best_available_preference"":9.087058,""preference_band"":0.2}"
updated,B07,12,,B07,PG003,DS014,White; Solid,T043,Black / muted pale floral outline,shoe-14,"Hermes Loafers — Cognac/Chestnut Kelly Hardware, Dark Espresso Patina","Cognac/Chestnut Kelly Hardware, Dark Espresso Patina",,9.3,9.08386,"{""decision"":""visual_variety_within_preference_band"",""redundancy"":0.132,""best_available_preference"":9.087058,""preference_band"":0.2}"
updated,B07,13,,B07,PB004,DS001,White; Solid,T010,Near-black / white spaced dots,shoe-9,Gucci Loafers — Cognac Horsebit,Cognac Horsebit,,9.3,9.080758,"{""decision"":""visual_variety_within_preference_band"",""redundancy"":0.1465,""best_available_preference"":9.080758,""preference_band"":0.2}"
updated,B07,14,,B07,PB004,DS004,White; Fine horizontal stripe,T018,Dark brown / slate-blue paisley,shoe-9,Gucci Loafers — Cognac Horsebit,Cognac Horsebit,,9.2,9.078122,"{""decision"":""visual_variety_within_preference_band"",""redundancy"":0.154615,""best_available_preference"":9.078122,""preference_band"":0.2}"
updated,B07,15,,B07,PN002,DS002,Cream/white; Check/grid,T023,Burgundy / blue paisley,shoe-19,Louis Vuitton Loafers — Black Monogram,Black Monogram,,8.9,9.044542,"{""decision"":""visual_variety_within_preference_band"",""redundancy"":0.057429,""best_available_preference"":9.07352,""preference_band"":0.2}"
baseline,B08,1,,B08,PB001,DS019,Chestnut/warm mid-brown; Solid,T002,Tobacco / blue medallion grid,shoe-10,Gucci Loafers — Cognac & Dark Espresso Brown Two-Tone GG Embossed Horsebit,Cognac & Dark Espresso Brown Two-Tone GG Embossed Horsebit,,9.4,,null
baseline,B08,2,,B08,PB002,DS019,Chestnut/warm mid-brown; Solid,T002,Tobacco / blue medallion grid,shoe-10,Gucci Loafers — Cognac & Dark Espresso Brown Two-Tone GG Embossed Horsebit,Cognac & Dark Espresso Brown Two-Tone GG Embossed Horsebit,,9.4,,null
baseline,B08,3,,B08,PB001,DS014,White; Solid,T033,Dark navy / blue-gold monogram,shoe-14,"Hermes Loafers — Cognac/Chestnut Kelly Hardware, Dark Espresso Patina","Cognac/Chestnut Kelly Hardware, Dark Espresso Patina",,9.3,,null
baseline,B08,4,,B08,PB002,DS014,White; Solid,T033,Dark navy / blue-gold monogram,shoe-14,"Hermes Loafers — Cognac/Chestnut Kelly Hardware, Dark Espresso Patina","Cognac/Chestnut Kelly Hardware, Dark Espresso Patina",,9.3,,null
baseline,B08,5,,B08,PB003,DS023,Deep burgundy/oxblood; Solid color with micro-texture,T010,Near-black / white spaced dots,shoe-9,Gucci Loafers — Cognac Horsebit,Cognac Horsebit,,9.3,,null
baseline,B08,6,,B08,PB004,DS023,Deep burgundy/oxblood; Solid color with micro-texture,T010,Near-black / white spaced dots,shoe-9,Gucci Loafers — Cognac Horsebit,Cognac Horsebit,,9.3,,null
baseline,B08,7,,B08,PB003,DS024,Pale pink; Solid,T015,Navy / fine diagonal stripe,shoe-11,"Gucci Loafers — Dark Espresso Brown/Oxblood Horsebit, Polished Leather","Dark Espresso Brown/Oxblood Horsebit, Polished Leather",,9.3,,null
baseline,B08,8,,B08,PB004,DS024,Pale pink; Solid,T015,Navy / fine diagonal stripe,shoe-11,"Gucci Loafers — Dark Espresso Brown/Oxblood Horsebit, Polished Leather","Dark Espresso Brown/Oxblood Horsebit, Polished Leather",,9.3,,null
baseline,B08,9,,B08,PG001,DS025,Light pink; Solid,T020,Navy / burgundy-tan paisley,shoe-15,Loro Piana Loafers — Brown Suede Penny,Brown Suede Penny,,9.3,,null
baseline,B08,10,,B08,PG002,DS025,Light pink; Solid,T020,Navy / burgundy-tan paisley,shoe-15,Loro Piana Loafers — Brown Suede Penny,Brown Suede Penny,,9.3,,null
baseline,B08,11,,B08,PG001,DS001,White; Solid,T001,Taupe horsebit,shoe-18,"Louis Vuitton Loafers — Beige/Taupe Monogram Canvas, Dark Brown Trim","Beige/Taupe Monogram Canvas, Dark Brown Trim",,9.2,,null
baseline,B08,12,,B08,PG002,DS001,White; Solid,T001,Taupe horsebit,shoe-18,"Louis Vuitton Loafers — Beige/Taupe Monogram Canvas, Dark Brown Trim","Beige/Taupe Monogram Canvas, Dark Brown Trim",,9.2,,null
baseline,B08,13,,B08,PN002,DS004,White; Fine horizontal stripe,T006,Dark ground / blue-gold floral,shoe-6,Allen Edmonds Dress Shoes — Brown Double Monk Strap,Brown Double Monk Strap,,9.2,,null
baseline,B08,14,,B08,PT001,DS004,White; Fine horizontal stripe,T006,Dark ground / blue-gold floral,shoe-13,Hermes Loafers — Black Kelly Hardware,Black Kelly Hardware,,9.2,,null
baseline,B08,15,,B08,PN002,DS006,Light blue; Solid,T018,Dark brown / slate-blue paisley,shoe-6,Allen Edmonds Dress Shoes — Brown Double Monk Strap,Brown Double Monk Strap,,9.2,,null
updated,B08,1,,B08,PB001,DS019,Chestnut/warm mid-brown; Solid,T020,Navy / burgundy-tan paisley,shoe-15,Loro Piana Loafers — Brown Suede Penny,Brown Suede Penny,,9.4,9.11207,"{""decision"":""best_preference_with_confirmed_history_rotation"",""redundancy"":0}"
updated,B08,2,,B08,PB001,DS027,White/light ground; Bengal stripe,T010,Near-black / white spaced dots,shoe-15,Loro Piana Loafers — Brown Suede Penny,Brown Suede Penny,,9.2,9.083353,"{""decision"":""visual_variety_within_preference_band"",""redundancy"":0.027,""best_available_preference"":9.11207,""preference_band"":0.2}"
updated,B08,3,,B08,PB002,DS025,Light pink; Solid,T032,Purple / navy-white diagonal stripe,shoe-11,"Gucci Loafers — Dark Espresso Brown/Oxblood Horsebit, Polished Leather","Dark Espresso Brown/Oxblood Horsebit, Polished Leather",,9.3,9.087404,"{""decision"":""visual_variety_within_preference_band"",""redundancy"":0.0525,""best_available_preference"":9.10982,""preference_band"":0.2}"
updated,B08,4,,B08,PG002,DS023,Deep burgundy/oxblood; Solid color with micro-texture,T014,Dark ground / silver ring dots,shoe-11,"Gucci Loafers — Dark Espresso Brown/Oxblood Horsebit, Polished Leather","Dark Espresso Brown/Oxblood Horsebit, Polished Leather",,9.2,9.090363,"{""decision"":""visual_variety_within_preference_band"",""redundancy"":0.075,""best_available_preference"":9.10982,""preference_band"":0.2}"
updated,B08,5,,B08,PG002,DS021,Very light lavender; Pinstripe,T025,Muted slate-brown / wine paisley,shoe-13,Hermes Loafers — Black Kelly Hardware,Black Kelly Hardware,,9.1,9.067167,"{""decision"":""visual_variety_within_preference_band"",""redundancy"":0.06825,""best_available_preference"":9.10457,""preference_band"":0.2}"
updated,B08,6,,B08,PB002,DS006,Light blue; Solid,T033,Dark navy / blue-gold monogram,shoe-13,Hermes Loafers — Black Kelly Hardware,Black Kelly Hardware,,9.2,9.07844,"{""decision"":""visual_variety_within_preference_band"",""redundancy"":0.0822,""best_available_preference"":9.10457,""preference_band"":0.2}"
updated,B08,7,,B08,PB003,DS019,Chestnut/warm mid-brown; Solid,T010,Near-black / white spaced dots,shoe-17,Louis Vuitton Loafers — Black Damier,Black Damier,,9.4,9.098495,"{""decision"":""visual_variety_within_preference_band"",""redundancy"":0.1105,""best_available_preference"":9.10457,""preference_band"":0.2}"
updated,B08,8,,B08,PB003,DS018,Mauve/rose; Prince of Wales/glen check,T018,Dark brown / slate-blue paisley,shoe-17,Louis Vuitton Loafers — Black Damier,Black Damier,,9.1,9.077387,"{""decision"":""visual_variety_within_preference_band"",""redundancy"":0.093857,""best_available_preference"":9.083257,""preference_band"":0.2}"
updated,B08,9,,B08,PB004,DS022,Darker lavender; Solid,T032,Purple / navy-white diagonal stripe,shoe-8,Gucci Loafers — Black Horsebit,Black Horsebit,,9.1,9.077375,"{""decision"":""visual_variety_within_preference_band"",""redundancy"":0.095625,""best_available_preference"":9.083257,""preference_band"":0.2}"
updated,B08,10,,B08,PB004,DS025,Light pink; Solid,T025,Muted slate-brown / wine paisley,shoe-8,Gucci Loafers — Black Horsebit,Black Horsebit,,9.3,9.081744,"{""decision"":""visual_variety_within_preference_band"",""redundancy"":0.110333,""best_available_preference"":9.083257,""preference_band"":0.2}"
updated,B08,11,,B08,PG001,DS018,Mauve/rose; Prince of Wales/glen check,T014,Dark ground / silver ring dots,shoe-4,Christian Louboutin Dress Shoes — Dark Brown Derby Lace-up,Dark Brown Derby Lace-up,,9.1,9.070511,"{""decision"":""visual_variety_within_preference_band"",""redundancy"":0.1107,""best_available_preference"":9.078007,""preference_band"":0.2}"
updated,B08,12,,B08,PG001,DS024,Pale pink; Solid,T029,Navy / silver ornamental medallions,shoe-4,Christian Louboutin Dress Shoes — Dark Brown Derby Lace-up,Dark Brown Derby Lace-up,,9.2,9.071672,"{""decision"":""visual_variety_within_preference_band"",""redundancy"":0.111545,""best_available_preference"":9.07319,""preference_band"":0.2}"
updated,B08,13,,B08,PT001,DS014,White; Solid,T018,Dark brown / slate-blue paisley,shoe-49,"Berluti Dress Shoes — Alessandro Infini Alto Oxford, Venezia calf, brown patina, lug sole","Alessandro Infini Alto Oxford, brown Venezia calf patina, lug sole",,9.2,9.069408,"{""decision"":""visual_variety_within_preference_band"",""redundancy"":0.11075,""best_available_preference"":9.07319,""preference_band"":0.2}"
updated,B08,14,,B08,PT001,DS014,White; Solid,T011,Near-black / fine white dots,shoe-49,"Berluti Dress Shoes — Alessandro Infini Alto Oxford, Venezia calf, brown patina, lug sole","Alessandro Infini Alto Oxford, brown Venezia calf patina, lug sole",,9.2,9.070426,"{""decision"":""visual_variety_within_preference_band"",""redundancy"":0.131308,""best_available_preference"":9.07319,""preference_band"":0.2}"
updated,B08,15,,B08,PT002,DS006,Light blue; Solid,T039,Navy / light-blue floral,shoe-5,Ecco Dress Shoes — Brown Oxford/Derby,Brown Oxford/Derby,,9.2,9.07319,"{""decision"":""visual_variety_within_preference_band"",""redundancy"":0.134786,""best_available_preference"":9.07319,""preference_band"":0.2}"
baseline,B09,1,,B09,PB001,DS025,Light pink; Solid,T024,Royal blue / beige-gold paisley,shoe-10,Gucci Loafers — Cognac & Dark Espresso Brown Two-Tone GG Embossed Horsebit,Cognac & Dark Espresso Brown Two-Tone GG Embossed Horsebit,,9.4,,null
baseline,B09,2,,B09,PG002,DS014,White; Solid,T010,Near-black / white spaced dots,shoe-10,Gucci Loafers — Cognac & Dark Espresso Brown Two-Tone GG Embossed Horsebit,Cognac & Dark Espresso Brown Two-Tone GG Embossed Horsebit,,9.4,,null
baseline,B09,3,,B09,PG003,DS014,White; Solid,T010,Near-black / white spaced dots,shoe-14,"Hermes Loafers — Cognac/Chestnut Kelly Hardware, Dark Espresso Patina","Cognac/Chestnut Kelly Hardware, Dark Espresso Patina",,9.4,,null
baseline,B09,4,,B09,PG002,DS021,Very light lavender; Pinstripe,T046,Pink / silver check,shoe-14,"Hermes Loafers — Cognac/Chestnut Kelly Hardware, Dark Espresso Patina","Cognac/Chestnut Kelly Hardware, Dark Espresso Patina",,9.4,,null
baseline,B09,5,,B09,PG003,DS021,Very light lavender; Pinstripe,T046,Pink / silver check,shoe-9,Gucci Loafers — Cognac Horsebit,Cognac Horsebit,,9.4,,null
baseline,B09,6,,B09,PN002,DS022,Darker lavender; Solid,T024,Royal blue / beige-gold paisley,shoe-9,Gucci Loafers — Cognac Horsebit,Cognac Horsebit,,9.4,,null
baseline,B09,7,,B09,PN002,DS022,Darker lavender; Solid,T026,Ice-blue / silver monogram,shoe-11,"Gucci Loafers — Dark Espresso Brown/Oxblood Horsebit, Polished Leather","Dark Espresso Brown/Oxblood Horsebit, Polished Leather",,9.4,,null
baseline,B09,8,,B09,PT001,DS024,Pale pink; Solid,T043,Black / muted pale floral outline,shoe-13,Hermes Loafers — Black Kelly Hardware,Black Kelly Hardware,,9.4,,null
baseline,B09,9,,B09,PT002,DS024,Pale pink; Solid,T043,Black / muted pale floral outline,shoe-13,Hermes Loafers — Black Kelly Hardware,Black Kelly Hardware,,9.4,,null
baseline,B09,10,,B09,PT001,DS025,Light pink; Solid,T042,Black / purple dots,shoe-17,Louis Vuitton Loafers — Black Damier,Black Damier,,9.4,,null
baseline,B09,11,,B09,PT002,DS005,Cream/off-white; Visually near-solid; subtle windowpane metadata retained,T042,Black / purple dots,shoe-17,Louis Vuitton Loafers — Black Damier,Black Damier,,9.3,,null
baseline,B09,12,,B09,PT003,DS008,White; Fine horizontal stripe,T044,Silver-grey tonal floral-paisley,shoe-19,Louis Vuitton Loafers — Black Monogram,Black Monogram,,9.3,,null
baseline,B09,13,,B09,PT004,DS008,White; Fine horizontal stripe,T044,Silver-grey tonal floral-paisley,shoe-19,Louis Vuitton Loafers — Black Monogram,Black Monogram,,9.3,,null
baseline,B09,14,,B09,PT003,DS027,White/light ground; Bengal stripe,T011,Near-black / fine white dots,shoe-8,Gucci Loafers — Black Horsebit,Black Horsebit,,9.3,,null
baseline,B09,15,,B09,PT004,DS027,White/light ground; Bengal stripe,T011,Near-black / fine white dots,shoe-8,Gucci Loafers — Black Horsebit,Black Horsebit,,9.3,,null
updated,B09,1,,B09,PN002,DS025,Light pink; Solid,T024,Royal blue / beige-gold paisley,shoe-13,Hermes Loafers — Black Kelly Hardware,Black Kelly Hardware,,9.4,9.104801,"{""decision"":""best_preference_with_confirmed_history_rotation"",""redundancy"":0}"
updated,B09,2,,B09,PG002,DS027,White/light ground; Bengal stripe,T010,Near-black / white spaced dots,shoe-13,Hermes Loafers — Black Kelly Hardware,Black Kelly Hardware,,9.3,9.094735,"{""decision"":""visual_variety_within_preference_band"",""redundancy"":0.045,""best_available_preference"":9.101651,""preference_band"":0.2}"
updated,B09,3,,B09,PN002,DS002,Cream/white; Check/grid,NO_TIE,No Tie,shoe-17,Louis Vuitton Loafers — Black Damier,Black Damier,,9.3,9.083943,"{""decision"":""visual_variety_within_preference_band"",""redundancy"":0.045,""best_available_preference"":9.101651,""preference_band"":0.2}"
updated,B09,4,,B09,PG002,DS022,Darker lavender; Solid,T036,Purple / grey ornamental medallions,shoe-17,Louis Vuitton Loafers — Black Damier,Black Damier,,9.2,9.087654,"{""decision"":""visual_variety_within_preference_band"",""redundancy"":0.05,""best_available_preference"":9.097708,""preference_band"":0.2}"
updated,B09,5,,B09,PG003,DS006,Light blue; Solid,T033,Dark navy / blue-gold monogram,shoe-8,Gucci Loafers — Black Horsebit,Black Horsebit,,9.2,9.084054,"{""decision"":""visual_variety_within_preference_band"",""redundancy"":0.066,""best_available_preference"":9.097708,""preference_band"":0.2}"
updated,B09,6,,B09,PG003,DS019,Chestnut/warm mid-brown; Solid,T043,Black / muted pale floral outline,shoe-8,Gucci Loafers — Black Horsebit,Black Horsebit,,9.2,9.084249,"{""decision"":""visual_variety_within_preference_band"",""redundancy"":0.0672,""best_available_preference"":9.097708,""preference_band"":0.2}"
updated,B09,7,,B09,PT001,DS008,White; Fine horizontal stripe,T044,Silver-grey tonal floral-paisley,shoe-15,Loro Piana Loafers — Brown Suede Penny,Brown Suede Penny,,9.3,9.087681,"{""decision"":""visual_variety_within_preference_band"",""redundancy"":0.09,""best_available_preference"":9.09587,""preference_band"":0.2}"
updated,B09,8,,B09,PT001,DS005,Cream/off-white; Visually near-solid; subtle windowpane metadata retained,T001,Taupe horsebit,shoe-15,Loro Piana Loafers — Brown Suede Penny,Brown Suede Penny,,9.2,9.084691,"{""decision"":""visual_variety_within_preference_band"",""redundancy"":0.089143,""best_available_preference"":9.09587,""preference_band"":0.2}"
updated,B09,9,,B09,PT002,DS021,Very light lavender; Pinstripe,T025,Muted slate-brown / wine paisley,shoe-11,"Gucci Loafers — Dark Espresso Brown/Oxblood Horsebit, Polished Leather","Dark Espresso Brown/Oxblood Horsebit, Polished Leather",,9.2,9.082355,"{""decision"":""visual_variety_within_preference_band"",""redundancy"":0.09825,""best_available_preference"":9.09362,""preference_band"":0.2}"
updated,B09,10,,B09,PT002,DS027,White/light ground; Bengal stripe,T038,Fuchsia / pale-blue floral,shoe-11,"Gucci Loafers — Dark Espresso Brown/Oxblood Horsebit, Polished Leather","Dark Espresso Brown/Oxblood Horsebit, Polished Leather",,9.2,9.077219,"{""decision"":""visual_variety_within_preference_band"",""redundancy"":0.105333,""best_available_preference"":9.09362,""preference_band"":0.2}"
updated,B09,11,,B09,PT003,DS007,Light blue; Micro-check,T024,Royal blue / beige-gold paisley,shoe-14,"Hermes Loafers — Cognac/Chestnut Kelly Hardware, Dark Espresso Patina","Cognac/Chestnut Kelly Hardware, Dark Espresso Patina",,9.2,9.074463,"{""decision"":""visual_variety_within_preference_band"",""redundancy"":0.1101,""best_available_preference"":9.087058,""preference_band"":0.2}"
updated,B09,12,,B09,PT003,DS025,Light pink; Solid,T007,Charcoal / pale-pink diagonal lattice,shoe-14,"Hermes Loafers — Cognac/Chestnut Kelly Hardware, Dark Espresso Patina","Cognac/Chestnut Kelly Hardware, Dark Espresso Patina",,9.2,9.069697,"{""decision"":""visual_variety_within_preference_band"",""redundancy"":0.106091,""best_available_preference"":9.087058,""preference_band"":0.2}"
updated,B09,13,,B09,PT004,DS024,Pale pink; Solid,T001,Taupe horsebit,shoe-9,Gucci Loafers — Cognac Horsebit,Cognac Horsebit,,9.2,9.072841,"{""decision"":""visual_variety_within_preference_band"",""redundancy"":0.11075,""best_available_preference"":9.087058,""preference_band"":0.2}"
updated,B09,14,,B09,PT004,DS014,White; Solid,T010,Near-black / white spaced dots,shoe-9,Gucci Loafers — Cognac Horsebit,Cognac Horsebit,,9.3,9.087058,"{""decision"":""visual_variety_within_preference_band"",""redundancy"":0.129923,""best_available_preference"":9.087058,""preference_band"":0.2}"
updated,B09,15,,B09,PT005,DS008,White; Fine horizontal stripe,T017,Pale blue / white paisley,shoe-19,Louis Vuitton Loafers — Black Monogram,Black Monogram,,9.2,9.076854,"{""decision"":""visual_variety_within_preference_band"",""redundancy"":0.126643,""best_available_preference"":9.08297,""preference_band"":0.2}"
baseline,B10,1,,B10,PB001,DS014,White; Solid,T015,Navy / fine diagonal stripe,shoe-10,Gucci Loafers — Cognac & Dark Espresso Brown Two-Tone GG Embossed Horsebit,Cognac & Dark Espresso Brown Two-Tone GG Embossed Horsebit,,9.4,,null
baseline,B10,2,,B10,PB002,DS014,White; Solid,T015,Navy / fine diagonal stripe,shoe-10,Gucci Loafers — Cognac & Dark Espresso Brown Two-Tone GG Embossed Horsebit,Cognac & Dark Espresso Brown Two-Tone GG Embossed Horsebit,,9.4,,null
baseline,B10,3,,B10,PB001,DS019,Chestnut/warm mid-brown; Solid,T020,Navy / burgundy-tan paisley,shoe-14,"Hermes Loafers — Cognac/Chestnut Kelly Hardware, Dark Espresso Patina","Cognac/Chestnut Kelly Hardware, Dark Espresso Patina",,9.4,,null
baseline,B10,4,,B10,PB002,DS019,Chestnut/warm mid-brown; Solid,T020,Navy / burgundy-tan paisley,shoe-14,"Hermes Loafers — Cognac/Chestnut Kelly Hardware, Dark Espresso Patina","Cognac/Chestnut Kelly Hardware, Dark Espresso Patina",,9.4,,null
baseline,B10,5,,B10,PB003,DS023,Deep burgundy/oxblood; Solid color with micro-texture,T033,Dark navy / blue-gold monogram,shoe-9,Gucci Loafers — Cognac Horsebit,Cognac Horsebit,,9.4,,null
baseline,B10,6,,B10,PB004,DS023,Deep burgundy/oxblood; Solid color with micro-texture,T033,Dark navy / blue-gold monogram,shoe-9,Gucci Loafers — Cognac Horsebit,Cognac Horsebit,,9.4,,null
baseline,B10,7,,B10,PB003,DS027,White/light ground; Bengal stripe,T028,Midnight-navy tonal paisley,shoe-15,Loro Piana Loafers — Brown Suede Penny,Brown Suede Penny,,9.4,,null
baseline,B10,8,,B10,PB004,DS027,White/light ground; Bengal stripe,T028,Midnight-navy tonal paisley,shoe-15,Loro Piana Loafers — Brown Suede Penny,Brown Suede Penny,,9.4,,null
baseline,B10,9,,B10,PG001,DS001,White; Solid,T010,Near-black / white spaced dots,shoe-18,"Louis Vuitton Loafers — Beige/Taupe Monogram Canvas, Dark Brown Trim","Beige/Taupe Monogram Canvas, Dark Brown Trim",,9.3,,null
baseline,B10,10,,B10,PG002,DS001,White; Solid,T010,Near-black / white spaced dots,shoe-18,"Louis Vuitton Loafers — Beige/Taupe Monogram Canvas, Dark Brown Trim","Beige/Taupe Monogram Canvas, Dark Brown Trim",,9.3,,null
baseline,B10,11,,B10,PG001,DS004,White; Fine horizontal stripe,T022,Deep navy tonal honeycomb,shoe-11,"Gucci Loafers — Dark Espresso Brown/Oxblood Horsebit, Polished Leather","Dark Espresso Brown/Oxblood Horsebit, Polished Leather",,9.3,,null
baseline,B10,12,,B10,PT001,DS004,White; Fine horizontal stripe,T022,Deep navy tonal honeycomb,shoe-13,Hermes Loafers — Black Kelly Hardware,Black Kelly Hardware,,9.3,,null
baseline,B10,13,,B10,PG002,DS008,White; Fine horizontal stripe,T039,Navy / light-blue floral,shoe-11,"Gucci Loafers — Dark Espresso Brown/Oxblood Horsebit, Polished Leather","Dark Espresso Brown/Oxblood Horsebit, Polished Leather",,9.3,,null
baseline,B10,14,,B10,PG003,DS008,White; Fine horizontal stripe,T039,Navy / light-blue floral,shoe-6,Allen Edmonds Dress Shoes — Brown Double Monk Strap,Brown Double Monk Strap,,9.3,,null
baseline,B10,15,,B10,PT001,DS024,Pale pink; Solid,T035,Navy / blue monogram,shoe-13,Hermes Loafers — Black Kelly Hardware,Black Kelly Hardware,,9.3,,null
updated,B10,1,,B10,PG002,DS019,Chestnut/warm mid-brown; Solid,T029,Navy / silver ornamental medallions,shoe-15,Loro Piana Loafers — Brown Suede Penny,Brown Suede Penny,,9.4,9.105841,"{""decision"":""best_preference_with_confirmed_history_rotation"",""redundancy"":0}"
updated,B10,2,,B10,PB001,DS027,White/light ground; Bengal stripe,T024,Royal blue / beige-gold paisley,shoe-15,Loro Piana Loafers — Brown Suede Penny,Brown Suede Penny,,9.2,9.090174,"{""decision"":""visual_variety_within_preference_band"",""redundancy"":0.027,""best_available_preference"":9.105447,""preference_band"":0.2}"
updated,B10,3,,B10,PB001,DS002,Cream/white; Check/grid,T010,Near-black / white spaced dots,shoe-11,"Gucci Loafers — Dark Espresso Brown/Oxblood Horsebit, Polished Leather","Dark Espresso Brown/Oxblood Horsebit, Polished Leather",,9.2,9.077273,"{""decision"":""visual_variety_within_preference_band"",""redundancy"":0.045,""best_available_preference"":9.103197,""preference_band"":0.2}"
updated,B10,4,,B10,PB002,DS025,Light pink; Solid,T032,Purple / navy-white diagonal stripe,shoe-11,"Gucci Loafers — Dark Espresso Brown/Oxblood Horsebit, Polished Leather","Dark Espresso Brown/Oxblood Horsebit, Polished Leather",,9.2,9.077725,"{""decision"":""visual_variety_within_preference_band"",""redundancy"":0.052,""best_available_preference"":9.103197,""preference_band"":0.2}"
updated,B10,5,,B10,PG002,DS023,Deep burgundy/oxblood; Solid color with micro-texture,T014,Dark ground / silver ring dots,shoe-13,Hermes Loafers — Black Kelly Hardware,Black Kelly Hardware,,9.2,9.085184,"{""decision"":""visual_variety_within_preference_band"",""redundancy"":0.0735,""best_available_preference"":9.097947,""preference_band"":0.2}"
updated,B10,6,,B10,PG001,DS008,White; Fine horizontal stripe,T028,Midnight-navy tonal paisley,shoe-13,Hermes Loafers — Black Kelly Hardware,Black Kelly Hardware,,9.3,9.095419,"{""decision"":""visual_variety_within_preference_band"",""redundancy"":0.09,""best_available_preference"":9.097947,""preference_band"":0.2}"
updated,B10,7,,B10,PB002,DS006,Light blue; Solid,T039,Navy / light-blue floral,shoe-17,Louis Vuitton Loafers — Black Damier,Black Damier,,9.2,9.078412,"{""decision"":""visual_variety_within_preference_band"",""redundancy"":0.096,""best_available_preference"":9.097947,""preference_band"":0.2}"
updated,B10,8,,B10,PB003,DS027,White/light ground; Bengal stripe,T010,Near-black / white spaced dots,shoe-17,Louis Vuitton Loafers — Black Damier,Black Damier,,9.3,9.09361,"{""decision"":""visual_variety_within_preference_band"",""redundancy"":0.109714,""best_available_preference"":9.097947,""preference_band"":0.2}"
updated,B10,9,,B10,PB003,DS022,Darker lavender; Solid,T032,Purple / navy-white diagonal stripe,shoe-8,Gucci Loafers — Black Horsebit,Black Horsebit,,9.1,9.073218,"{""decision"":""visual_variety_within_preference_band"",""redundancy"":0.089625,""best_available_preference"":9.097947,""preference_band"":0.2}"
updated,B10,10,,B10,PG001,DS008,White; Fine horizontal stripe,T040,Charcoal tonal geometric,shoe-8,Gucci Loafers — Black Horsebit,Black Horsebit,,9.3,9.091031,"{""decision"":""visual_variety_within_preference_band"",""redundancy"":0.111667,""best_available_preference"":9.097947,""preference_band"":0.2}"
updated,B10,11,,B10,PB004,DS004,White; Fine horizontal stripe,T018,Dark brown / slate-blue paisley,shoe-4,Christian Louboutin Dress Shoes — Dark Brown Derby Lace-up,Dark Brown Derby Lace-up,,9.2,9.082397,"{""decision"":""visual_variety_within_preference_band"",""redundancy"":0.1119,""best_available_preference"":9.088183,""preference_band"":0.2}"
updated,B10,12,,B10,PB004,DS021,Very light lavender; Pinstripe,T024,Royal blue / beige-gold paisley,shoe-4,Christian Louboutin Dress Shoes — Dark Brown Derby Lace-up,Dark Brown Derby Lace-up,,9.1,9.064679,"{""decision"":""visual_variety_within_preference_band"",""redundancy"":0.096273,""best_available_preference"":9.088183,""preference_band"":0.2}"
updated,B10,13,,B10,PT001,DS002,Cream/white; Check/grid,T028,Midnight-navy tonal paisley,shoe-49,"Berluti Dress Shoes — Alessandro Infini Alto Oxford, Venezia calf, brown patina, lug sole","Alessandro Infini Alto Oxford, brown Venezia calf patina, lug sole",,9.2,9.067287,"{""decision"":""visual_variety_within_preference_band"",""redundancy"":0.10325,""best_available_preference"":9.087845,""preference_band"":0.2}"
updated,B10,14,,B10,PT001,DS014,White; Solid,T011,Near-black / fine white dots,shoe-49,"Berluti Dress Shoes — Alessandro Infini Alto Oxford, Venezia calf, brown patina, lug sole","Alessandro Infini Alto Oxford, brown Venezia calf patina, lug sole",,9.3,9.087845,"{""decision"":""visual_variety_within_preference_band"",""redundancy"":0.133846,""best_available_preference"":9.087845,""preference_band"":0.2}"
updated,B10,15,,B10,PT002,DS006,Light blue; Solid,T033,Dark navy / blue-gold monogram,shoe-5,Ecco Dress Shoes — Brown Oxford/Derby,Brown Oxford/Derby,,9.2,9.072824,"{""decision"":""visual_variety_within_preference_band"",""redundancy"":0.133714,""best_available_preference"":9.087845,""preference_band"":0.2}"
baseline,B11,1,,B11,PG003,DS015,Owner-corrected ice-blue tonal checkerboard,NO_TIE,No Tie,shoe-10,Gucci Loafers — Cognac & Dark Espresso Brown Two-Tone GG Embossed Horsebit,Cognac & Dark Espresso Brown Two-Tone GG Embossed Horsebit,,9.4,,null
baseline,B11,2,,B11,PN002,DS002,Cream/white; Check/grid,NO_TIE,No Tie,shoe-10,Gucci Loafers — Cognac & Dark Espresso Brown Two-Tone GG Embossed Horsebit,Cognac & Dark Espresso Brown Two-Tone GG Embossed Horsebit,,9.4,,null
baseline,B11,3,,B11,PG003,DS024,Pale pink; Solid,T043,Black / muted pale floral outline,shoe-14,"Hermes Loafers — Cognac/Chestnut Kelly Hardware, Dark Espresso Patina","Cognac/Chestnut Kelly Hardware, Dark Espresso Patina",,9.4,,null
baseline,B11,4,,B11,PN002,DS024,Pale pink; Solid,T043,Black / muted pale floral outline,shoe-14,"Hermes Loafers — Cognac/Chestnut Kelly Hardware, Dark Espresso Patina","Cognac/Chestnut Kelly Hardware, Dark Espresso Patina",,9.4,,null
baseline,B11,5,,B11,PG002,DS006,Light blue; Solid,T010,Near-black / white spaced dots,shoe-9,Gucci Loafers — Cognac Horsebit,Cognac Horsebit,,9.3,,null
baseline,B11,6,,B11,PT001,DS006,Light blue; Solid,T010,Near-black / white spaced dots,shoe-11,"Gucci Loafers — Dark Espresso Brown/Oxblood Horsebit, Polished Leather","Dark Espresso Brown/Oxblood Horsebit, Polished Leather",,9.3,,null
baseline,B11,7,,B11,PG002,DS007,Light blue; Micro-check,T039,Navy / light-blue floral,shoe-9,Gucci Loafers — Cognac Horsebit,Cognac Horsebit,,9.3,,null
baseline,B11,8,,B11,PT001,DS007,Light blue; Micro-check,T039,Navy / light-blue floral,shoe-13,Hermes Loafers — Black Kelly Hardware,Black Kelly Hardware,,9.3,,null
baseline,B11,9,,B11,PT002,DS014,White; Solid,T033,Dark navy / blue-gold monogram,shoe-13,Hermes Loafers — Black Kelly Hardware,Black Kelly Hardware,,9.3,,null
baseline,B11,10,,B11,PT003,DS014,White; Solid,T033,Dark navy / blue-gold monogram,shoe-17,Louis Vuitton Loafers — Black Damier,Black Damier,,9.3,,null
baseline,B11,11,,B11,PB001,DS022,Darker lavender; Solid,T026,Ice-blue / silver monogram,shoe-15,Loro Piana Loafers — Brown Suede Penny,Brown Suede Penny,,9.3,,null
baseline,B11,12,,B11,PB002,DS022,Darker lavender; Solid,T026,Ice-blue / silver monogram,shoe-15,Loro Piana Loafers — Brown Suede Penny,Brown Suede Penny,,9.3,,null
baseline,B11,13,,B11,PT002,DS025,Light pink; Solid,T012,Black tonal lattice,shoe-11,"Gucci Loafers — Dark Espresso Brown/Oxblood Horsebit, Polished Leather","Dark Espresso Brown/Oxblood Horsebit, Polished Leather",,9.3,,null
baseline,B11,14,,B11,PT003,DS025,Light pink; Solid,T012,Black tonal lattice,shoe-17,Louis Vuitton Loafers — Black Damier,Black Damier,,9.3,,null
baseline,B11,15,,B11,PB001,DS001,White; Solid,T015,Navy / fine diagonal stripe,shoe-18,"Louis Vuitton Loafers — Beige/Taupe Monogram Canvas, Dark Brown Trim","Beige/Taupe Monogram Canvas, Dark Brown Trim",,9.2,,null
updated,B11,1,,B11,PN002,DS025,Light pink; Solid,T024,Royal blue / beige-gold paisley,shoe-15,Loro Piana Loafers — Brown Suede Penny,Brown Suede Penny,,9.4,9.106712,"{""decision"":""best_preference_with_confirmed_history_rotation"",""redundancy"":0}"
updated,B11,2,,B11,PN002,DS002,Cream/white; Check/grid,NO_TIE,No Tie,shoe-15,Loro Piana Loafers — Brown Suede Penny,Brown Suede Penny,,9.4,9.09708,"{""decision"":""visual_variety_within_preference_band"",""redundancy"":0.045,""best_available_preference"":9.103562,""preference_band"":0.2}"
updated,B11,3,,B11,PG003,DS027,White/light ground; Bengal stripe,T010,Near-black / white spaced dots,shoe-11,"Gucci Loafers — Dark Espresso Brown/Oxblood Horsebit, Polished Leather","Dark Espresso Brown/Oxblood Horsebit, Polished Leather",,9.2,9.092879,"{""decision"":""visual_variety_within_preference_band"",""redundancy"":0.045,""best_available_preference"":9.098712,""preference_band"":0.2}"
updated,B11,4,,B11,PG003,DS006,Light blue; Solid,T033,Dark navy / blue-gold monogram,shoe-11,"Gucci Loafers — Dark Espresso Brown/Oxblood Horsebit, Polished Leather","Dark Espresso Brown/Oxblood Horsebit, Polished Leather",,9.3,9.098292,"{""decision"":""visual_variety_within_preference_band"",""redundancy"":0.066,""best_available_preference"":9.098712,""preference_band"":0.2}"
updated,B11,5,,B11,PG002,DS018,Mauve/rose; Prince of Wales/glen check,T014,Dark ground / silver ring dots,shoe-13,Hermes Loafers — Black Kelly Hardware,Black Kelly Hardware,,9.2,9.081401,"{""decision"":""visual_variety_within_preference_band"",""redundancy"":0.072,""best_available_preference"":9.092,""preference_band"":0.2}"
updated,B11,6,,B11,PG002,DS014,White; Solid,T046,Pink / silver check,shoe-13,Hermes Loafers — Black Kelly Hardware,Black Kelly Hardware,,9.2,9.081129,"{""decision"":""visual_variety_within_preference_band"",""redundancy"":0.0888,""best_available_preference"":9.092,""preference_band"":0.2}"
updated,B11,7,,B11,PT001,DS006,Light blue; Solid,T006,Dark ground / blue-gold floral,shoe-17,Louis Vuitton Loafers — Black Damier,Black Damier,,9.2,9.084628,"{""decision"":""visual_variety_within_preference_band"",""redundancy"":0.112,""best_available_preference"":9.09158,""preference_band"":0.2}"
updated,B11,8,,B11,PT001,DS004,White; Fine horizontal stripe,T017,Pale blue / white paisley,shoe-17,Louis Vuitton Loafers — Black Damier,Black Damier,,9.2,9.085312,"{""decision"":""visual_variety_within_preference_band"",""redundancy"":0.113143,""best_available_preference"":9.08914,""preference_band"":0.2}"
updated,B11,9,,B11,PT002,DS004,White; Fine horizontal stripe,T028,Midnight-navy tonal paisley,shoe-8,Gucci Loafers — Black Horsebit,Black Horsebit,,9.2,9.082988,"{""decision"":""visual_variety_within_preference_band"",""redundancy"":0.114,""best_available_preference"":9.08914,""preference_band"":0.2}"
updated,B11,10,,B11,PT002,DS025,Light pink; Solid,T007,Charcoal / pale-pink diagonal lattice,shoe-8,Gucci Loafers — Black Horsebit,Black Horsebit,,9.1,9.073313,"{""decision"":""visual_variety_within_preference_band"",""redundancy"":0.108,""best_available_preference"":9.08914,""preference_band"":0.2}"
updated,B11,11,,B11,PT003,DS027,White/light ground; Bengal stripe,T038,Fuchsia / pale-blue floral,shoe-4,Christian Louboutin Dress Shoes — Dark Brown Derby Lace-up,Dark Brown Derby Lace-up,,9.1,9.069306,"{""decision"":""visual_variety_within_preference_band"",""redundancy"":0.1155,""best_available_preference"":9.08389,""preference_band"":0.2}"
updated,B11,12,,B11,PT003,DS007,Light blue; Micro-check,T024,Royal blue / beige-gold paisley,shoe-4,Christian Louboutin Dress Shoes — Dark Brown Derby Lace-up,Dark Brown Derby Lace-up,,9.2,9.075879,"{""decision"":""visual_variety_within_preference_band"",""redundancy"":0.124636,""best_available_preference"":9.08389,""preference_band"":0.2}"
updated,B11,13,,B11,PT004,DS014,White; Solid,T010,Near-black / white spaced dots,shoe-49,"Berluti Dress Shoes — Alessandro Infini Alto Oxford, Venezia calf, brown patina, lug sole","Alessandro Infini Alto Oxford, brown Venezia calf patina, lug sole",,9.3,9.08389,"{""decision"":""visual_variety_within_preference_band"",""redundancy"":0.13475,""best_available_preference"":9.08389,""preference_band"":0.2}"
updated,B11,14,,B11,PT004,DS007,Light blue; Micro-check,T039,Navy / light-blue floral,shoe-49,"Berluti Dress Shoes — Alessandro Infini Alto Oxford, Venezia calf, brown patina, lug sole","Alessandro Infini Alto Oxford, brown Venezia calf patina, lug sole",,9.3,9.08318,"{""decision"":""visual_variety_within_preference_band"",""redundancy"":0.137769,""best_available_preference"":9.08318,""preference_band"":0.2}"
updated,B11,15,,B11,PT005,DS008,White; Fine horizontal stripe,T044,Silver-grey tonal floral-paisley,shoe-5,Ecco Dress Shoes — Brown Oxford/Derby,Brown Oxford/Derby,,9.1,9.071669,"{""decision"":""visual_variety_within_preference_band"",""redundancy"":0.127929,""best_available_preference"":9.079224,""preference_band"":0.2}"
baseline,B12,1,,B12,PN002,DS025,Light pink; Solid,T024,Royal blue / beige-gold paisley,shoe-10,Gucci Loafers — Cognac & Dark Espresso Brown Two-Tone GG Embossed Horsebit,Cognac & Dark Espresso Brown Two-Tone GG Embossed Horsebit,,9.5,,null
baseline,B12,2,,B12,PN002,DS002,Cream/white; Check/grid,NO_TIE,No Tie,shoe-10,Gucci Loafers — Cognac & Dark Espresso Brown Two-Tone GG Embossed Horsebit,Cognac & Dark Espresso Brown Two-Tone GG Embossed Horsebit,,9.4,,null
baseline,B12,3,,B12,PG003,DS006,Light blue; Solid,T010,Near-black / white spaced dots,shoe-14,"Hermes Loafers — Cognac/Chestnut Kelly Hardware, Dark Espresso Patina","Cognac/Chestnut Kelly Hardware, Dark Espresso Patina",,9.4,,null
baseline,B12,4,,B12,PG002,DS006,Light blue; Solid,T033,Dark navy / blue-gold monogram,shoe-14,"Hermes Loafers — Cognac/Chestnut Kelly Hardware, Dark Espresso Patina","Cognac/Chestnut Kelly Hardware, Dark Espresso Patina",,9.4,,null
baseline,B12,5,,B12,PG003,DS007,Light blue; Micro-check,T043,Black / muted pale floral outline,shoe-9,Gucci Loafers — Cognac Horsebit,Cognac Horsebit,,9.4,,null
baseline,B12,6,,B12,PG002,DS014,White; Solid,T043,Black / muted pale floral outline,shoe-9,Gucci Loafers — Cognac Horsebit,Cognac Horsebit,,9.4,,null
baseline,B12,7,,B12,PT001,DS022,Darker lavender; Solid,T026,Ice-blue / silver monogram,shoe-13,Hermes Loafers — Black Kelly Hardware,Black Kelly Hardware,,9.4,,null
baseline,B12,8,,B12,PT002,DS022,Darker lavender; Solid,T026,Ice-blue / silver monogram,shoe-13,Hermes Loafers — Black Kelly Hardware,Black Kelly Hardware,,9.4,,null
baseline,B12,9,,B12,PT001,DS024,Pale pink; Solid,T015,Navy / fine diagonal stripe,shoe-17,Louis Vuitton Loafers — Black Damier,Black Damier,,9.4,,null
baseline,B12,10,,B12,PT002,DS024,Pale pink; Solid,T015,Navy / fine diagonal stripe,shoe-17,Louis Vuitton Loafers — Black Damier,Black Damier,,9.4,,null
baseline,B12,11,,B12,PB001,DS025,Light pink; Solid,T020,Navy / burgundy-tan paisley,shoe-15,Loro Piana Loafers — Brown Suede Penny,Brown Suede Penny,,9.4,,null
baseline,B12,12,,B12,PB001,DS001,White; Solid,T010,Near-black / white spaced dots,shoe-15,Loro Piana Loafers — Brown Suede Penny,Brown Suede Penny,,9.3,,null
baseline,B12,13,,B12,PT003,DS004,White; Fine horizontal stripe,T006,Dark ground / blue-gold floral,shoe-11,"Gucci Loafers — Dark Espresso Brown/Oxblood Horsebit, Polished Leather","Dark Espresso Brown/Oxblood Horsebit, Polished Leather",,9.3,,null
baseline,B12,14,,B12,PT004,DS004,White; Fine horizontal stripe,T006,Dark ground / blue-gold floral,shoe-11,"Gucci Loafers — Dark Espresso Brown/Oxblood Horsebit, Polished Leather","Dark Espresso Brown/Oxblood Horsebit, Polished Leather",,9.3,,null
baseline,B12,15,,B12,PT003,DS005,Cream/off-white; Visually near-solid; subtle windowpane metadata retained,T033,Dark navy / blue-gold monogram,shoe-19,Louis Vuitton Loafers — Black Monogram,Black Monogram,,9.3,,null
updated,B12,1,,B12,PN002,DS025,Light pink; Solid,T024,Royal blue / beige-gold paisley,shoe-15,Loro Piana Loafers — Brown Suede Penny,Brown Suede Penny,,9.5,9.113817,"{""decision"":""best_preference_with_confirmed_history_rotation"",""redundancy"":0}"
updated,B12,2,,B12,PG003,DS027,White/light ground; Bengal stripe,T010,Near-black / white spaced dots,shoe-15,Loro Piana Loafers — Brown Suede Penny,Brown Suede Penny,,9.3,9.102235,"{""decision"":""visual_variety_within_preference_band"",""redundancy"":0.045,""best_available_preference"":9.110667,""preference_band"":0.2}"
updated,B12,3,,B12,PN002,DS002,Cream/white; Check/grid,NO_TIE,No Tie,shoe-11,"Gucci Loafers — Dark Espresso Brown/Oxblood Horsebit, Polished Leather","Dark Espresso Brown/Oxblood Horsebit, Polished Leather",,9.4,9.09483,"{""decision"":""visual_variety_within_preference_band"",""redundancy"":0.045,""best_available_preference"":9.108417,""preference_band"":0.2}"
updated,B12,4,,B12,PG003,DS006,Light blue; Solid,T033,Dark navy / blue-gold monogram,shoe-11,"Gucci Loafers — Dark Espresso Brown/Oxblood Horsebit, Polished Leather","Dark Espresso Brown/Oxblood Horsebit, Polished Leather",,9.4,9.105042,"{""decision"":""visual_variety_within_preference_band"",""redundancy"":0.066,""best_available_preference"":9.105462,""preference_band"":0.2}"
updated,B12,5,,B12,PG002,DS022,Darker lavender; Solid,T023,Burgundy / blue paisley,shoe-13,Hermes Loafers — Black Kelly Hardware,Black Kelly Hardware,,9.2,9.083512,"{""decision"":""visual_variety_within_preference_band"",""redundancy"":0.063,""best_available_preference"":9.09875,""preference_band"":0.2}"
updated,B12,6,,B12,PG002,DS018,Mauve/rose; Prince of Wales/glen check,T014,Dark ground / silver ring dots,shoe-13,Hermes Loafers — Black Kelly Hardware,Black Kelly Hardware,,9.3,9.088506,"{""decision"":""visual_variety_within_preference_band"",""redundancy"":0.0732,""best_available_preference"":9.09875,""preference_band"":0.2}"
updated,B12,7,,B12,PT001,DS008,White; Fine horizontal stripe,T044,Silver-grey tonal floral-paisley,shoe-17,Louis Vuitton Loafers — Black Damier,Black Damier,,9.2,9.083669,"{""decision"":""visual_variety_within_preference_band"",""redundancy"":0.09,""best_available_preference"":9.09833,""preference_band"":0.2}"
updated,B12,8,,B12,PT001,DS006,Light blue; Solid,T006,Dark ground / blue-gold floral,shoe-17,Louis Vuitton Loafers — Black Damier,Black Damier,,9.3,9.091733,"{""decision"":""visual_variety_within_preference_band"",""redundancy"":0.112286,""best_available_preference"":9.09833,""preference_band"":0.2}"
updated,B12,9,,B12,PT002,DS004,White; Fine horizontal stripe,T028,Midnight-navy tonal paisley,shoe-8,Gucci Loafers — Black Horsebit,Black Horsebit,,9.3,9.089738,"{""decision"":""visual_variety_within_preference_band"",""redundancy"":0.111,""best_available_preference"":9.096245,""preference_band"":0.2}"
updated,B12,10,,B12,PT002,DS004,White; Fine horizontal stripe,T037,Dusty rose / blue medallions,shoe-8,Gucci Loafers — Black Horsebit,Black Horsebit,,9.2,9.087038,"{""decision"":""visual_variety_within_preference_band"",""redundancy"":0.112,""best_available_preference"":9.096245,""preference_band"":0.2}"
updated,B12,11,,B12,PT003,DS025,Light pink; Solid,T007,Charcoal / pale-pink diagonal lattice,shoe-4,Christian Louboutin Dress Shoes — Dark Brown Derby Lace-up,Dark Brown Derby Lace-up,,9.2,9.075168,"{""decision"":""visual_variety_within_preference_band"",""redundancy"":0.1068,""best_available_preference"":9.090995,""preference_band"":0.2}"
updated,B12,12,,B12,PT003,DS027,White/light ground; Bengal stripe,T017,Pale blue / white paisley,shoe-4,Christian Louboutin Dress Shoes — Dark Brown Derby Lace-up,Dark Brown Derby Lace-up,,9.2,9.07598,"{""decision"":""visual_variety_within_preference_band"",""redundancy"":0.108545,""best_available_preference"":9.090995,""preference_band"":0.2}"
updated,B12,13,,B12,PT004,DS007,Light blue; Micro-check,T024,Royal blue / beige-gold paisley,shoe-49,"Berluti Dress Shoes — Alessandro Infini Alto Oxford, Venezia calf, brown patina, lug sole","Alessandro Infini Alto Oxford, brown Venezia calf patina, lug sole",,9.3,9.082984,"{""decision"":""visual_variety_within_preference_band"",""redundancy"":0.12425,""best_available_preference"":9.090995,""preference_band"":0.2}"
updated,B12,14,,B12,PT004,DS014,White; Solid,T010,Near-black / white spaced dots,shoe-49,"Berluti Dress Shoes — Alessandro Infini Alto Oxford, Venezia calf, brown patina, lug sole","Alessandro Infini Alto Oxford, brown Venezia calf patina, lug sole",,9.3,9.090995,"{""decision"":""visual_variety_within_preference_band"",""redundancy"":0.134077,""best_available_preference"":9.090995,""preference_band"":0.2}"
updated,B12,15,,B12,PT005,DS007,Light blue; Micro-check,T039,Navy / light-blue floral,shoe-5,Ecco Dress Shoes — Brown Oxford/Derby,Brown Oxford/Derby,,9.3,9.08993,"{""decision"":""visual_variety_within_preference_band"",""redundancy"":0.137357,""best_available_preference"":9.08993,""preference_band"":0.2}"
baseline,B13,1,,B13,PG003,DS024,Pale pink; Solid,T028,Midnight-navy tonal paisley,shoe-10,Gucci Loafers — Cognac & Dark Espresso Brown Two-Tone GG Embossed Horsebit,Cognac & Dark Espresso Brown Two-Tone GG Embossed Horsebit,,9.5,,null
baseline,B13,2,,B13,PN002,DS024,Pale pink; Solid,T028,Midnight-navy tonal paisley,shoe-10,Gucci Loafers — Cognac & Dark Espresso Brown Two-Tone GG Embossed Horsebit,Cognac & Dark Espresso Brown Two-Tone GG Embossed Horsebit,,9.5,,null
baseline,B13,3,,B13,PG003,DS025,Light pink; Solid,T022,Deep navy tonal honeycomb,shoe-14,"Hermes Loafers — Cognac/Chestnut Kelly Hardware, Dark Espresso Patina","Cognac/Chestnut Kelly Hardware, Dark Espresso Patina",,9.5,,null
baseline,B13,4,,B13,PN002,DS025,Light pink; Solid,T022,Deep navy tonal honeycomb,shoe-14,"Hermes Loafers — Cognac/Chestnut Kelly Hardware, Dark Espresso Patina","Cognac/Chestnut Kelly Hardware, Dark Espresso Patina",,9.5,,null
baseline,B13,5,,B13,PB001,DS022,Darker lavender; Solid,T044,Silver-grey tonal floral-paisley,shoe-13,Hermes Loafers — Black Kelly Hardware,Black Kelly Hardware,,9.4,,null
baseline,B13,6,,B13,PB002,DS022,Darker lavender; Solid,T044,Silver-grey tonal floral-paisley,shoe-13,Hermes Loafers — Black Kelly Hardware,Black Kelly Hardware,,9.4,,null
baseline,B13,7,,B13,PG002,DS006,Light blue; Solid,NO_TIE,No Tie,shoe-9,Gucci Loafers — Cognac Horsebit,Cognac Horsebit,,9.3,,null
baseline,B13,8,,B13,PT001,DS006,Light blue; Solid,NO_TIE,No Tie,shoe-17,Louis Vuitton Loafers — Black Damier,Black Damier,,9.3,,null
baseline,B13,9,,B13,PG002,DS014,White; Solid,T031,Navy / purple-white regimental stripe,shoe-9,Gucci Loafers — Cognac Horsebit,Cognac Horsebit,,9.3,,null
baseline,B13,10,,B13,PT001,DS014,White; Solid,T031,Navy / purple-white regimental stripe,shoe-17,Louis Vuitton Loafers — Black Damier,Black Damier,,9.3,,null
baseline,B13,11,,B13,PB001,DS001,White; Solid,T045,Pale pink / blue micro-dot,shoe-11,"Gucci Loafers — Dark Espresso Brown/Oxblood Horsebit, Polished Leather","Dark Espresso Brown/Oxblood Horsebit, Polished Leather",,9.2,,null
baseline,B13,12,,B13,PB002,DS001,White; Solid,T045,Pale pink / blue micro-dot,shoe-11,"Gucci Loafers — Dark Espresso Brown/Oxblood Horsebit, Polished Leather","Dark Espresso Brown/Oxblood Horsebit, Polished Leather",,9.2,,null
baseline,B13,13,,B13,PB003,DS005,Cream/off-white; Visually near-solid; subtle windowpane metadata retained,T004,Burnt-orange near-solid geometric,shoe-15,Loro Piana Loafers — Brown Suede Penny,Brown Suede Penny,,9.2,,null
baseline,B13,14,,B13,PB004,DS005,Cream/off-white; Visually near-solid; subtle windowpane metadata retained,T004,Burnt-orange near-solid geometric,shoe-15,Loro Piana Loafers — Brown Suede Penny,Brown Suede Penny,,9.2,,null
baseline,B13,15,,B13,PB003,DS007,Light blue; Micro-check,T006,Dark ground / blue-gold floral,shoe-18,"Louis Vuitton Loafers — Beige/Taupe Monogram Canvas, Dark Brown Trim","Beige/Taupe Monogram Canvas, Dark Brown Trim",,9.2,,null
updated,B13,1,,B13,PN002,DS024,Pale pink; Solid,T028,Midnight-navy tonal paisley,shoe-13,Hermes Loafers — Black Kelly Hardware,Black Kelly Hardware,,9.5,9.106296,"{""decision"":""best_preference_with_confirmed_history_rotation"",""redundancy"":0}"
updated,B13,2,,B13,PG003,DS027,White/light ground; Bengal stripe,T045,Pale pink / blue micro-dot,shoe-13,Hermes Loafers — Black Kelly Hardware,Black Kelly Hardware,,9,9.06304,"{""decision"":""visual_variety_within_preference_band"",""redundancy"":0.045,""best_available_preference"":9.106296,""preference_band"":0.2}"
updated,B13,3,,B13,PN002,DS006,Light blue; Solid,T006,Dark ground / blue-gold floral,shoe-17,Louis Vuitton Loafers — Black Damier,Black Damier,,9.3,9.08795,"{""decision"":""visual_variety_within_preference_band"",""redundancy"":0.0675,""best_available_preference"":9.106296,""preference_band"":0.2}"
updated,B13,4,,B13,PG003,DS022,Darker lavender; Solid,T031,Navy / purple-white regimental stripe,shoe-17,Louis Vuitton Loafers — Black Damier,Black Damier,,9.1,9.077481,"{""decision"":""visual_variety_within_preference_band"",""redundancy"":0.079,""best_available_preference"":9.106015,""preference_band"":0.2}"
updated,B13,5,,B13,PG002,DS006,Light blue; Solid,T028,Midnight-navy tonal paisley,shoe-8,Gucci Loafers — Black Horsebit,Black Horsebit,,9.4,9.101903,"{""decision"":""visual_variety_within_preference_band"",""redundancy"":0.11625,""best_available_preference"":9.104552,""preference_band"":0.2}"
updated,B13,6,,B13,PG002,DS005,Cream/off-white; Visually near-solid; subtle windowpane metadata retained,T014,Dark ground / silver ring dots,shoe-8,Gucci Loafers — Black Horsebit,Black Horsebit,,9.2,9.080459,"{""decision"":""visual_variety_within_preference_band"",""redundancy"":0.0966,""best_available_preference"":9.104552,""preference_band"":0.2}"
updated,B13,7,,B13,PT001,DS014,White; Solid,T031,Navy / purple-white regimental stripe,shoe-15,Loro Piana Loafers — Brown Suede Penny,Brown Suede Penny,,9.3,9.088131,"{""decision"":""visual_variety_within_preference_band"",""redundancy"":0.1035,""best_available_preference"":9.104177,""preference_band"":0.2}"
updated,B13,8,,B13,PT001,DS005,Cream/off-white; Visually near-solid; subtle windowpane metadata retained,T022,Deep navy tonal honeycomb,shoe-15,Loro Piana Loafers — Brown Suede Penny,Brown Suede Penny,,9.3,9.092856,"{""decision"":""visual_variety_within_preference_band"",""redundancy"":0.117,""best_available_preference"":9.104177,""preference_band"":0.2}"
updated,B13,9,,B13,PT002,DS025,Light pink; Solid,T025,Muted slate-brown / wine paisley,shoe-11,"Gucci Loafers — Dark Espresso Brown/Oxblood Horsebit, Polished Leather","Dark Espresso Brown/Oxblood Horsebit, Polished Leather",,9.1,9.074551,"{""decision"":""visual_variety_within_preference_band"",""redundancy"":0.109125,""best_available_preference"":9.101927,""preference_band"":0.2}"
updated,B13,10,,B13,PT002,DS007,Light blue; Micro-check,T024,Royal blue / beige-gold paisley,shoe-11,"Gucci Loafers — Dark Espresso Brown/Oxblood Horsebit, Polished Leather","Dark Espresso Brown/Oxblood Horsebit, Polished Leather",,9.2,9.079427,"{""decision"":""visual_variety_within_preference_band"",""redundancy"":0.123667,""best_available_preference"":9.101927,""preference_band"":0.2}"
updated,B13,11,,B13,PT003,DS014,White; Solid,T022,Deep navy tonal honeycomb,shoe-14,"Hermes Loafers — Cognac/Chestnut Kelly Hardware, Dark Espresso Patina","Cognac/Chestnut Kelly Hardware, Dark Espresso Patina",,9.3,9.087194,"{""decision"":""visual_variety_within_preference_band"",""redundancy"":0.1419,""best_available_preference"":9.095365,""preference_band"":0.2}"
updated,B13,12,,B13,PT003,DS025,Light pink; Solid,T020,Navy / burgundy-tan paisley,shoe-14,"Hermes Loafers — Cognac/Chestnut Kelly Hardware, Dark Espresso Patina","Cognac/Chestnut Kelly Hardware, Dark Espresso Patina",,9.3,9.085453,"{""decision"":""visual_variety_within_preference_band"",""redundancy"":0.142091,""best_available_preference"":9.085453,""preference_band"":0.2}"
updated,B13,13,,B13,PT004,DS024,Pale pink; Solid,T029,Navy / silver ornamental medallions,shoe-9,Gucci Loafers — Cognac Horsebit,Cognac Horsebit,,9.3,9.079502,"{""decision"":""visual_variety_within_preference_band"",""redundancy"":0.14325,""best_available_preference"":9.082303,""preference_band"":0.2}"
updated,B13,14,,B13,PT004,DS007,Light blue; Micro-check,T020,Navy / burgundy-tan paisley,shoe-9,Gucci Loafers — Cognac Horsebit,Cognac Horsebit,,9.2,9.076503,"{""decision"":""visual_variety_within_preference_band"",""redundancy"":0.144231,""best_available_preference"":9.077131,""preference_band"":0.2}"
updated,B13,15,,B13,PT005,DS019,Chestnut/warm mid-brown; Solid,T040,Charcoal tonal geometric,shoe-19,Louis Vuitton Loafers — Black Monogram,Black Monogram,,8.8,9.041046,"{""decision"":""visual_variety_within_preference_band"",""redundancy"":0.067071,""best_available_preference"":9.063857,""preference_band"":0.2}"
baseline,B14,1,,B14,PB001,DS019,Chestnut/warm mid-brown; Solid,T037,Dusty rose / blue medallions,shoe-10,Gucci Loafers — Cognac & Dark Espresso Brown Two-Tone GG Embossed Horsebit,Cognac & Dark Espresso Brown Two-Tone GG Embossed Horsebit,,9.4,,null
baseline,B14,2,,B14,PN002,DS019,Chestnut/warm mid-brown; Solid,T024,Royal blue / beige-gold paisley,shoe-10,Gucci Loafers — Cognac & Dark Espresso Brown Two-Tone GG Embossed Horsebit,Cognac & Dark Espresso Brown Two-Tone GG Embossed Horsebit,,9.4,,null
baseline,B14,3,,B14,PG002,DS021,Very light lavender; Pinstripe,T023,Burgundy / blue paisley,shoe-14,"Hermes Loafers — Cognac/Chestnut Kelly Hardware, Dark Espresso Patina","Cognac/Chestnut Kelly Hardware, Dark Espresso Patina",,9.4,,null
baseline,B14,4,,B14,PG003,DS021,Very light lavender; Pinstripe,T023,Burgundy / blue paisley,shoe-14,"Hermes Loafers — Cognac/Chestnut Kelly Hardware, Dark Espresso Patina","Cognac/Chestnut Kelly Hardware, Dark Espresso Patina",,9.4,,null
baseline,B14,5,,B14,PN002,DS022,Darker lavender; Solid,T024,Royal blue / beige-gold paisley,shoe-9,Gucci Loafers — Cognac Horsebit,Cognac Horsebit,,9.4,,null
baseline,B14,6,,B14,PG002,DS022,Darker lavender; Solid,T025,Muted slate-brown / wine paisley,shoe-9,Gucci Loafers — Cognac Horsebit,Cognac Horsebit,,9.4,,null
baseline,B14,7,,B14,PG003,DS024,Pale pink; Solid,T025,Muted slate-brown / wine paisley,shoe-15,Loro Piana Loafers — Brown Suede Penny,Brown Suede Penny,,9.4,,null
baseline,B14,8,,B14,PG001,DS025,Light pink; Solid,T027,Deep purple / pale medallions,shoe-13,Hermes Loafers — Black Kelly Hardware,Black Kelly Hardware,,9.4,,null
baseline,B14,9,,B14,PB001,DS025,Light pink; Solid,T032,Purple / navy-white diagonal stripe,shoe-13,Hermes Loafers — Black Kelly Hardware,Black Kelly Hardware,,9.4,,null
baseline,B14,10,,B14,PG001,DS001,White; Solid,T001,Taupe horsebit,shoe-11,"Gucci Loafers — Dark Espresso Brown/Oxblood Horsebit, Polished Leather","Dark Espresso Brown/Oxblood Horsebit, Polished Leather",,9.3,,null
baseline,B14,11,,B14,PB002,DS005,Cream/off-white; Visually near-solid; subtle windowpane metadata retained,T001,Taupe horsebit,shoe-11,"Gucci Loafers — Dark Espresso Brown/Oxblood Horsebit, Polished Leather","Dark Espresso Brown/Oxblood Horsebit, Polished Leather",,9.3,,null
baseline,B14,12,,B14,PB002,DS008,White; Fine horizontal stripe,T040,Charcoal tonal geometric,shoe-17,Louis Vuitton Loafers — Black Damier,Black Damier,,9.3,,null
baseline,B14,13,,B14,PB003,DS008,White; Fine horizontal stripe,T040,Charcoal tonal geometric,shoe-17,Louis Vuitton Loafers — Black Damier,Black Damier,,9.3,,null
baseline,B14,14,,B14,PB003,DS014,White; Solid,T027,Deep purple / pale medallions,shoe-19,Louis Vuitton Loafers — Black Monogram,Black Monogram,,9.3,,null
baseline,B14,15,,B14,PB004,DS014,White; Solid,T033,Dark navy / blue-gold monogram,shoe-19,Louis Vuitton Loafers — Black Monogram,Black Monogram,,9.3,,null
updated,B14,1,,B14,PN002,DS025,Light pink; Solid,T024,Royal blue / beige-gold paisley,shoe-13,Hermes Loafers — Black Kelly Hardware,Black Kelly Hardware,,9.4,9.104801,"{""decision"":""best_preference_with_confirmed_history_rotation"",""redundancy"":0}"
updated,B14,2,,B14,PG002,DS022,Darker lavender; Solid,T036,Purple / grey ornamental medallions,shoe-13,Hermes Loafers — Black Kelly Hardware,Black Kelly Hardware,,9.3,9.094404,"{""decision"":""visual_variety_within_preference_band"",""redundancy"":0.054,""best_available_preference"":9.101651,""preference_band"":0.2}"
updated,B14,3,,B14,PN002,DS002,Cream/white; Check/grid,NO_TIE,No Tie,shoe-17,Louis Vuitton Loafers — Black Damier,Black Damier,,9.3,9.083943,"{""decision"":""visual_variety_within_preference_band"",""redundancy"":0.042,""best_available_preference"":9.101651,""preference_band"":0.2}"
updated,B14,4,,B14,PG002,DS027,White/light ground; Bengal stripe,T045,Pale pink / blue micro-dot,shoe-17,Louis Vuitton Loafers — Black Damier,Black Damier,,9.2,9.084906,"{""decision"":""visual_variety_within_preference_band"",""redundancy"":0.045,""best_available_preference"":9.097554,""preference_band"":0.2}"
updated,B14,5,,B14,PG003,DS006,Light blue; Solid,T033,Dark navy / blue-gold monogram,shoe-8,Gucci Loafers — Black Horsebit,Black Horsebit,,9.3,9.090804,"{""decision"":""visual_variety_within_preference_band"",""redundancy"":0.066,""best_available_preference"":9.097554,""preference_band"":0.2}"
updated,B14,6,,B14,PG003,DS019,Chestnut/warm mid-brown; Solid,T016,Burgundy-red / silver diagonal stripe,shoe-8,Gucci Loafers — Black Horsebit,Black Horsebit,,9.1,9.072958,"{""decision"":""visual_variety_within_preference_band"",""redundancy"":0.0636,""best_available_preference"":9.097554,""preference_band"":0.2}"
updated,B14,7,,B14,PG001,DS008,White; Fine horizontal stripe,T025,Muted slate-brown / wine paisley,shoe-15,Loro Piana Loafers — Brown Suede Penny,Brown Suede Penny,,9.3,9.08936,"{""decision"":""visual_variety_within_preference_band"",""redundancy"":0.089,""best_available_preference"":9.097179,""preference_band"":0.2}"
updated,B14,8,,B14,PB001,DS005,Cream/off-white; Visually near-solid; subtle windowpane metadata retained,T032,Purple / navy-white diagonal stripe,shoe-15,Loro Piana Loafers — Brown Suede Penny,Brown Suede Penny,,9.2,9.080979,"{""decision"":""visual_variety_within_preference_band"",""redundancy"":0.090857,""best_available_preference"":9.097179,""preference_band"":0.2}"
updated,B14,9,,B14,PG001,DS025,Light pink; Solid,T007,Charcoal / pale-pink diagonal lattice,shoe-11,"Gucci Loafers — Dark Espresso Brown/Oxblood Horsebit, Polished Leather","Dark Espresso Brown/Oxblood Horsebit, Polished Leather",,9.3,9.09047,"{""decision"":""visual_variety_within_preference_band"",""redundancy"":0.1065,""best_available_preference"":9.094929,""preference_band"":0.2}"
updated,B14,10,,B14,PB001,DS024,Pale pink; Solid,T032,Purple / navy-white diagonal stripe,shoe-11,"Gucci Loafers — Dark Espresso Brown/Oxblood Horsebit, Polished Leather","Dark Espresso Brown/Oxblood Horsebit, Polished Leather",,9.3,9.091779,"{""decision"":""visual_variety_within_preference_band"",""redundancy"":0.112667,""best_available_preference"":9.091779,""preference_band"":0.2}"
updated,B14,11,,B14,PB002,DS021,Very light lavender; Pinstripe,T041,Silver / navy monogram,shoe-14,"Hermes Loafers — Cognac/Chestnut Kelly Hardware, Dark Espresso Patina","Cognac/Chestnut Kelly Hardware, Dark Espresso Patina",,9.1,9.065088,"{""decision"":""visual_variety_within_preference_band"",""redundancy"":0.0954,""best_available_preference"":9.078845,""preference_band"":0.2}"
updated,B14,12,,B14,PB002,DS006,Light blue; Solid,T018,Dark brown / slate-blue paisley,shoe-14,"Hermes Loafers — Cognac/Chestnut Kelly Hardware, Dark Espresso Patina","Cognac/Chestnut Kelly Hardware, Dark Espresso Patina",,9.2,9.076033,"{""decision"":""visual_variety_within_preference_band"",""redundancy"":0.109091,""best_available_preference"":9.078845,""preference_band"":0.2}"
updated,B14,13,,B14,PB003,DS027,White/light ground; Bengal stripe,T041,Silver / navy monogram,shoe-9,Gucci Loafers — Cognac Horsebit,Cognac Horsebit,,9.2,9.070318,"{""decision"":""visual_variety_within_preference_band"",""redundancy"":0.10375,""best_available_preference"":9.078845,""preference_band"":0.2}"
updated,B14,14,,B14,PB003,DS014,White; Solid,T010,Near-black / white spaced dots,shoe-9,Gucci Loafers — Cognac Horsebit,Cognac Horsebit,,9.2,9.070597,"{""decision"":""visual_variety_within_preference_band"",""redundancy"":0.110077,""best_available_preference"":9.078845,""preference_band"":0.2}"
updated,B14,15,,B14,PB004,DS008,White; Fine horizontal stripe,T044,Silver-grey tonal floral-paisley,shoe-19,Louis Vuitton Loafers — Black Monogram,Black Monogram,,9.2,9.075681,"{""decision"":""visual_variety_within_preference_band"",""redundancy"":0.125357,""best_available_preference"":9.077908,""preference_band"":0.2}"
